batch,records_seen,mse,mse_moving_avg_100
1,32,13013.872477203471,
2,64,2890.4826089601615,
3,96,2660.4562785466424,
4,128,1721.6023870956092,
5,160,601.8573884454742,
6,192,1476.642920199856,
7,224,638.2047076572463,
8,256,2282.5710587406456,
9,288,1522.817744059332,
10,320,1094.7612551823395,
11,352,802.3036072265031,
12,384,8323.253618202412,
13,416,650.5776106444874,
14,448,1736.8964740268589,
15,480,4686.69287119452,
16,512,1048.8743176729174,
17,544,3493.3928334381562,
18,576,917.2200947535243,
19,608,2396.454298773745,
20,640,1148.2164219981705,
21,672,887.6472281969541,
22,704,583.1497207437924,
23,736,8815.847633359053,
24,768,389.3184862802525,
25,800,2386.416226919537,
26,832,428.7862865244392,
27,864,1653.8065700061238,
28,896,8788.566280814935,
29,928,1311.9914015064478,
30,960,1146.3664359457605,
31,992,1373.3273709040993,
32,1024,670.1295021926719,
33,1056,11712.280864674947,
34,1088,6116.389692786154,
35,1120,875.7442968011457,
36,1152,42310.30619040622,
37,1184,232.42659723224392,
38,1216,346.87817322085596,
39,1248,255.778952771622,
40,1280,4875.098578804728,
41,1312,8692.135776999934,
42,1344,779.752637584735,
43,1376,522.9320230643528,
44,1408,1385.508911886085,
45,1440,946.268249145043,
46,1472,9567.51268328458,
47,1504,717.5187387778078,
48,1536,429.681302569853,
49,1568,783.2899213180997,
50,1600,2434.462350388098,
51,1632,2328.7175156362014,
52,1664,923.4549234207491,
53,1696,619.1924400970389,
54,1728,578.8013718447235,
55,1760,546.7480059620167,
56,1792,1564.172944081315,
57,1824,405.1941726393339,
58,1856,691.5073062076693,
59,1888,531.0820818010038,
60,1920,166.29831678330666,
61,1952,6536.182731738285,
62,1984,960.5844424957502,
63,2016,792.5439916235324,
64,2048,2084.578697339909,
65,2080,2153.0820018430554,
66,2112,2954.0353415869627,
67,2144,1081.2606503780698,
68,2176,1405.3910868952632,
69,2208,605.4355742741128,
70,2240,6532.647441359141,
71,2272,324.1528234184493,
72,2304,439.5858196912263,
73,2336,559.5600985514639,
74,2368,883.4523675729337,
75,2400,5874.944202712869,
76,2432,673.5511713811948,
77,2464,6021.322029918837,
78,2496,1124.868647340128,
79,2528,2935.2143976982757,
80,2560,1204.690217112449,
81,2592,669.4563618055953,
82,2624,5350.7306828865585,
83,2656,3504.133025983121,
84,2688,594.0575467120311,
85,2720,4640.898471321453,
86,2752,348.15184990086783,
87,2784,2599.375611824272,
88,2816,3708.1905509398525,
89,2848,896.1151502644501,
90,2880,3899.946320321553,
91,2912,1350.493804967711,
92,2944,993.9067316753253,
93,2976,2226.7250935386414,
94,3008,21306.272652096995,
95,3040,353.88508164526246,
96,3072,1044.9003360301233,
97,3104,268.2261273704782,
98,3136,600.0493778329189,
99,3168,481.8871729611494,
100,3200,235.5105078814426,2831.016353304977
101,3232,989.6284568438859,2710.7739131013814
102,3264,230.71626097653785,2684.176249621545
103,3296,742.8754311536826,2665.0004411476157
104,3328,808.373370830701,2655.8681509849666
105,3360,66.88980405383587,2650.51847514105
106,3392,1208.155893428783,2647.8336048733395
107,3424,1851.2095118970828,2659.963652915738
108,3456,641.2289326810078,2643.5502316551415
109,3488,2966.993064035778,2657.991984854906
110,3520,881.9690820297934,2655.8640631233807
111,3552,2346.036390451585,2671.301390955631
112,3584,2105.937027817513,2609.128225051783
113,3616,352.5942697856934,2606.1483916431944
114,3648,8122.274445503301,2670.0021713579586
115,3680,328.48108544036415,2626.420053500417
116,3712,1541.0166080959982,2631.341476404648
117,3744,587.4312539427092,2602.281860609694
118,3776,1333.5062869579024,2606.444722531737
119,3808,12808.074907346388,2710.5609286174636
120,3840,545.7358420223601,2704.536122817705
121,3872,567.9362496573049,2701.3390130323082
122,3904,775.0194946534634,2703.257710771405
123,3936,4687.319091089923,2661.9724253487143
124,3968,873.9205310234943,2666.8184457961465
125,4000,2631.534548813243,2669.2696290150834
126,4032,497.8568153047824,2669.9603343028875
127,4064,1586.7032135061686,2669.289300737888
128,4096,2974.195512842558,2611.1455930581646
129,4128,603.2125243124187,2604.057804286224
130,4160,563.5109649520364,2598.2292495762863
131,4192,1824.6328867377042,2602.7423047346224
132,4224,1437.8649738512177,2610.419659451208
133,4256,1277.6750419101488,2506.07360122356
134,4288,9080.784649596731,2535.717550791666
135,4320,726.959954377643,2534.229707367431
136,4352,170.81063823395428,2112.8347518457076
137,4384,277.0017926627722,2113.280503800013
138,4416,1493.1708933941593,2124.743431001746
139,4448,946.488591453979,2131.6505273885696
140,4480,379.92035779858776,2086.6987451785085
141,4512,732.0762046567758,2007.098149455077
142,4544,1793.6040282573329,2017.2366633618028
143,4576,270.36940482958084,2014.7110371794552
144,4608,109.88083392578301,2001.9547563998522
145,4640,1229.0914794765072,2004.7829887031667
146,4672,1636.1163179657974,1925.4690250499789
147,4704,253.81486635690374,1920.83198632577
148,4736,208.74252071680849,1918.6225985072394
149,4768,2965.3769137670333,1940.4434684317287
150,4800,1087.9991843235512,1926.9788367710833
151,4832,983.78746897033,1913.5295363044245
152,4864,682.9490698604493,1911.1244777688216
153,4896,28853.17061497784,2193.4642595176297
154,4928,633.6925587084063,2194.0131713862665
155,4960,901.0686355046575,2197.556377681693
156,4992,1618.4791198147486,2198.0994394390277
157,5024,485.78954718691267,2198.9053931845033
158,5056,5801.919357495801,2250.009513697385
159,5088,319.96348285227293,2247.8983277078974
160,5120,1785.9466346832507,2264.0948108868965
161,5152,453.1088497304868,2203.264072066819
162,5184,2187.625143815775,2215.5344790800195
163,5216,1070.5866985272316,2218.3149061490562
164,5248,428.1583799446946,2201.750702975104
165,5280,458.45218905592037,2184.8044048472325
166,5312,358.60795113554667,2158.850130942718
167,5344,449.6935822757135,2152.5344602616947
168,5376,322.89352188907264,2141.7094846116324
169,5408,249.92726978599347,2138.1544015667514
170,5440,175.3716626949539,2074.5816437801095
171,5472,468.33535428688356,2076.0234690887937
172,5504,496.48707428479247,2076.592481634729
173,5536,4274.960036704136,2113.746481016256
174,5568,902.3370221292357,2113.935327561819
175,5600,1547.6670511183875,2070.6625560458747
176,5632,1066.8637261813954,2074.595681593876
177,5664,2380.6302862894804,2038.1887641575827
178,5696,889.785407269298,2035.8379317568745
179,5728,707.0681192672378,2013.5564689725643
180,5760,453.56812620984704,2006.0452480635383
181,5792,300.3108310815696,2002.3537927562977
182,5824,6299.917509281628,2011.8456610202486
183,5856,1023.6202063719751,1987.040532824137
184,5888,294.7268517345031,1984.0472258743619
185,5920,649.5271129698036,1944.1335122908454
186,5952,1117.6527050586185,1951.828520842423
187,5984,595.7086573471203,1931.7918512976514
188,6016,1603.4300621177927,1910.7442464094308
189,6048,1316.4914753287544,1914.948009660074
190,6080,157.05982914116248,1877.51914474827
191,6112,194.76830261627848,1865.9618897247556
192,6144,1421.2442330181486,1870.2352647381838
193,6176,812.1527704344971,1856.0895415071425
194,6208,516.2441663165773,1648.1892566493384
195,6240,3650.273797371682,1681.1531438066024
196,6272,356.99655424994563,1674.2741059888006
197,6304,515.3405251807824,1676.7452499669034
198,6336,985.7368160639303,1680.6021243492137
199,6368,139.5276079234856,1677.178528698837
200,6400,967.9191426883738,1684.5026150469064
201,6432,265.5415584059248,1677.261746062527
202,6464,2551.338228447297,1700.4679657372346
203,6496,1205.309000263257,1705.0923014283303
204,6528,1337.2156124940689,1710.380723844964
205,6560,494.0265468346052,1714.6520912727715
206,6592,892.1134916649665,1711.4916672551335
207,6624,456.627004930073,1697.5458421854635
208,6656,148.8451493106895,1692.62200435176
209,6688,6597.751616909962,1728.929589880502
210,6720,777.8144839417625,1727.8880438996216
211,6752,249.10476200038357,1706.9187276151094
212,6784,10042.393446159878,1786.2832917985331
213,6816,568.7938903110672,1788.445288003787
214,6848,635.0023841005487,1713.5725673897596
215,6880,1635.2354087348738,1726.6401106227045
216,6912,275.2882363733238,1713.9828269054779
217,6944,1074.1147821641898,1718.8496621876925
218,6976,870.0593272291502,1714.2151925904052
219,7008,39373.215893050656,1979.8666024474478
220,7040,308.9889178513519,1977.4991332057375
221,7072,3057.586413350726,2002.3956348426718
222,7104,222.3946396087729,1996.869386292225
223,7136,1866.5699928573995,1968.6618953098998
224,7168,1080.7092579334394,1970.7297825789994
225,7200,749.0770628063739,1951.9052077189308
226,7232,544.7370948899628,1952.3740105147826
227,7264,248.013668900306,1938.987115068724
228,7296,882.9623857718168,1918.0747837980164
229,7328,521.5543852949475,1917.2582024078413
230,7360,1245.9598562378517,1924.0826913206995
231,7392,1265.1236570526212,1918.4875990238488
232,7424,840.897398312071,1912.5179232684573
233,7456,260.71411448648655,1902.348313994221
234,7488,797.2161072486407,1819.51262857074
235,7520,777.3070986249434,1820.0161000132132
236,7552,978.7340093491716,1828.0953337243654
237,7584,508.6104246570069,1830.4114200443075
238,7616,1257.6458186934062,1828.0561692973001
239,7648,229.77742947198809,1820.88905767748
240,7680,3563.3574199205373,1852.7234282986997
241,7712,1017.1425718270884,1855.5740919704026
242,7744,291.86516174725676,1840.5567033053019
243,7776,2807.963877591331,1865.9326480329194
244,7808,511.179359909851,1869.94563329276
245,7840,2693.4481309302832,1884.5891998072977
246,7872,682.605292924726,1875.054089556887
247,7904,911.7243404976228,1881.6331842982943
248,7936,898.0982310448743,1888.526741401575
249,7968,500.4339539769222,1863.877311803674
250,8000,291.9217423401568,1855.91653738384
251,8032,569.855581436379,1851.7772185085005
252,8064,271.15955894282786,1847.6593233993242
253,8096,148.79725130877307,1560.6155897626334
254,8128,1921.3527335846904,1573.4921915113962
255,8160,4231.130164083741,1606.7928067971873
256,8192,910.9205587415737,1599.7172211864554
257,8224,3012.353219358457,1624.9828579081711
258,8256,130.9478567674816,1568.273142900888
259,8288,1985.6644741650289,1584.9301528140154
260,8320,586.3485175968675,1572.9341716431518
261,8352,3239.6603079440906,1600.7996862252876
262,8384,400.1099310289488,1582.9245340974192
263,8416,423.67210626699796,1576.4553881748168
264,8448,344.4014689344872,1575.6178190647147
265,8480,324.77099322949704,1574.2810071064505
266,8512,97.70054837361953,1571.6719330788314
267,8544,2565.3995024600736,1592.8289922806748
268,8576,275.1101378403877,1592.351158440188
269,8608,1269.5170097566122,1602.5470558398943
270,8640,1507.0763791077857,1615.8641030040228
271,8672,198.07514310152752,1613.161500892169
272,8704,802.9564307340154,1616.2261944566612
273,8736,1954.8926050442797,1593.0255201400626
274,8768,187.7032802495708,1585.879182721266
275,8800,324.9146680683788,1573.651658890766
276,8832,146.57477635310437,1564.448769392483
277,8864,121.86864579437521,1541.8611529875318
278,8896,1733.2990829969715,1550.2962897448085
279,8928,254.56693590440128,1545.77127791118
280,8960,1275.0538577764628,1553.9861352268463
281,8992,210.05826867101263,1553.083609602741
282,9024,332.9970294289718,1493.4144048042144
283,9056,4050.8423148727607,1523.6866258892223
284,9088,2132.785362490764,1542.067210996785
285,9120,412.40911824373273,1539.6960310495242
286,9152,445.45893123473496,1532.974093311285
287,9184,259.06520804116144,1529.6076588182254
288,9216,876.7606007841854,1522.3409642048894
289,9248,365.7960247916915,1512.834009699519
290,9280,1119.5966854293151,1522.4593782624006
291,9312,302.7332739660074,1523.5390279758976
292,9344,2434.631478827038,1533.6729004339866
293,9376,107633.08093856269,2601.8821821152687
294,9408,326.29943591249935,2599.982734811228
295,9440,628.28179034306,2569.7628147409414
296,9472,2086.475143879172,2587.057600637234
297,9504,240.68671212215784,2584.3110625066474
298,9536,411.45391823432635,2578.568233528352
299,9568,1229.7074259309234,2589.4700317084266
300,9600,995.1909117987346,2589.74274939953
301,9632,326.90365224399716,2590.3563703379104
302,9664,10510.464911014835,2669.9476371635856
303,9696,2707.909149131923,2684.973638652272
304,9728,975.1251181987762,2681.352733709319
305,9760,589.6919859659349,2682.3093881006325
306,9792,6161.962063665943,2735.007873820642
307,9824,795.948333963823,2738.40108711098
308,9856,684.0828284076122,2743.753463901949
309,9888,261.31785164629656,2680.3891262493125
310,9920,815.3139235597756,2680.7641206454928
311,9952,1364.7932081424763,2691.9210051069135
312,9984,296.1935196035091,2594.4590058413496
313,10016,611.7124550486624,2594.8881914887256
314,10048,147.87744292023052,2590.0169420769225
315,10080,5910.152358320839,2632.7661115727824
316,10112,158.62811974172547,2631.5995104064664
317,10144,1575.8544598236067,2636.6169071830604
318,10176,272.38767597875994,2630.640190670556
319,10208,1162.8109949326447,2248.536141689376
320,10240,456.8668591101378,2250.0149211019643
321,10272,957.3383418136516,2229.0124403865934
322,10304,566.9399942176844,2232.4578939326825
323,10336,3740.328634376969,2251.1954803478784
324,10368,377.5241926895111,2244.163629695439
325,10400,772.8795522293082,2244.4016545896684
326,10432,849.5835926668116,2247.450119567437
327,10464,513.304735514696,2250.1030302335807
328,10496,694.980955940889,2248.223215935272
329,10528,521.0642501588903,2248.2183145839117
330,10560,536.1665150800641,2241.120381172334
331,10592,399.48915452391924,2232.4640361470465
332,10624,848.7103501828932,2232.5421656657545
333,10656,850.2449262634999,2238.4374737835246
334,10688,1986.4380489378768,2250.329693200417
335,10720,834.889888693557,2250.905521101103
336,10752,293.92560000496576,2244.057437007661
337,10784,222.08630221108206,2241.192195783202
338,10816,200.73970185639675,2230.623134614832
339,10848,18152.197467654027,2409.8473349966516
340,10880,439.87462605092077,2378.6125070579556
341,10912,1105.6099321974311,2379.497180661659
342,10944,3275.153053200903,2409.3300595761957
343,10976,527.2539216862532,2386.522960017145
344,11008,1362.0561794615382,2395.031728212662
345,11040,2315.9000946575857,2391.2562478499344
346,11072,454.76835545354686,2388.977878475223
347,11104,4813.982951716012,2428.000464587407
348,11136,10950.78397838966,2528.5273220608547
349,11168,694.6387123545667,2530.469369644631
350,11200,1421.7942454483182,2541.7680946757127
351,11232,1395.7926263143468,2550.0274651244927
352,11264,1261.7547350834957,2559.9334168858995
353,11296,995.7263574095938,2568.402707946908
354,11328,351.9034192130343,2552.708214803191
355,11360,374.4106500631364,2514.141019662985
356,11392,422.14504359845665,2509.253264511554
357,11424,205.875674842201,2481.1884890663914
358,11456,1490.1615418595884,2494.7806259173126
359,11488,3207.490637509312,2506.998887550755
360,11520,443.46254864825636,2505.5700278612694
361,11552,1059.4936822850768,2483.768361604679
362,11584,1253.4529514236074,2492.3017918086252
363,11616,315.7224875781474,2491.222295621737
364,11648,644.1253530321886,2494.2195344627135
365,11680,619.7770678899379,2497.169595209318
366,11712,499.4003998131204,2501.186593723713
367,11744,2102.113927755786,2496.5537379766697
368,11776,272.2960966857801,2496.5255975651244
369,11808,15286.24844911124,2636.6929119586703
370,11840,483.46084945148374,2626.456756662107
371,11872,739.4700154688112,2631.87070538578
372,11904,558.0273241564036,2629.421414320004
373,11936,311.67114845806867,2612.9891997541417
374,11968,495.0298173477356,2616.0624651251233
375,12000,150.11767597865057,2614.3144952042267
376,12032,1788.334826375442,2630.7320957044494
377,12064,1378.9868102085666,2643.3032773485916
378,12096,229.98983669777348,2628.2701848855995
379,12128,1619.492203764046,2641.919437564196
380,12160,5231.536687202798,2681.4842658584594
381,12192,6729.212407802407,2746.6758072497737
382,12224,241.14288356898084,2745.7572657911737
383,12256,837.3369610027498,2713.6222122524737
384,12288,1218.9098861183577,2704.4834574887495
385,12320,180.9437010835594,2702.168803317148
386,12352,1446.1697475424382,2712.175911480225
387,12384,1040.486589779098,2719.9901252976038
388,12416,317.2444518599301,2714.3949638083614
389,12448,991.1829664667066,2720.6488332251115
390,12480,779.5788324301219,2717.2486546951195
391,12512,2197.256571408815,2736.1938876695476
392,12544,603.9259917887439,2717.886832799165
393,12576,333.55957699049515,1644.8916191834433
394,12608,296.70218910045185,1644.5956467153228
395,12640,6757.4996375536375,1705.8878251874285
396,12672,190.6359643140874,1686.9294333917776
397,12704,111.28086817987811,1685.6353749523546
398,12736,1611.6765685317719,1697.637601455329
399,12768,11353.670920185179,1798.877236397872
400,12800,779.7402174545862,1796.7227294544302
401,12832,10083.022298570566,1894.2839159176958
402,12864,698.85189650393,1796.1677857725867
403,12896,394.81404886747885,1773.0368347699423
404,12928,287.0064375000364,1766.155647962955
405,12960,407.31214983331864,1764.3318496016288
406,12992,1431.1660769877542,1717.0238897348472
407,13024,723.1800181015565,1716.2962065762244
408,13056,810.2309469626464,1717.557687761775
409,13088,194.8362683284816,1716.8928719285966
410,13120,1703.1322735498907,1725.7710554284977
411,13152,1953.7232727910118,1731.660356074983
412,13184,429.44171672593336,1732.9928380462072
413,13216,447.39708487770736,1731.3496843444977
414,13248,541.2689652145871,1735.2835995674413
415,13280,1148.7897413392363,1687.6699733976254
416,13312,1426.7869844331935,1700.35156204454
417,13344,382.3065561365574,1688.4160830076696
418,13376,2338.300949392987,1709.075215741812
419,13408,1440.5113815825516,1711.8522196083109
420,13440,1241.5505567000894,1719.6990565842104
421,13472,185.53546920005078,1711.9810278580742
422,13504,22799.05330806858,1934.302160996583
423,13536,251.57517955420784,1899.4146264483556
424,13568,663.1383489333616,1902.270768010794
425,13600,1516.851174869827,1909.710484237199
426,13632,250.41092652083094,1903.7187575757393
427,13664,165.64785080049856,1900.2421887285975
428,13696,3053.6116650332315,1923.8284958195209
429,13728,795.2872303695449,1926.5707256216274
430,13760,164.69288079350235,1922.8559892787616
431,13792,683.6445204813118,1925.6975429383358
432,13824,719.6712546670519,1924.4071519831775
433,13856,682.6331232163557,1922.731033952706
434,13888,644.1148495887912,1909.307801959215
435,13920,201.2662157069946,1902.9715652293498
436,13952,314.9857131909257,1903.1821663612093
437,13984,473.67217687736246,1905.6980251078721
438,14016,1172.5593404175174,1915.4162214934834
439,14048,483.2096484858509,1738.7263433018015
440,14080,391.48438064302115,1738.2424408477223
441,14112,271.29501119554624,1729.8992916377035
442,14144,289.8554006872537,1700.0463151125668
443,14176,761.8028661582749,1702.3918045572868
444,14208,107.3208304332003,1689.8444510670038
445,14240,3302.297937648324,1699.7084294969109
446,14272,564.1956054596212,1700.8027019969718
447,14304,726.48967611633,1659.927769240975
448,14336,633.5768674960943,1556.7556981320395
449,14368,140.36865965341488,1551.2129976050278
450,14400,742.3524056729723,1544.4185792072744
451,14432,6077.318110027208,1591.233834044403
452,14464,852.0262949302112,1587.1365496428702
453,14496,430.6230091045298,1581.4855161598198
454,14528,368.98090649895164,1581.6562910326788
455,14560,2356.0865757660613,1601.4730502897082
456,14592,602.8383103910837,1603.2799829576343
457,14624,291.50854301029926,1604.1363116393154
458,14656,907.7203052065676,1598.3118992727852
459,14688,1238.3251562349055,1578.6202444600408
460,14720,481.11129816420004,1578.9967319552004
461,14752,170.96454818008826,1570.1114406141503
462,14784,962.84390950572,1567.2053501949715
463,14816,387.36496080953424,1567.9217749272857
464,14848,1220.7868591202268,1573.688389988166
465,14880,122.02447242726055,1568.710864033539
466,14912,1151.482456222483,1575.2316845976327
467,14944,934.2474798477612,1563.5530201185527
468,14976,124.26508882303085,1562.0727100399254
469,15008,511.75770097020546,1414.327802558515
470,15040,417.2560357005648,1413.6657544210057
471,15072,1641.587001958991,1422.6869242859075
472,15104,351.3322082273948,1420.6199731266174
473,15136,118.69493837087543,1418.6902110257454
474,15168,266.95810491638287,1416.4094939014315
475,15200,652.0930965250506,1421.4292481068958
476,15232,349.1405535946879,1407.037305379088
477,15264,574.3288216441664,1398.990725493444
478,15296,340.13607423801693,1400.0921878688464
479,15328,2123.9132495211416,1405.1363983264173
480,15360,8725.345671668409,1440.0744881710734
481,15392,248.698654411506,1375.2693506371645
482,15424,212.74433265123213,1374.985365127987
483,15456,244.70807426144532,1369.0590762605739
484,15488,118.186259290499,1358.0518399922953
485,15520,50.198605815787,1356.7443890396175
486,15552,274.40111707732564,1345.0267027349666
487,15584,1606.438646977663,1350.6862233069523
488,15616,2306.0342179411196,1370.5741209677642
489,15648,5681.350867408907,1417.4757999771862
490,15680,368.56870384620476,1413.365698691347
491,15712,877.1871785875674,1400.1650047631344
492,15744,169.4557515362874,1395.82030236061
493,15776,486.0404031489303,1397.3451106221944
494,15808,961.489578647211,1403.992984517662
495,15840,327.3297317088239,1339.691285459214
496,15872,469.56924054993726,1342.4806182215723
497,15904,2591.2813670058204,1367.280623209832
498,15936,1046.6910581281813,1361.630768105796
499,15968,757.9750127134045,1255.6738090310782
500,16000,309.82836914784383,1250.9746905480108
501,16032,2215.5017425973942,1172.299484988279
502,16064,1128.565782748556,1176.5966238507253
503,16096,562.5838252366699,1178.2743216144172
504,16128,386.7722062648095,1179.271979302065
505,16160,1669.8651849487546,1191.8975096532192
506,16192,590.1790544031899,1183.4876394273736
507,16224,4045.7577282587604,1216.7134165289456
508,16256,1034.0334121571586,1218.951441180891
509,16288,569.5574599790729,1222.6986530973968
510,16320,8077.037571472469,1286.4377060766226
511,16352,2559.814737271439,1292.4986207214267
512,16384,578.1319881636795,1293.9855234358042
513,16416,631.446585173166,1295.8260184387589
514,16448,19094.49587519966,1481.3582875386096
515,16480,162.0082159946114,1471.4904722851634
516,16512,1157.6261272678134,1468.7988637135095
517,16544,149.65704823513065,1466.472368634495
518,16576,233.55912909988587,1445.424950431564
519,16608,2368.097148289826,1454.7008080986366
520,16640,538.9478575586935,1447.6747811072228
521,16672,1042.5395146247417,1456.2448215614697
522,16704,499.6278721967715,1233.2505672027517
523,16736,2562.5706261500104,1256.3605216687097
524,16768,1824.5447191471417,1267.9745853708475
525,16800,6931.473460600826,1322.1208082281573
526,16832,21915.490769341177,1538.7716066563607
527,16864,527.7332850427676,1542.3924609987835
528,16896,263.0332671218937,1514.4866770196702
529,16928,2432.7477590878043,1530.861282306853
530,16960,1755.9247267545725,1546.7736007664637
531,16992,23954.565789854467,1779.4828134601953
532,17024,1029.61475918805,1782.5822485054055
533,17056,769.9553015864976,1783.4554702891069
534,17088,490.6331296087974,1781.9206530893066
535,17120,295.3859428076923,1782.8618503603134
536,17152,429.0901963757344,1784.0028951921615
537,17184,273.76784377467726,1782.003851861135
538,17216,582.5705363412674,1776.1039638203724
539,17248,769.7884731716595,1778.9697520672305
540,17280,569.8417812917692,1780.7533260737182
541,17312,664.469219546034,1784.6850681572228
542,17344,14735.010566100433,1929.1366198113549
543,17376,325.876729816355,1924.7773584479355
544,17408,238.3206006613424,1926.0873561502167
545,17440,449.4484763739499,1897.5588615374731
546,17472,1356.5143480561342,1905.4820489634383
547,17504,1226.8722628883158,1910.485874831158
548,17536,1052.9433669785785,1914.679539825983
549,17568,1521.8554139752105,1928.4944073692006
550,17600,1523.9145488859285,1936.3100288013302
551,17632,2079.035332585104,1896.3272010269095
552,17664,3120.537153002661,1919.0123096076343
553,17696,1053.2353167045453,1925.238432683634
554,17728,193.4463062632649,1923.4830866812772
555,17760,652.5071008633437,1906.4472919322498
556,17792,697.870476219765,1907.3976135905368
557,17824,24515.55577505618,2149.6380859109954
558,17856,796.1119423449188,2148.5220022823787
559,17888,100.30252730605696,2137.1417759930905
560,17920,1779.5643744711115,2150.1263067561595
561,17952,123.75781850741666,2149.6542394594326
562,17984,701.0482661860452,2147.036283026236
563,18016,409.8524881198324,2147.261158299339
564,18048,308.24037500747687,2138.135693458212
565,18080,714.2694180619669,2144.058142914559
566,18112,8709.509239053996,2219.6384107428744
567,18144,518.2755476031357,2215.4786914204274
568,18176,150.55799642603984,2215.7416204964575
569,18208,294.85482890889125,2213.5725917758446
570,18240,638.3188655201571,2215.783220074041
571,18272,19568.10825145038,2395.048432568955
572,18304,2984.934478708002,2421.384455273761
573,18336,2965.1171643784896,2449.848677533837
574,18368,259.07172477611607,2449.769813732434
575,18400,231.18343420531366,2445.560717109237
576,18432,1178.5251429323218,2453.8545630026133
577,18464,305.01543454711333,2451.1614291316423
578,18496,278.03015260547784,2450.540369915317
579,18528,337.57879244062116,2432.6770253445115
580,18560,187.01444219800055,2347.293713049808
581,18592,1082.293361199701,2355.62966011769
582,18624,1848.309181504929,2371.9853086062267
583,18656,2031.1752043988947,2389.8499799076017
584,18688,1575.0893184724648,2404.4190104994213
585,18720,240.8448387791448,2406.3254728290544
586,18752,241.59399496278027,2405.9974016079095
587,18784,1485.0363214864592,2404.7833783529973
588,18816,178.8386040245438,2383.511422213831
589,18848,752.9084429548668,2334.226997969291
590,18880,405.5150260015111,2334.596461190844
591,18912,469.2780958324061,2330.5173703632922
592,18944,172.97156837803692,2330.5525285317094
593,18976,387.4662002037409,2329.566786502258
594,19008,872.0099010022714,2328.6719897258085
595,19040,423.7447870286094,2329.636140279006
596,19072,1323.2970933105332,2338.173418806612
597,19104,497.58943750296805,2317.2364995115836
598,19136,11911.110894853497,2425.8806978788366
599,19168,2703.604730693195,2445.336995058635
600,19200,475.52687797918077,2446.993980146948
601,19232,533.4933120679462,2430.173895841654
602,19264,613.3403354403251,2425.021641368571
603,19296,413.9078139483539,2423.534881255688
604,19328,1158.2778774307449,2431.2499379673473
605,19360,331.5985381077116,2417.867271498937
606,19392,271.6124336884385,2414.6816052917898
607,19424,528.6992568317166,2379.511020577519
608,19456,863.2555492666526,2377.8032419486144
609,19488,892.6405805215898,2381.0340731540396
610,19520,1556.3491820972151,2315.8271892602866
611,19552,645.4004097266616,2296.683045984839
612,19584,1975.2200647195334,2310.6539267503977
613,19616,1771.647998183186,2322.0559408804975
614,19648,468.1747359371198,2135.7927294878723
615,19680,366.8745444266802,2137.8413927721926
616,19712,656.25851684057,2132.8277166679204
617,19744,1234.5201496961113,2143.6763476825304
618,19776,131.51636522480166,2142.6559200437796
619,19808,398.15471887388935,2122.956495749621
620,19840,352.3782591888155,2121.090799765922
621,19872,1674.5227337545527,2127.4106319572197
622,19904,876.3100260626762,2131.1774534958786
623,19936,439.1979972939567,2109.9437272073183
624,19968,594.4602425984913,2097.642882441832
625,20000,328.75843001328553,2031.6157321359563
626,20032,1809.918559215005,1830.5600100346946
627,20064,919.3174100643294,1834.4758512849098
628,20096,419.8398061088643,1836.0439166747797
629,20128,785.6327258680186,1819.5727663425819
630,20160,644.5589075753456,1808.45910815079
631,20192,2288.8097974488433,1591.8015482267335
632,20224,789.1746863170566,1589.3971474980235
633,20256,563.1730147440371,1587.329324629599
634,20288,370.37069606236076,1586.1267002941343
635,20320,268.6045580026662,1585.8588864460842
636,20352,292.4180875412883,1584.4921653577399
637,20384,915.2295772285048,1590.906782692278
638,20416,2647.791119163554,1611.5589885205009
639,20448,1619.545564323204,1620.0565594320162
640,20480,833.0264858338876,1622.6884064774376
641,20512,121.17102931748373,1617.2554245751521
642,20544,130.85757123805894,1471.2138946265284
643,20576,47.58149943316448,1468.4309423226964
644,20608,125.71966239863582,1467.3049329400692
645,20640,777.2729816007692,1470.5831779923374
646,20672,2138.0790979630724,1478.398825491407
647,20704,183.93572576989803,1467.969460120223
648,20736,658.8834576802888,1464.02886102724
649,20768,73.09160341661793,1449.541222921654
650,20800,164.61080826680924,1435.9481855154625
651,20832,1264.2951883712146,1427.8007840733235
652,20864,14634.957677660306,1542.9449893199
653,20896,1576.0110147974574,1548.1727463008292
654,20928,574.9986653300308,1551.9882698914969
655,20960,486.17296120465414,1550.3249284949102
656,20992,7246.5736958251455,1615.811960690964
657,21024,626.307372986752,1376.9194766702697
658,21056,645.1405836706475,1375.4097630835267
659,21088,491.221514107729,1379.3189529515437
660,21120,404.691502371923,1365.570224230552
661,21152,1004.4616189451691,1374.3772622349293
662,21184,139.81031921931077,1368.764882765262
663,21216,1194.3868758118533,1376.6102266421824
664,21248,6821.988633324741,1441.7477092253548
665,21280,559.1560993180128,1440.196576037915
666,21312,311.9297670014293,1356.2207813173893
667,21344,579.8875198929825,1356.836901040288
668,21376,121.24341299264874,1356.5437552059543
669,21408,625.0953369526637,1359.846160286392
670,21440,297.50733170409444,1356.4380449482314
671,21472,178.09627124574317,1162.537925146185
672,21504,630.4231511154113,1138.9928118702592
673,21536,230.14129328486572,1111.643053159323
674,21568,1882.2116900978751,1127.8744528125403
675,21600,822.9138165313169,1133.7917566358003
676,21632,1159.087562581988,1133.5973808322972
677,21664,849.1044976464423,1139.0382714632906
678,21696,1050.879325349777,1146.7667631907332
679,21728,854.8019640160567,1151.9389949064876
680,21760,741.267560971704,1157.4815260942246
681,21792,2899.606344566502,1175.6546559278927
682,21824,1116.4453457402037,1168.3360175702455
683,21856,436.6156452338531,1152.3904219785952
684,21888,471.6360038739257,1141.35588883261
685,21920,320.8925775881258,1142.1563662206995
686,21952,733.8180129089392,1147.078606400161
687,21984,869.4745844350462,1140.922989029647
688,22016,126.01071128182942,1140.39471010222
689,22048,261.0627789734259,1135.4762534624056
690,22080,368.7086603127889,1135.1081898055184
691,22112,21167.545011722927,1342.0908589644234
692,22144,411.44728649816665,1344.4756161456248
693,22176,189.5129008789972,1342.4960831523774
694,22208,6877.420440853512,1402.5501885508897
695,22240,1211.768617952681,1410.4304268601304
696,22272,405.236646417744,1401.2498223912023
697,22304,445.79852979334044,1400.7319133141061
698,22336,1579.34742975928,1297.414278663164
699,22368,257.5099700773752,1272.9533310570057
700,22400,573.9081855697136,1273.9371441329113
701,22432,1712.3408033781113,1285.725619046013
702,22464,394.7901669505569,1283.5401173611153
703,22496,481.8419008200824,1284.2194582298325
704,22528,402.7076932505332,1276.6637563880302
705,22560,360.24039324167757,1276.95017493937
706,22592,169.91451051022474,1275.9331957075879
707,22624,148.7965133843738,1272.1341682731143
708,22656,1121.568112754291,1274.7172939079908
709,22688,1434.4086509662302,1280.1349746124372
710,22720,204.36720403514786,1266.6151548318167
711,22752,222.21326354149198,1262.3832833699648
712,22784,808.3920776933943,1250.7150034997032
713,22816,882.3994932066781,1241.8225184499386
714,22848,346.4662389042542,1240.6054334796097
715,22880,9312.463317324862,1330.0613212085916
716,22912,8779.320797266148,1411.2919440128476
717,22944,138.7319529192622,1400.334062045079
718,22976,481.9787139203943,1403.838685532035
719,23008,173.8746920084089,1401.59588526338
720,23040,1338.3519777352135,1411.455622448844
721,23072,149.23569340314603,1396.20275204533
722,23104,739.3091671166374,1394.8327434558696
723,23136,169.14442410726446,1392.1322077240022
724,23168,226.54915397667716,1388.4530968377842
725,23200,114.6276811673267,1386.3117893493247
726,23232,333.2142667053707,1371.5447464242284
727,23264,163.43369426533076,1363.9859092662384
728,23296,167.65508183398987,1361.4640620234895
729,23328,178.18003045677747,1355.3895350693772
730,23360,13332.242426690666,1482.2663702605305
731,23392,953.2591724019431,1468.9108640100615
732,23424,283.51247088725233,1463.8542418557636
733,23456,196.73750658462285,1460.1898867741695
734,23488,620.1036329786341,1462.6872161433323
735,23520,674.5976823474358,1466.74714738678
736,23552,169.99849972366923,1465.5229515086037
737,23584,2444.8297856936592,1480.8189535932552
738,23616,297.89908330920434,1457.3200332347117
739,23648,233.2270439533457,1443.456848031013
740,23680,532.7845596410293,1440.4544287690842
741,23712,913.5368361571763,1448.3780868374813
742,23744,315.072979938715,1450.2202409244878
743,23776,1207.9559446668814,1461.823985376825
744,23808,895.2997150529527,1469.5197859033683
745,23840,1220.0802150487366,1473.9478582378479
746,23872,493.56968538055173,1457.5027641120225
747,23904,123.35345510348283,1456.8969414053586
748,23936,881.7817067329808,1459.1259238958853
749,23968,152.12706328473715,1459.9162784945665
750,24000,289.9271614392245,1461.1694420262909
751,24032,1078.3640000244786,1459.3101301428235
752,24064,1976.6492996962854,1332.7270463631833
753,24096,2819.871869040163,1345.1656549056104
754,24128,1157.3511210527286,1350.9891794628372
755,24160,88.73443150227696,1347.0147941658136
756,24192,446.04685572884625,1279.0095257648509
757,24224,699.3198747411413,1279.7396507823948
758,24256,342.52495593743845,1276.7134945050625
759,24288,858.484225935294,1280.386121623338
760,24320,244.7891117772927,1278.7870977173918
761,24352,934.6571141402612,1278.0890526693427
762,24384,232.77321086435936,1279.018681585793
763,24416,862.4022403249484,1275.698835230924
764,24448,146.32670917030995,1208.9422159893797
765,24480,2630.614845842472,1229.6568034546244
766,24512,520.5834301204449,1231.7433400858147
767,24544,179.81028754001184,1227.7425677622848
768,24576,3823.335277525225,1264.7634864076108
769,24608,8032.290142570464,1338.8354344637887
770,24640,5305.396287833818,1388.914324025086
771,24672,1400.0866179771472,1401.1342274924
772,24704,564.453783165029,1400.474533812896
773,24736,3025.046899040405,1428.4235898704512
774,24768,1042.4446769642846,1420.0259197391154
775,24800,634.9980907222257,1418.1467624810246
776,24832,1086.976516940497,1417.4256520246095
777,24864,1760.1293241472897,1426.535900289618
778,24896,390.05491566385894,1419.9276561927588
779,24928,646.2327117815709,1417.841963670414
780,24960,3213.8429974081296,1442.5677180347782
781,24992,118.14620053739563,1414.7531165944872
782,25024,859.5953675787908,1412.1846168128732
783,25056,23666.41141032531,1644.4825744637876
784,25088,3280.9285670550325,1672.575500095599
785,25120,3917.4553304626706,1708.5411276243442
786,25152,248.61823023541905,1703.6891297976088
787,25184,448.9778914427567,1699.4841628676859
788,25216,653.5306115885684,1704.7593618707533
789,25248,401.145363545767,1706.160187716477
790,25280,406.2114349657492,1706.5352154630066
791,25312,1252.2909025799945,1507.3826743715774
792,25344,2431.0086341970928,1527.5782878485663
793,25376,279.30018758066217,1528.476160715583
794,25408,721.261491330918,1466.9145712203572
795,25440,187.8084871853528,1456.6749699126838
796,25472,2176.0025086904852,1474.3826285354112
797,25504,271.0074506822401,1472.6347177443004
798,25536,592.6204916533336,1462.7674483632406
799,25568,1556.6452718665648,1475.7588013811326
800,25600,346.03088267555097,1473.4800283521909
801,25632,1748.5342893112195,1473.8419632115222
802,25664,263.392339217893,1472.5279849341955
803,25696,265.84077237467915,1470.3679736497415
804,25728,680.4313101438665,1473.145209818675
805,25760,682.3422468349696,1476.366228354608
806,25792,448.3855202353823,1479.1509384518597
807,25824,307.7509107117828,1480.7404824251335
808,25856,231.51390933498266,1471.8399403909402
809,25888,711.1515820572693,1464.6073697018508
810,25920,385.2258233938145,1466.4159558954373
811,25952,2506.0648607007192,1489.2544718670297
812,25984,201.87821378670293,1483.1893332279628
813,26016,437.57153525049,1478.7410536484006
814,26048,779.8089115077548,1483.0744803744358
815,26080,3449.6405482974556,1424.4462526841617
816,26112,760.6515507604697,1344.259560219105
817,26144,1010.7482748221506,1352.9797234381338
818,26176,2281.4724138947677,1370.9746604378774
819,26208,3363.7880086607843,1402.8737936044013
820,26240,1388.2148135741809,1403.372421962791
821,26272,227.18422896487186,1404.1519073184083
822,26304,1051.4288777751262,1407.2731044249933
823,26336,4899.582488701505,1454.5774850709356
824,26368,592.1918821619951,1458.2339123527888
825,26400,1543.609041928414,1472.5237259603998
826,26432,720.616104568001,1476.397744339026
827,26464,639.9607760588398,1481.1630151569614
828,26496,158.42487427861155,1481.0707130814073
829,26528,350.1874478982792,1482.7907872558224
830,26560,212.23552898621685,1351.5907182787778
831,26592,121.05879772475801,1343.2687145320058
832,26624,405.9471621964721,1344.493061445098
833,26656,1279.3862598417604,1355.3195489776695
834,26688,309.7075603819058,1352.2155882517027
835,26720,248.1255650728502,1347.950867078957
836,26752,726.71569181805,1353.5180389999002
837,26784,160.4746749248505,1330.6744878922125
838,26816,1708.4671027861484,1344.7801680869818
839,26848,526.440134825362,1347.7122989957018
840,26880,48424.42529939925,1826.6287063932841
841,26912,346.8122008628742,1820.9614600403413
842,26944,910.1337204964065,1826.9120674459182
843,26976,239.9357542529761,1817.231865541779
844,27008,397.3568788467694,1812.252437179717
845,27040,19982.440113175606,1999.8760361609854
846,27072,596.2946268207452,2000.9032855753874
847,27104,19102.086568074796,2190.6906167051006
848,27136,236.03418503564842,2184.233141488128
849,27168,269.24105133905687,2185.404281368671
850,27200,1332.8996939348328,2195.834006693627
851,27232,904.6066092452528,2194.0964327858346
852,27264,421.921021250958,2178.5491500013813
853,27296,865.9708043860952,2159.0101393548407
854,27328,152.6326277491426,2148.962954421805
855,27360,75.35915884467856,2148.8292016952287
856,27392,316.23464544497756,2147.5310795923897
857,27424,241.81893731991954,2142.956070218178
858,27456,1308.709573783304,2152.6179163966362
859,27488,877.9728668206837,2152.81280280549
860,27520,323.9842316518,2153.6047540042355
861,27552,1322.4017705952394,2157.482200568785
862,27584,321.43639912008837,2158.3688324513428
863,27616,2011.2168219244822,2169.856978267338
864,27648,127.73795271468245,2169.671090702782
865,27680,2137.831768704677,2164.7432599314034
866,27712,2811.4458074113163,2187.6518837043122
867,27744,851.8219761225165,2194.3720005901378
868,27776,1329.7782545590426,2169.4364303604757
869,27808,976.2476832953112,2098.8760057677246
870,27840,11597.363073800936,2161.7956736273954
871,27872,503.88652015587695,2152.8336726491825
872,27904,221.00954592790464,2149.399230276811
873,27936,330.0184598836277,2122.448945885244
874,27968,1392.4427178777946,2125.948926294379
875,28000,2635.857060774904,2145.957515994906
876,28032,198.60347780453912,2137.073785603546
877,28064,457.3638559847647,2124.0461309219204
878,28096,1870.5117741627705,2138.8506995069097
879,28128,165.97290170666125,2134.048101406161
880,28160,12010.32350782183,2222.012906510298
881,28192,555.7611104090688,2226.3890556090146
882,28224,436.2949835403511,2222.15605176863
883,28256,458.6697330021994,1990.0786349953987
884,28288,284.7392462424585,1960.1167417872725
885,28320,212.71268815296722,1923.0693153641755
886,28352,286.5756429858013,1923.4488894916797
887,28384,108.31838921981166,1920.0422944694503
888,28416,361.2480721343361,1917.119469074908
889,28448,155.16618096455662,1914.659677249096
890,28480,7121.020593505203,1981.8077688344904
891,28512,253.40856709935105,1971.818945479684
892,28544,475.2807370665715,1952.261666508379
893,28576,953.4887148072858,1959.0035517806452
894,28608,359.5841580317479,1955.3867784476533
895,28640,773.6066665153031,1961.244760240953
896,28672,348.23369242515076,1942.9670720782995
897,28704,4827.095542454337,1988.5279529960205
898,28736,1357.354470192989,1996.175292781417
899,28768,442.04224543176565,1985.0292625170691
900,28800,608.4275989604514,1987.6532296799182
901,28832,217.8130107651962,1972.346016894458
902,28864,552.2146649130326,1975.234240151409
903,28896,1497.1957822370691,1987.5477902500331
904,28928,263.2504660645575,1983.37598180924
905,28960,1125.6345553659705,1987.80890489455
906,28992,511.8268550281944,1988.4433182424782
907,29024,1543.9669256786274,2000.8054783921466
908,29056,543.3067865686301,2003.9234071644833
909,29088,591.9972234555272,2002.731863578466
910,29120,678.9848249863524,2005.6694535943914
911,29152,716.0691102540213,1987.7694960899241
912,29184,423.1431007236234,1989.9821449592932
913,29216,7379.601569805502,2059.4024453048432
914,29248,366.4183346461221,2055.2685395362273
915,29280,1042.5321545476165,2031.1974555987288
916,29312,2221.4233846494476,2045.8051739376183
917,29344,5061.182795421692,2086.3095191436137
918,29376,2494.503559551473,2088.439830600181
919,29408,299.1023025842363,2057.7929735394155
920,29440,556.6629498593175,2049.477454902267
921,29472,482.6230273387305,2052.0318428860055
922,29504,436.4673320130331,2045.8822274283846
923,29536,622.2970509631523,2003.1093730510008
924,29568,453.1676536800184,2001.7191307661813
925,29600,2302.5283678704773,2009.3083240256017
926,29632,1449.7180713914906,2016.5993436938368
927,29664,801.4207046413579,2018.2139429796619
928,29696,2379.7823440706798,2040.4275176775825
929,29728,375.8700920230898,2040.684344118831
930,29760,7875.437698935798,2117.3163658183266
931,29792,253.88992381008688,2118.64467707918
932,29824,659.7315532340292,2121.1825209895555
933,29856,179.13668714811487,2110.180025262619
934,29888,394.4992139017009,2111.0279417978168
935,29920,288.99672502264565,2111.436653397315
936,29952,1913.8564950326625,2123.308061429461
937,29984,472.0267779687924,2126.423582459901
938,30016,1175.3828500046768,2121.0927399320863
939,30048,674.3881501517775,2122.5722200853506
940,30080,668.1683483086832,1645.0096505744439
941,30112,1542.135953158791,1656.9628880974033
942,30144,395.85001805658743,1651.820051073005
943,30176,538.725368560596,1654.8079472160812
944,30208,400.9889619068562,1654.8442680466821
945,30240,99.28841792934763,1456.0127510942193
946,30272,439.91978319078277,1454.44900265792
947,30304,717.8908060099812,1270.6070450372717
948,30336,432.35078720967323,1272.570211059012
949,30368,638.9618372577675,1276.2674189181992
950,30400,928.0501415733929,1272.2189233945844
951,30432,82.71881429880486,1264.0000454451201
952,30464,465.45844580683143,1264.4354196906788
953,30496,599.1822304128699,1261.7675339509465
954,30528,3480.9653432122363,1295.0508611055775
955,30560,7374.519436550543,1368.0424638826362
956,30592,1080.1722789731791,1375.6818402179179
957,30624,674.2876390985363,1380.0065272357044
958,30656,535.6711665560433,1372.276143163432
959,30688,1542.9796019992682,1378.9262105152175
960,30720,689.4964718030855,1382.5813329167306
961,30752,4055.5481641846927,1409.912796852625
962,30784,989.6182600703687,1416.5946154621279
963,30816,10987.240893749875,1506.3548561803818
964,30848,203.2840651850884,1507.1103173050858
965,30880,281.5189249971657,1488.5471888680106
966,30912,293.1885956153339,1463.3646167500508
967,30944,56178.521700150006,2016.6316139903256
968,30976,446.09101619159753,2007.7947416066513
969,31008,7584.099472710224,2073.8732595008005
970,31040,1448.7775148688647,1972.3874039114799
971,31072,588.1112560683556,1973.2296512706046
972,31104,609.7480044634614,1977.1170358559602
973,31136,3122.263091088523,2005.0394821680093
974,31168,402.14886406130756,1995.1365436298445
975,31200,10107.170711618386,2069.8496801382794
976,31232,2204.823037363413,2089.911875733868
977,31264,1221.4460460277537,2097.5526976342976
978,31296,558.0087322949154,2084.4276672156193
979,31328,2211.3707459759294,2104.8816456583118
980,31360,292.6299389279158,1987.7047099693725
981,31392,544.7591367876034,1987.5946902331577
982,31424,690.8420625700082,1990.1401610234543
983,31456,1107.1009611550471,1996.6244733049828
984,31488,318.3999264679858,1996.961080107238
985,31520,2677.2482945078127,2021.6064361707865
986,31552,496.4695557678851,2023.7053752986076
987,31584,4949.1461680723205,2072.1136530871327
988,31616,422.66776240928675,2072.727849989882
989,31648,2452.0438879558874,2095.696627059795
990,31680,1064.4924013326163,2035.1313451380697
991,31712,7361.559567412566,2106.212855141202
992,31744,2268.0746201678407,2124.140793972215
993,31776,2764.6988908902954,2142.252895733045
994,31808,249.83716634181218,2141.1554258161464
995,31840,1030.6437133036484,2143.7257962840295
996,31872,636.9281176133724,2146.6127405359116
997,31904,1406.804528373184,2112.4098303951
998,31936,4187.798936688579,2140.7142750600556
999,31968,352.36545572131644,2139.817507162951
1000,32000,441.47636283529494,2138.147994801699
1001,32032,6331.956538347435,2199.289430077522
1002,32064,679.8724042871708,2200.5660074712628
1003,32096,917.8060642271492,2194.7721102911632
1004,32128,752.6739171639708,2199.6663448021577
1005,32160,221.11030615042347,2190.6211023100027
1006,32192,347.6459595997146,2188.9792933557183
1007,32224,559.8270546821929,2179.1378946457535
1008,32256,175.47453127289924,2175.4595720927964
1009,32288,24880.12983537641,2418.3408982120054
1010,32320,609.1481581777566,2417.642531543919
1011,32352,3511.659931523171,2445.5984397566112
1012,32384,336.2547068990486,2444.729555818365
1013,32416,630.2396858595714,2377.2359369789056
1014,32448,434.0009395013867,2377.911763027458
1015,32480,2954.8302299164857,2397.034743781147
1016,32512,280.8677115065246,2377.6291870497175
1017,32544,886.6316142211449,2335.883675237712
1018,32576,3278.1363377956554,2343.7200030201534
1019,32608,2227.4650879596056,2363.0036308739077
1020,32640,340.4608376411669,2360.841609751726
1021,32672,581.4578996821044,2361.82995847516
1022,32704,2857.964561541456,2386.044930770444
1023,32736,840.0059856377497,2388.22202011719
1024,32768,1169.14549131094,2395.381798493499
1025,32800,1685.1131180630316,2389.207645995424
1026,32832,1841.7396993309173,2393.127862274818
1027,32864,399.86678014767165,2389.1123230298817
1028,32896,1707.2962371834792,2382.3874619610096
1029,32928,706.1215826819475,2385.6899768675985
1030,32960,1066.778471954695,2317.6033845977877
1031,32992,1836.697279825447,2333.431458157942
1032,33024,533.9430434472847,2332.1735730600744
1033,33056,420.08019696121954,2334.5830081582053
1034,33088,320.34747187603983,2333.8414907379483
1035,33120,212.59396857558815,2333.077463173478
1036,33152,77.31039866644583,2314.7120022098156
1037,33184,311.8084023963334,2313.109818454091
1038,33216,254.73012261441184,2303.9032911801883
1039,33248,722.6377490858625,2304.3857871695295
1040,33280,3021.3475402753456,2327.9175790891964
1041,33312,389.95578462507876,2316.395777403859
1042,33344,1235.7978130845659,2324.795255354139
1043,33376,1336.1017874891202,2332.7690195434243
1044,33408,535.7154803537347,2334.1162847278933
1045,33440,668.059250498796,2339.8039930535874
1046,33472,5538.69049249093,2390.7917001465885
1047,33504,1346.6036975371564,2397.0788290618602
1048,33536,346.3122139569152,2396.218443329333
1049,33568,344.1707765170938,2393.270532721926
1050,33600,611.6219491002634,2390.1062507971947
1051,33632,620.9532235480407,2395.488594889687
1052,33664,1424.499840466534,2405.079008836284
1053,33696,320.7935998842857,2402.295122530998
1054,33728,332.9882126699156,2370.8153512255744
1055,33760,240.34939442078647,2299.4736508042765
1056,33792,654.7224074105624,2295.2191520886504
1057,33824,734.2549408207785,2295.818825105873
1058,33856,1347.3654655196158,2303.935768095509
1059,33888,463.12399801114844,2293.137212055628
1060,33920,1297.678198187073,2299.219029319468
1061,33952,493.16005108805166,2263.5951481885013
1062,33984,368.958787933841,2257.388553467136
1063,34016,299.2309505989874,2150.5084540356274
1064,34048,153.37101215323545,2150.0093235053087
1065,34080,299.59596442391586,2150.1900938995764
1066,34112,290.40403310296216,2150.1622482744524
1067,34144,10246.132034441183,1690.8383516173642
1068,34176,1672.5157327234715,1703.1025987826831
1069,34208,2322.9513552134185,1650.491117607715
1070,34240,375.0705269778937,1639.7540477288053
1071,34272,784.6860359477882,1641.7197955275997
1072,34304,883.30585603766,1644.4553740433419
1073,34336,288.54408027944515,1616.118183935251
1074,34368,671.4843697234713,1618.8115389918726
1075,34400,3827.1953313075182,1556.0117851887637
1076,34432,147.8914251500817,1535.4424690666303
1077,34464,662.5887198405424,1529.8538958047584
1078,34496,442.18270023690513,1528.6956354841784
1079,34528,352.2410244174183,1510.1043382685932
1080,34560,306.02978350966663,1510.2383367144107
1081,34592,949.313021050779,1514.2838755570424
1082,34624,310.0323812856583,1510.475778744199
1083,34656,964.2598043426826,1509.0473671760758
1084,34688,1204.5414055530737,1517.9087819669264
1085,34720,787.3650273538952,1499.0099492953873
1086,34752,722.7427068523668,1501.272680806232
1087,34784,348.88766594471383,1455.2700957849559
1088,34816,1874.7938057002425,1469.7913562178653
1089,34848,11656.128382927667,1561.832201167583
1090,34880,922.3894755894047,1560.4111719101509
1091,34912,4431.4478498512235,1531.1100547345375
1092,34944,785.1733343874533,1516.2810418767335
1093,34976,586.0099540491077,1494.4941525083218
1094,35008,988.6116928560259,1501.881897773464
1095,35040,1083.8903446009317,1502.4143640864368
1096,35072,531.7300369241676,1501.3623832795445
1097,35104,444.9024404033459,1491.7433623998463
1098,35136,181.16036335393284,1451.6769766664997
1099,35168,239.05154832084,1450.543837592495
1100,35200,766.0426539197471,1453.7895005033397
1101,35232,227.79363951746586,1392.74787151504
1102,35264,452.6902070102554,1390.476049542271
1103,35296,373.5044405670947,1385.0330333056704
1104,35328,744.366000106478,1384.9499541350954
1105,35360,596.020310612891,1388.69905417972
1106,35392,594.6608813676233,1391.1692033973989
1107,35424,759.6104065171324,1393.1670369157482
1108,35456,318.5092159465482,1394.597383762485
1109,35488,453.6431069955601,1150.3325164786766
1110,35520,395.2724053371984,1148.193758950271
1111,35552,634.1749120962529,1119.4189087560017
1112,35584,5938.570842780802,1175.4420701148192
1113,35616,611.4574207095268,1175.2542474633187
1114,35648,320.00380994152147,1174.11427616772
1115,35680,561.423156407518,1150.1802054326304
1116,35712,924.7194000043545,1156.6187223176087
1117,35744,330.01355316554424,1151.0525417070528
1118,35776,292.4234734310596,1121.195413063407
1119,35808,1265.5772984729324,1111.5765351685402
1120,35840,772.6796034674067,1115.898722826803
1121,35872,333.60611414481815,1113.42020497143
1122,35904,3803.5516968825364,1122.8760763248404
1123,35936,594.6704648013801,1120.4227211164766
1124,35968,130.7050892235547,1110.038317095603
1125,36000,32736.514134654317,1420.5523272615158
1126,36032,133.4043687589248,1403.468973955796
1127,36064,175.99627257348618,1401.230268880054
1128,36096,886.534169866706,1393.022648206886
1129,36128,1354.603488032501,1399.5074672603914
1130,36160,721.2724547791357,1396.0524070886358
1131,36192,332.58647512683115,1381.0112990416499
1132,36224,951.5449644389994,1385.187318251567
1133,36256,732.6016834965278,1388.3125331169201
1134,36288,1087.9795574512173,1395.9888539726717
1135,36320,397.50684041819557,1397.837982691098
1136,36352,159.08238408523087,1398.655702545286
1137,36384,322.3949149975746,1398.7615676712985
1138,36416,176.13486819247683,1397.9756151270792
1139,36448,1905.7447700310386,1409.806685336531
1140,36480,214.98225610211676,1381.7430324947986
1141,36512,3147.1465918392228,1409.3149405669399
1142,36544,1188.8596112257594,1408.8455585483518
1143,36576,244.62738174921319,1397.9308144909528
1144,36608,654.6475032923192,1399.1201347203385
1145,36640,845.9664980971204,1400.8992071963219
1146,36672,1151.3092644076305,1357.0253949154887
1147,36704,353.20208948828383,1347.0913788350001
1148,36736,12785.385016248882,1471.48210685792
1149,36768,544.7604018008593,1473.4880031107577
1150,36800,536.427644483069,1472.7360600645857
1151,36832,200.39508157850273,1468.5304786448903
1152,36864,422.93008015807754,1458.5147810418057
1153,36896,1561.4854425860321,1470.9216994688231
1154,36928,1301.0173731778173,1480.6019910739021
1155,36960,1530.3567630596501,1493.5020647602908
1156,36992,542.0162047114712,1492.3750027332999
1157,37024,211.8291530611941,1487.1507448557038
1158,37056,2542.864939656897,1499.1057395970768
1159,37088,561.1439718153154,1500.0859393351186
1160,37120,161.68190007519283,1488.7259763539996
1161,37152,186.429718570764,1485.6586730288268
1162,37184,526.954305213281,1487.2386282016212
1163,37216,724.7316143605151,1491.4936348392364
1164,37248,1112.8041009174453,1501.0879657268786
1165,37280,1237.3013388398006,1510.4650194710373
1166,37312,597.8275162170106,1513.5392543021778
1167,37344,2446.012764756597,1435.538061605332
1168,37376,549.0667752600737,1424.303572030698
1169,37408,651.8075101990984,1407.5921335805547
1170,37440,1855.9349880813488,1422.4007781915893
1171,37472,244.70709675120213,1417.0009887996234
1172,37504,524.4692825064114,1413.412623064311
1173,37536,2312.7659284817664,1433.6548415463342
1174,37568,1724.0624928747113,1444.1806227778466
1175,37600,862.7697075089185,1414.5363665398604
1176,37632,204.38813425447267,1415.1013336309043
1177,37664,834.9562060551541,1416.8250084930507
1178,37696,615.6882000432676,1418.5600634911143
1179,37728,287.70873069260114,1417.9147405538663
1180,37760,3785.6105888801926,1452.7105486075716
1181,37792,380.69243755576946,1447.0243427726214
1182,37824,1109.01182117868,1455.0141371715515
1183,37856,1482.841178483865,1460.1999509129632
1184,37888,630.0735091182287,1454.4552719486148
1185,37920,402.1739726577503,1450.6033614016535
1186,37952,536.7359243801573,1448.7432935769316
1187,37984,428.9549166248236,1449.5439660837324
1188,38016,846.6799655734455,1439.2628276824644
1189,38048,497.3013978179741,1327.674557831367
1190,38080,225.6768315023995,1320.7074313904973
1191,38112,534.002805740192,1281.732980949387
1192,38144,344.59007091082077,1277.327148314621
1193,38176,179.2142362940748,1273.2591911370703
1194,38208,1095.0737517902808,1274.323811726413
1195,38240,658.7499796149242,1270.0724080765528
1196,38272,44.67833713633566,1265.2018910786744
1197,38304,350.28903229610114,1264.2557569976022
1198,38336,146.0721156691272,1263.904874520754
1199,38368,1223.3483192947406,1273.7478422304932
1200,38400,676.9005431454565,1272.8564211227504
1201,38432,900.9261873452967,1279.5877466010286
1202,38464,3191.069385433324,1306.9715383852592
1203,38496,8929.260288460959,1392.5290968641978
1204,38528,1152.4218627330583,1396.6096554904636
1205,38560,328.06642942857553,1393.9301166786204
1206,38592,175.14432447937543,1389.7349511097382
1207,38624,6657.3075209878925,1448.7119222544457
1208,38656,352.08922282671085,1449.0477223232472
1209,38688,1576.3526450440195,1460.2748177037317
1210,38720,534.1354021296509,1461.663447671656
1211,38752,563.1734747488574,1460.953433298182
1212,38784,492.70863302437203,1406.4948112006182
1213,38816,228.61482478921735,1402.6663852414151
1214,38848,1367.3864086495926,1413.1402112284961
1215,38880,65.08035113450023,1408.1767831757659
1216,38912,752.3217068065414,1406.4528062437876
1217,38944,5398.220967197226,1457.1348803841042
1218,38976,718.8549761133839,1461.3991954109274
1219,39008,400.27568609920615,1452.7461792871902
1220,39040,285.56920993953116,1447.8750753519114
1221,39072,1617.085918548922,1460.7098733959526
1222,39104,181.35473455738796,1424.4879037727012
1223,39136,1507.6188781258898,1433.6173879059463
1224,39168,1609.0407409113054,1448.400744422824
1225,39200,699.2067135553413,1128.027670211834
1226,39232,1190.670803538322,1138.6003345596282
1227,39264,93.4265573370694,1137.774637407264
1228,39296,267.351696540774,1131.5828126740046
1229,39328,127.31298492817155,1119.3099076429612
1230,39360,97.88713782886414,1113.0760544734587
1231,39392,1838.837068914662,1128.1385604113368
1232,39424,513.3158139641188,1123.7562689065878
1233,39456,168.50908078292457,1118.1153428794516
1234,39488,932.4954748220806,1116.5605020531602
1235,39520,323.6634166233578,1115.822067815212
1236,39552,501.59316612414307,1119.2471756356013
1237,39584,172.14321469783536,1117.744658632604
1238,39616,253.77315925319422,1118.5210415432111
1239,39648,458.4950461716807,1104.0485443046173
1240,39680,1297.8983871610687,1114.8777056152067
1241,39712,512.2648179508795,1088.5288878763236
1242,39744,199.91142484366526,1078.6394060125024
1243,39776,375.15558953591886,1079.9446880903695
1244,39808,858.6238373982628,1081.984451431429
1245,39840,281.8835554847439,1076.3436220053054
1246,39872,460.08137279457395,1069.4313430891748
1247,39904,968.5180689644378,1075.5845028839362
1248,39936,2689.871746787191,974.6293701893194
1249,39968,564.7902766910973,974.8296689382219
1250,40000,192.38864018013095,971.3892788951924
1251,40032,350.8996503613485,972.8943245830209
1252,40064,537.5237593024351,974.0402613744644
1253,40096,1848.6156980502062,976.9115639291061
1254,40128,998.3051444323398,973.8844416416515
1255,40160,338.2200008264202,961.9630740193193
1256,40192,188.6383550480879,958.4292955226854
1257,40224,575.6722273881927,962.0677262659553
1258,40256,751.574122306042,944.1548180924468
1259,40288,173.0609243143852,940.2739876174375
1260,40320,1119.4336903879796,949.8515055205653
1261,40352,441.79871121313823,952.4051954469891
1262,40384,1143.6979479830509,958.5726318746867
1263,40416,265.5654211559792,953.9809699426414
1264,40448,224.20983779664573,945.0950273114335
1265,40480,11457.71174374765,1047.2991313605119
1266,40512,431.6981937045711,1045.6378381353875
1267,40544,377.56398310646927,1024.9533503188864
1268,40576,449.2782745904294,1023.9554653121899
1269,40608,22161.278091578577,1239.0501711259844
1270,40640,743.8482646812015,1227.929303891983
1271,40672,550.8709524991261,1230.9909424494622
1272,40704,468.7915257337065,1230.4341648817351
1273,40736,305.571350372477,1210.362219100642
1274,40768,151.68373363914822,1194.6384315082864
1275,40800,956.82750646068,1195.5790094978042
1276,40832,389.7926362488032,1197.4330545177477
1277,40864,621.758500319756,1195.3010774603938
1278,40896,2697.104249242232,1216.1152379523833
1279,40928,164.5200914828675,1214.883351560286
1280,40960,327.8394553834798,1180.3056402253187
1281,40992,3158.502884173544,1208.0837446914966
1282,41024,140.70548859966465,1198.400681365706
1283,41056,597.3852982497375,1189.546122563365
1284,41088,1461.6895435055276,1197.862282907238
1285,41120,1691.7887080155986,1210.7584302608166
1286,41152,1648.6577360522178,1221.8776483775373
1287,41184,290.29740781898414,1220.4910732894787
1288,41216,324.4453864841765,1215.2687274985858
1289,41248,382.95006454645807,1214.125214165871
1290,41280,415.15741704276877,1216.0200200212746
1291,41312,2557.4317589672114,1236.2543095535448
1292,41344,256.3961067386915,1235.3723699118236
1293,41376,1811.5367028379708,1251.6955945772627
1294,41408,211.92826493310676,1242.864139708691
1295,41440,373.4329098175341,1240.010969010717
1296,41472,2386.4363137966916,1263.4285487773204
1297,41504,663.239319991423,1266.5580516542736
1298,41536,270.3002507715919,1267.8003330052982
1299,41568,323.34095324430945,1258.800259344794
1300,41600,544.0973815198298,1257.4722277285377
1301,41632,794.1623652489084,1256.4045895075737
1302,41664,698.4585157150814,1231.4784808103914
1303,41696,283.53466611983305,1145.0212245869802
1304,41728,513.0995350310956,1138.6280013099606
1305,41760,7722.5339366788085,1212.572676382463
1306,41792,2495.4522428259247,1235.7757555659284
1307,41824,448.66401482035445,1173.6893205042531
1308,41856,979.3136920902522,1179.9615651968884
1309,41888,387.18667060792296,1168.069905452527
1310,41920,899.7661318559053,1171.7262127497897
1311,41952,1302.7633981408337,1179.1221119837094
1312,41984,3629.203429911602,1210.4870599525818
1313,42016,852.5975442495857,1216.7268871471856
1314,42048,526.7852151080763,1208.3208752117705
1315,42080,858.1204387898864,1216.2512760883242
1316,42112,680.3201423122878,1215.5312604433816
1317,42144,212.22437386932393,1163.6712945101026
1318,42176,754.2769572953359,1164.0255143219222
1319,42208,311.0344826198704,1163.133102287129
1320,42240,1694.9958616229094,1177.227368803963
1321,42272,592.6528453256965,1166.9830380717308
1322,42304,665.8895610962596,1171.8283863371194
1323,42336,545.9163939143378,1162.2113614950038
1324,42368,1258.1711441982184,1158.7026655278728
1325,42400,1627.5760218065702,1167.9863586103852
1326,42432,1881.2801803367156,1174.892452378369
1327,42464,236.44600435104502,1176.3226468485086
1328,42496,235.6399992383643,1176.0055298754844
1329,42528,697.0529709865762,1181.7029297360687
1330,42560,2816.865584204394,1208.892714199824
1331,42592,204.97274288050414,1192.5540709394825
1332,42624,1151.4947996851618,1198.9358607966929
1333,42656,204.65257952555743,1199.2972957841191
1334,42688,255.41229059608736,1192.5264639418592
1335,42720,373.18220719045655,1193.0216518475302
1336,42752,485.34805756060507,1192.859200761895
1337,42784,112.76962586369353,1192.2654648735536
1338,42816,147.8165497821399,1191.205898778843
1339,42848,903.8568780555919,1195.6595170976818
1340,42880,1102.5007596168496,1193.7055408222398
1341,42912,287.3048272934877,1191.455940915666
1342,42944,741.1253428147534,1196.8680800953769
1343,42976,1669.3324993668175,1209.809849193686
1344,43008,731.9738535842533,1208.543349355546
1345,43040,379.15644312696685,1209.5160782319683
1346,43072,114.94517074425526,1206.064716211465
1347,43104,963.6955317630831,1206.016490839451
1348,43136,3153.4863782729517,1210.6526371543086
1349,43168,178.69483335132452,1206.7916827209108
1350,43200,1354.885930992181,1218.4166556290315
1351,43232,109.00046136714963,1215.9976637390896
1352,43264,612.2108702714853,1216.74453484878
1353,43296,321.5938166029773,1201.4743160343078
1354,43328,1022.795341061661,1201.719218000601
1355,43360,572.576893285956,1204.0627869251964
1356,43392,341.3575020371868,1205.5899783950874
1357,43424,4716.078285786807,1246.9940389790736
1358,43456,1626.5189307294615,1255.7434870633078
1359,43488,616.0981026719129,1260.173858846883
1360,43520,429.0024504562573,1253.2695464475657
1361,43552,414.53135048230547,1252.9968728402573
1362,43584,302.4713203876994,1244.5846065643036
1363,43616,655.0956246547865,1248.479908599292
1364,43648,1557.964412356319,1261.8174543448886
1365,43680,8411.446969034781,1231.35480659776
1366,43712,353.64461412543716,1230.5742708019689
1367,43744,578.5816045418128,1232.584447016322
1368,43776,195.08434509470976,1230.042507721365
1369,43808,652.7965205627986,1014.9576920112072
1370,43840,7793.165530150662,1085.450864665902
1371,43872,3606.2672829002813,1116.0048279699133
1372,43904,861.0505161604211,1119.9274178741805
1373,43936,395.39664497242137,1120.82567082018
1374,43968,479.09049698850913,1124.0997384536736
1375,44000,462.29150428756395,1119.1543784319422
1376,44032,289.1135854138759,1118.1475879235932
1377,44064,242.509423722096,1114.3550971576165
1378,44096,281.92133338061313,1090.2032679990002
1379,44128,612.9487180032878,1094.6875542642044
1380,44160,859.0347750377539,1099.9995074607473
1381,44192,1047.0037847385329,1078.8845164663971
1382,44224,2024.1924845612903,1097.7193864260132
1383,44256,907.2836072971384,1100.8183695164873
1384,44288,6941.626073655295,1155.6177348179851
1385,44320,333.8817720333983,1142.038665458163
1386,44352,553.6991771356938,1131.0890798689977
1387,44384,236.72913731795552,1130.5533971639875
1388,44416,1169.9522630983213,1139.008465930129
1389,44448,544.8729496468991,1140.6276947811334
1390,44480,599.1874054670985,1142.4679946653766
1391,44512,332.94014216619155,1120.2230784973663
1392,44544,528.5230366517968,1122.9443477964976
1393,44576,106.67325864738676,1105.8957133545916
1394,44608,84.40557530746923,1104.620486458335
1395,44640,139.21242795409242,1102.2782816397007
1396,44672,262.22344780257777,1081.0361529797594
1397,44704,2306.132352302789,1097.4650833028732
1398,44736,192.52957415695826,1096.6873765367268
1399,44768,769.1545098617805,1101.1455121029016
1400,44800,92.37138294671225,1096.6282521171704
1401,44832,475.78938739664665,1093.4445223386476
1402,44864,945.8456580501038,1095.918393761998
1403,44896,1728.7957891409228,1110.371004992209
1404,44928,86.25751638036557,1106.1025848057018
1405,44960,967.2791993158306,1038.5500374320723
1406,44992,114.26678821891366,1014.7381828860018
1407,45024,4473.6919325210165,1054.9884620630085
1408,45056,303.39177086630366,1048.2292428507692
1409,45088,751.1337443580502,1051.8687135882703
1410,45120,3233.6201379833337,1075.2072536495446
1411,45152,408.2909250897667,1066.262528919034
1412,45184,457.67757927222686,1034.54727041264
1413,45216,1346.4246023271096,1039.4855409934153
1414,45248,999.7445761826091,1044.2151346041608
1415,45280,370.6500339895035,1039.340430556157
1416,45312,4191.439108166755,1074.4516202147017
1417,45344,951.7659200876958,1081.8470356768855
1418,45376,636.4542359809668,1080.6688084637417
1419,45408,962.4321285240585,1087.1827849227836
1420,45440,615.9679979752307,1076.3925062863068
1421,45472,2136.2464387588943,1091.8284422206386
1422,45504,4469.003256722376,1129.8595791769
1423,45536,285.46463551037715,1127.2550615928606
1424,45568,1038.9109199345423,1125.062459350224
1425,45600,93.73637058355878,1109.7240628379939
1426,45632,834.2091582269451,1099.2533526168959
1427,45664,602.4563530552732,1102.9134561039382
1428,45696,756.9159282820746,1108.126215394375
1429,45728,97.770076185525,1102.1333864463645
1430,45760,942.7185452815295,1083.3919160571359
1431,45792,194.04762839776816,1083.2826649123085
1432,45824,572.1368220078443,1077.4890851355353
1433,45856,334.5248971059487,1078.7878083113392
1434,45888,328.5309959633695,1079.518995365012
1435,45920,1006.5028903353646,1085.852202196461
1436,45952,875.9926994041216,1089.7586486148962
1437,45984,88.39235083432848,1089.5148758646028
1438,46016,347.75122403609913,1091.5142226071423
1439,46048,747.4783160533318,1089.9504369871197
1440,46080,289.36250552227466,1081.8190544461738
1441,46112,6965.332268735841,1148.5993288605976
1442,46144,652.3884196196997,1147.7119596286473
1443,46176,1467.6783462613482,1145.6954180975924
1444,46208,2133.360828520991,1159.7092878469598
1445,46240,408.7802935511232,1160.0055263512013
1446,46272,844.5365731131378,1167.3014403748903
1447,46304,194.5006181445839,1159.6094912387055
1448,46336,382.7682859749594,1131.9023103157253
1449,46368,1106.0625769406317,1141.1759877516183
1450,46400,615.8731219810386,1133.7858596615065
1451,46432,1095.978121267041,1143.6556362605054
1452,46464,810.5625337706311,1145.6391528954969
1453,46496,824.9705747504634,1150.6729204769717
1454,46528,366.74689308903976,1144.1124359972457
1455,46560,1319.0917292431157,1151.5775843568174
1456,46592,721.0818594485808,1155.3748279309311
1457,46624,12988.721866987104,1238.1012637429344
1458,46656,335.622660275921,1225.1923010383991
1459,46688,360.0088191483786,1222.6314082031638
1460,46720,298.5861005083608,1221.3272447036848
1461,46752,512.6884823903995,1222.3088160227655
1462,46784,707.6378352372112,1226.3604811712607
1463,46816,1152.9333114257904,1231.3388580389706
1464,46848,373.3285653907902,1219.4924995693152
1465,46880,106.65980350639224,1136.4446279140313
1466,46912,5011.24221876809,1183.0206039604582
1467,46944,274.035758248782,1179.9751454975278
1468,46976,328.37804436061117,1181.3080824901867
1469,47008,350.21125314773104,1178.282229816036
1470,47040,1018.2300232223384,1110.532874746753
1471,47072,11844.815000148154,1192.9183519192313
1472,47104,78.83423650952798,1185.0961891227228
1473,47136,465.89985876566897,1185.8012212606554
1474,47168,367.5565399065481,1184.6858816898357
1475,47200,206.180025531449,1182.1247669022744
1476,47232,1433.190711536948,1193.5655381635052
1477,47264,512.8997779378692,1196.269441705663
1478,47296,838.191573291445,1201.8321441047713
1479,47328,246.90053390258777,1198.1716622637641
1480,47360,1616.188755814347,1205.7432020715303
1481,47392,1857.9113221244083,1213.8522774453888
1482,47424,349.4059380422808,1197.1044119801988
1483,47456,952.2352016718982,1197.5539279239463
1484,47488,391.2696733931341,1132.0503639213248
1485,47520,2456.018942943262,1153.2717356304233
1486,47552,503.01327767195863,1152.7648766357859
1487,47584,520.6969363098602,1155.6045546257048
1488,47616,275.8214586275514,1146.663246580997
1489,47648,776.8678706890023,1148.9831957914182
1490,47680,739.1846591452692,1150.3831683282003
1491,47712,927.4207016442473,1156.3279739229808
1492,47744,268.4414287932582,1153.7271578443956
1493,47776,1007.5967051306291,1162.7363923092278
1494,47808,1014.8496011327047,1172.04083256748
1495,47840,825.5755577566617,1178.9044638655057
1496,47872,1430.4599695885543,1190.5868290833655
1497,47904,3911.372226718683,1206.6392278275246
1498,47936,529.072627410881,1210.0046583600638
1499,47968,122.91485009073601,1203.5422617623535
1500,48000,692.0684354209967,1209.5392322870962
1501,48032,432.8556041662457,1209.109894454792
1502,48064,1248.0303379341376,1212.1317412536325
1503,48096,133.93226262398358,1196.183105988463
1504,48128,322.62039402700424,1198.5467347649296
1505,48160,199.10066634784118,1190.8649494352496
1506,48192,123.08412228118212,1190.9531227758723
1507,48224,323.3976488384146,1149.4501799390464
1508,48256,1344.860279268122,1159.8648650230643
1509,48288,144.590363475388,1153.7994312142378
1510,48320,705.5389865770051,1128.5186197001742
1511,48352,616.3627587785403,1130.5993380370621
1512,48384,427.3662899778287,1130.2962251441181
1513,48416,428.0663789806295,1121.1126429106532
1514,48448,433.2982438046041,1115.4481795868733
1515,48480,892.282236766556,1120.664501614644
1516,48512,64.96456887956764,1079.399756221772
1517,48544,98.95751154515956,1070.8716721363467
1518,48576,533.8112520662613,1069.8452422971995
1519,48608,299.41468419097254,1063.2150678538687
1520,48640,373.88505622217923,1060.7942384363382
1521,48672,233.16072659174876,1041.7633813146667
1522,48704,393.8441670375571,1001.0117904178185
1523,48736,813.5671319220587,1006.2928153819355
1524,48768,172.80838166802636,997.6317899992703
1525,48800,5737.338974100392,1054.0678160344385
1526,48832,1804.9641539651568,1063.7753659918205
1527,48864,351.6595016570565,1061.2673974778384
1528,48896,210.51509179133112,1055.803389112931
1529,48928,606.5968564430251,1060.891656915506
1530,48960,535.4401674687698,1056.8188731373784
1531,48992,532.138521204617,1060.199782065447
1532,49024,430.8927635979158,1058.7873414813478
1533,49056,1846.1230852638012,1073.9033233629264
1534,49088,368.1077406825034,1074.2990908101176
1535,49120,2572.3349951361242,1089.9574118581254
1536,49152,330.6215645368098,1084.5037005094523
1537,49184,322.7594688176827,1086.8473716892859
1538,49216,392.5620569358392,1087.2954800182833
1539,49248,319.1674061769642,1083.0123709195193
1540,49280,2605.9490807067264,1106.178236671364
1541,49312,1946.125986513452,1055.98617384914
1542,49344,603.2028642111918,1055.4943182950549
1543,49376,1115.0754513852737,1051.9682893462941
1544,49408,337.3206147352133,1034.0078872084362
1545,49440,354.7125919832934,1033.467210192758
1546,49472,913.8625962374368,1034.1604704240008
1547,49504,3693.4243962073965,1069.1497082046292
1548,49536,472.2042631619681,1070.0440679764993
1549,49568,185.96877457393012,1060.8431299528322
1550,49600,239.2378502730719,1057.0767772357524
1551,49632,588.3691271038832,1052.0006872941208
1552,49664,670.9878711873997,1050.6049406682885
1553,49696,4775.447121237806,1090.1097061331618
1554,49728,802.7670620829813,1094.4699078231015
1555,49760,500.64478951957153,1086.285438425866
1556,49792,347.87044195203356,1082.5533242509005
1557,49824,271.8700172209534,955.384805753239
1558,49856,635.453265491938,958.3831118053992
1559,49888,482.3637379550069,959.6066609934654
1560,49920,221.984526144585,958.8406452498276
1561,49952,306.1926827166644,956.7756872530903
1562,49984,997.8002891420323,959.6773117921385
1563,50016,3981.676910098225,987.9647477788628
1564,50048,478.9457104713116,989.0209192296682
1565,50080,503.9018153161528,992.9933393477659
1566,50112,381.31746910538703,946.6940918511389
1567,50144,1056.1660074148406,954.5153943427994
1568,50176,1279.6562826712916,964.0281767259062
1569,50208,29422.43578022733,1254.7504219967022
1570,50240,794.3477471914996,1252.5115992363937
1571,50272,278.7882980499772,1136.851332215412
1572,50304,354.04339997092455,1139.6034238500258
1573,50336,571.6710671272646,1140.6611359336418
1574,50368,1293.3038590156555,1149.918609124733
1575,50400,515.1458281405795,1153.0082671508244
1576,50432,1357.633846453867,1152.2526984999934
1577,50464,456.04149546126837,1151.6841156752275
1578,50496,406.4073203517379,1147.3662731458305
1579,50528,402.2244198530461,1148.919512005335
1580,50560,559.0463115008951,1138.3480875622006
1581,50592,94.50843117387296,1120.7140586526953
1582,50624,789.3829918331942,1125.1138291906043
1583,50656,1290.5059563634943,1128.4965367375203
1584,50688,1477.5091092765292,1139.3589310963541
1585,50720,326.4527708526079,1118.0632693754474
1586,50752,1791.0545282081475,1130.9436818808094
1587,50784,207.7873015405346,1127.8145855331163
1588,50816,648.3295670875556,1131.5396666177164
1589,50848,2323.071109801643,1147.001699008843
1590,50880,154.28373838423175,1141.1526898012326
1591,50912,948.5054059212271,1141.3635368440023
1592,50944,5115.000292701,1189.8291254830797
1593,50976,1438.6580221614593,1194.139738653388
1594,51008,1297.2479403451282,1196.963722045512
1595,51040,1592.520741133888,1204.6331738792844
1596,51072,501.71786576418634,1195.3457528410406
1597,51104,727.723869049264,1163.5092692643464
1598,51136,936.5230470264426,1167.583773460502
1599,51168,658.3892591683187,1172.938517551278
1600,51200,1413.3286234049237,1180.1511194311172
1601,51232,191.5246744600892,1177.7378101340555
1602,51264,621.0115674927521,1171.4676224296418
1603,51296,504.3648868352807,1175.1719486717545
1604,51328,447.4611405489377,1176.420356136974
1605,51360,1209.9431654906884,1186.528781128403
1606,51392,3207.8537346474886,1217.3764772520658
1607,51424,302.6622032212671,1217.169122795894
1608,51456,1414.2263994792595,1217.8627839980054
1609,51488,291.53608579891625,1219.3322412212406
1610,51520,650.6685382639719,1218.7835367381103
1611,51552,157.802008585023,1214.1979292361752
1612,51584,787.2586895729299,1217.7968532321263
1613,51616,546.097405811136,1218.9771635004313
1614,51648,1536.7109629777494,1230.011290692163
1615,51680,935.0784018882096,1230.4392523433792
1616,51712,219.00158655344782,1231.979622520118
1617,51744,234.81879479974532,1233.338235352664
1618,51776,544.128585180142,1233.4414086838026
1619,51808,1095.3763582945849,1241.401025424839
1620,51840,457.11871174926614,1242.23336198011
1621,51872,636.8578135433326,1246.270332849626
1622,51904,789.97034132128,1250.231594592463
1623,51936,397.3391686611869,1246.0693149598542
1624,51968,241.71700791848238,1246.7584012223588
1625,52000,1021.3643427330978,1199.5986549086858
1626,52032,911.2940826556782,1190.6619541955909
1627,52064,814.2169653982388,1195.2875288330029
1628,52096,137.23457972849943,1194.5547237123747
1629,52128,173.4423833116403,1190.2231789810608
1630,52160,591.9336277891173,1190.7881135842642
1631,52192,315.9327672816388,1188.6260560450346
1632,52224,1449.6318971551498,1198.8134473806067
1633,52256,3699.781662824298,1217.3500331562118
1634,52288,147.90697906306895,1215.1480255400174
1635,52320,302.3086320162442,1192.4477619088188
1636,52352,1662.5175279536918,1205.7667215429879
1637,52384,309.0463034526876,1205.6295898893377
1638,52416,368.7029869200049,1205.3909991891794
1639,52448,387.63249194628867,1206.0756500468724
1640,52480,243.86937047278644,1182.4548529445328
1641,52512,505.67199053223624,1168.0503129847207
1642,52544,2026.797491858795,1182.2862592611966
1643,52576,259.80639080791127,1173.7335686554231
1644,52608,1710.8649545795663,1187.469012053867
1645,52640,1003.3872010198284,1193.955758144232
1646,52672,3218.8969170341084,1217.006101352199
1647,52704,679.7859233809495,1186.8697166239344
1648,52736,285.5864217865584,1185.00353821018
1649,52768,1310.3796979509666,1196.2476474439507
1650,52800,1548.5522537276343,1209.3407914784962
1651,52832,583.9853194999141,1209.2969534024567
1652,52864,784.5711114101769,1210.4327858046845
1653,52896,2766.648084648956,1190.344795438796
1654,52928,1490.3739107516387,1197.2208639254825
1655,52960,515.2658893986845,1197.3670749242735
1656,52992,541.3631128678138,1199.3020016334315
1657,53024,1003.5063422682927,1206.6183648839046
1658,53056,295.100241480535,1203.2148346437905
1659,53088,26274.773676319463,1461.138934027435
1660,53120,179.67132775053847,1460.7158020434945
1661,53152,411.7049658650191,1461.7709248749782
1662,53184,269.261023215006,1454.485532215708
1663,53216,548.8430212487202,1420.157193327213
1664,53248,485.6820977276316,1420.2245571997762
1665,53280,359.1306699463768,1418.7768457460784
1666,53312,391.437575152553,1418.87804680655
1667,53344,547.6506120869659,1413.7928928532715
1668,53376,1246.817611892819,1413.4645061454864
1669,53408,751.4913214383835,1126.7550615575972
1670,53440,327.26797606169515,1122.084263846299
1671,53472,1504.6383535600592,1134.3427644013998
1672,53504,146.7992682888571,1132.270323084579
1673,53536,397.6275533497961,1130.5298879468046
1674,53568,1187.4796734322524,1129.4716460909704
1675,53600,2052.8363713832127,1144.8485515233967
1676,53632,2514.8144590531947,1156.42035764939
1677,53664,365.5660223815286,1155.5156029185925
1678,53696,210.54115873114958,1153.5569413023866
1679,53728,374.5708467418148,1153.2804055712743
1680,53760,1225.9614533440708,1159.949556989706
1681,53792,803.1123723681058,1167.0355964016487
1682,53824,617.43579668942,1165.3161244502107
1683,53856,870.2401857910083,1161.113466744486
1684,53888,471.1771490656508,1151.050147142377
1685,53920,871.1595820918993,1156.4972152547698
1686,53952,1080.6788209478277,1149.3934581821668
1687,53984,213.65531469728467,1149.4521383137344
1688,54016,303.68676812420506,1146.0057103241008
1689,54048,843.2039391486542,1131.207038617571
1690,54080,4376.185324096333,1173.426054474692
1691,54112,24953.055932892046,1413.4715597444
1692,54144,72.41965137532712,1363.0457533311435
1693,54176,104.11424224848099,1349.7003155320135
1694,54208,305.1448300696975,1339.7792844292594
1695,54240,335.3566624885677,1327.2076436428063
1696,54272,638.7156196776881,1328.5776211819414
1697,54304,677.9652243021003,1328.0800347344696
1698,54336,1817.5725794204047,1336.890530058409
1699,54368,672.4304463039413,1337.0309419297655
1700,54400,267.5496711153217,1325.5731524068697
1701,54432,263.9371190932312,1326.2972768532009
1702,54464,581.0859857848711,1325.8980210361221
1703,54496,324.26199789580664,1324.0969921467274
1704,54528,608.0950154753559,1325.7033308959915
1705,54560,2080.8774985555683,1334.41267422664
1706,54592,904.9789064798364,1311.3839259449637
1707,54624,43185.23290530671,1740.209632965818
1708,54656,937.2445645871234,1735.4398146168967
1709,54688,180.81183303506603,1734.3325720892583
1710,54720,2472.6867576029445,1752.552754282648
1711,54752,1195.7570001691934,1762.93230419849
1712,54784,800.2901661279374,1763.06261896404
1713,54816,1307.3244992693033,1770.6748898986214
1714,54848,1040.7327690254424,1765.7151079590985
1715,54880,1494.3501924185343,1771.3078258644014
1716,54912,940.7113142480382,1778.5249231413472
1717,54944,1587.3105732039387,1792.0498409253894
1718,54976,1356.0546499056886,1800.1691015726449
1719,55008,1775.8749824771592,1806.9740878144707
1720,55040,455.7741559931891,1806.9606422569102
1721,55072,591.4113306493724,1806.5061774279702
1722,55104,905.6025963487281,1807.6624999782443
1723,55136,127.60897886318364,1804.9651980802646
1724,55168,2639.9511036758026,1828.9475390378377
1725,55200,161.01058054052996,1820.3440014159123
1726,55232,12344.256340390284,1934.6736239932582
1727,55264,717.5224188163704,1933.7066785274394
1728,55296,128.98607037686497,1933.6241934339232
1729,55328,519.7988535656443,1937.0877581364632
1730,55360,557.1750502255451,1936.7401723608277
1731,55392,37795.91947145027,2311.540039402514
1732,55424,154.125209223027,2298.584972523193
1733,55456,117.46307421234442,2262.7617866370733
1734,55488,213.36420831348855,2263.4163589295777
1735,55520,95.42282492234294,2261.347500858639
1736,55552,94.64909681455507,2245.6688165472474
1737,55584,1409.9601614406185,2256.677955127126
1738,55616,424.6012776703209,2257.2369380346295
1739,55648,113.30451563539478,2254.493658271521
1740,55680,1524.4059873689764,2267.2990244404823
1741,55712,949.8957704906616,2271.741262240067
1742,55744,317.02746375280896,2254.643561959007
1743,55776,233.91327531093413,2254.3846308040374
1744,55808,1307.427080344236,2250.350252061684
1745,55840,122.71234255202137,2241.543503477006
1746,55872,854.0196491516227,2217.894730798181
1747,55904,584.4870314239494,2216.9417418786106
1748,55936,30969.06030708792,2523.776480731625
1749,55968,578.9875204620153,2516.4625589567354
1750,56000,1641.9714126538433,2517.3967505459973
1751,56032,834.9063721996188,2519.9059610729946
1752,56064,746.9782908136378,2519.530032867029
1753,56096,2849.3903783604646,2520.357455804144
1754,56128,212.61175542864075,2507.579834250914
1755,56160,627.1056346849572,2508.6982317037764
1756,56192,7956.841991959919,2582.8530204946974
1757,56224,1347.0338020441611,2586.288295092456
1758,56256,1337.8524125003398,2596.715816802654
1759,56288,305.2303334656755,2337.020383374116
1760,56320,2103.961307114214,2356.263283167753
1761,56352,603.9821507105587,2358.1860550162082
1762,56384,3797.9059043877387,2393.4725038279353
1763,56416,404.99407054249224,2392.034014320873
1764,56448,1077.124517036111,2397.948438513958
1765,56480,4934.893992059108,2443.7060717350855
1766,56512,233.71401655626303,2442.128836149123
1767,56544,97.86282465742318,2437.630958274827
1768,56576,83.0566015884303,2425.9933481717835
1769,56608,3602.2167871223733,2454.5006028286234
1770,56640,122.78019326301941,2452.4557250006364
1771,56672,516.4750120689107,2442.5740915857245
1772,56704,315.8660665826916,2444.264759568663
1773,56736,754.7447055301371,2447.8359310904666
1774,56768,654.531198740247,2442.5064463435465
1775,56800,1699.7224111517562,2438.9753067412316
1776,56832,215.51892839249678,2415.982351434625
1777,56864,918.254798929377,2421.509239200103
1778,56896,851.5903636954826,2427.9197312497467
1779,56928,352.46562177094233,2427.6986790000383
1780,56960,580.3686082675731,2421.2427505492733
1781,56992,190.94957260034445,2415.1211225515963
1782,57024,416.39394833353936,2413.110704068037
1783,57056,1142.768968248403,2415.8359918926108
1784,57088,181.4674549052353,2412.9388949510067
1785,57120,366.30145508802434,2407.890313680968
1786,57152,308.3635029643841,2400.167160501134
1787,57184,357.14946751896895,2401.60210202935
1788,57216,356.1166416961326,2402.12640076507
1789,57248,2797.9366925178706,2421.673728298762
1790,57280,1072.1991687574134,2388.6338667453724
1791,57312,365.7940697712051,2142.761248114164
1792,57344,1381.1469928448162,2155.8485215288592
1793,57376,329.5135662595852,2158.1025147689707
1794,57408,1625.029435121247,2171.301360819486
1795,57440,1010.6959109401035,2178.054753304001
1796,57472,5052.714106679496,2222.194738174019
1797,57504,624.1088566154751,2221.656174497153
1798,57536,4447.364629974254,2247.9540950026917
1799,57568,3872.3426577333266,2279.9532171169853
1800,57600,387.7468414778746,2281.155188820611
1801,57632,309.67585838303836,2281.6125762135084
1802,57664,1306.6887726076131,2288.8686040817356
1803,57696,779.3033662102168,2293.41901776488
1804,57728,3913.9323068787357,2326.4773906789137
1805,57760,685.3836453720232,2312.522452147078
1806,57792,243.68030849163256,2305.9094661671966
1807,57824,621.8044624680534,1880.2751817388103
1808,57856,262.72021467479453,1873.529938239687
1809,57888,488.38704107235196,1876.6056903200597
1810,57920,347.38529020153004,1855.3526756460458
1811,57952,242.07075162531285,1845.815813160607
1812,57984,252.68672370192243,1840.3397787363467
1813,58016,221.73704355124977,1829.4839041791658
1814,58048,837.3110473978714,1827.4496869628902
1815,58080,1148.748417572877,1823.9936692144333
1816,58112,1194.404969334786,1826.530605765301
1817,58144,630.4612548480283,1816.9621125817418
1818,58176,844.9932045647812,1811.8514981283329
1819,58208,826.094289859049,1802.3536912021516
1820,58240,409.73557022799963,1801.8933053445
1821,58272,1028.9093417960803,1806.268285455967
1822,58304,1230.7641336706818,1809.5199008291868
1823,58336,443.85918780458223,1812.682402918601
1824,58368,470.62418493788425,1790.9891337312215
1825,58400,230.57134029126775,1791.684741328729
1826,58432,212.62749142686937,1670.3684528390945
1827,58464,997.9550807640719,1673.1727794585713
1828,58496,7046.861069731332,1742.3515294521162
1829,58528,2716.782028776246,1764.3213612042223
1830,58560,418.35920392717594,1762.9332027412388
1831,58592,107.89972733271271,1386.0530053000632
1832,58624,1422.5058729053621,1398.7368119368866
1833,58656,338.1413400021445,1400.9435945947848
1834,58688,682.4213676640657,1405.6341661882905
1835,58720,2206.0813038819438,1426.7407509778864
1836,58752,562.9854094448143,1431.424114104189
1837,58784,293.09803216633225,1420.255492811446
1838,58816,381.0147092661427,1419.8196271274041
1839,58848,1726.395023983643,1435.9505322108869
1840,58880,288.168218007504,1423.5881545172722
1841,58912,591.8647420672735,1420.0078442330382
1842,58944,241.21422264986634,1419.2497118220087
1843,58976,11825.140287312943,1535.1619819420287
1844,59008,526.1487984391556,1527.3491991229778
1845,59040,438.94418963434197,1530.511517593801
1846,59072,282.63054581235036,1524.7976265604084
1847,59104,1270.7449926244717,1531.6602061724136
1848,59136,199.5033430674338,1223.9646365322085
1849,59168,57303.18564534509,1791.2066177810393
1850,59200,1572.1810146634255,1790.5087138011354
1851,59232,235.2775729405502,1784.5124258085445
1852,59264,1639.8124566971146,1793.4407674673794
1853,59296,1692.957580264046,1781.8764394864152
1854,59328,346.06131966116254,1783.2109351287404
1855,59360,1331.2186829864224,1790.2520656117551
1856,59392,603.804588849913,1716.721691580655
1857,59424,386.4188842290643,1707.115542402504
1858,59456,697.8395792293331,1700.715414069794
1859,59488,864.2486230062657,1706.3055969651996
1860,59520,389.3682051345827,1689.1596659454035
1861,59552,1301.2861693278276,1696.1327061315762
1862,59584,293.5600111740119,1661.089247199439
1863,59616,539.5950460071568,1662.4352569540858
1864,59648,1039.6305208084718,1662.0603169918093
1865,59680,1306.5053840192434,1625.7764309114104
1866,59712,445.4567078781034,1627.893857824629
1867,59744,679.6105848769354,1633.7113354268242
1868,59776,3149.018198118188,1664.370951392122
1869,59808,68.81306024903333,1629.0369141233887
1870,59840,2293.7746294746185,1650.7468584855044
1871,59872,203.2151411295096,1647.6142597761104
1872,59904,938.2127980664391,1653.837727090948
1873,59936,551.6352888418323,1651.8066329240648
1874,59968,9735.0636123605,1742.6119570602673
1875,60000,400.85199547160425,1729.623252903466
1876,60032,449.87559084962237,1731.9668195280371
1877,60064,1300.6548893794006,1735.7908204325372
1878,60096,2379.9752394253364,1751.0746691898355
1879,60128,156.8309192424479,1749.1183221645508
1880,60160,198.4724147644813,1745.29936022952
1881,60192,1764.452296113771,1761.0343874646544
1882,60224,194.5966058170919,1758.81641403949
1883,60256,1195.3777261948348,1759.342501618954
1884,60288,354.62611107707215,1761.0740881806723
1885,60320,618.6395526367425,1763.5974691561596
1886,60352,535.1313892331261,1765.865148018847
1887,60384,450.6990378117404,1766.800643721775
1888,60416,634.0504041248847,1769.5799813460626
1889,60448,1895.147792320135,1760.552092344085
1890,60480,1805.9899647144832,1767.8900003036558
1891,60512,1080.4185348869935,1775.0362449548136
1892,60544,1143.9644441089597,1772.664419467455
1893,60576,937.739683108734,1778.7466806359464
1894,60608,155.9826607703335,1764.0562128924373
1895,60640,224.36025937289224,1756.1928563767651
1896,60672,276.9638805988303,1708.4353541159585
1897,60704,1141.3289998258435,1713.6075555480625
1898,60736,2099.5564542897146,1690.129473791217
1899,60768,292.696601293128,1654.3330132268147
1900,60800,270.33601614637223,1653.1589049734998
1901,60832,526.9107964240252,1655.3312543539096
1902,60864,311.1487554839863,1645.3758541826733
1903,60896,894.9320178665723,1646.5321406992368
1904,60928,326.66682642899946,1610.6594858947396
1905,60960,780.7069942519707,1611.612719383539
1906,60992,4584.091862719669,1655.0168349258195
1907,61024,73.51724204349182,1649.5339627215742
1908,61056,194.90178068164298,1648.8557783816427
1909,61088,520.2278463943331,1649.1741864348621
1910,61120,1126.2634586228257,1656.962968119075
1911,61152,212.1193777690846,1656.6634543805128
1912,61184,410.2415755303579,1658.239002898797
1913,61216,2131.4274282611623,1677.3359067458962
1914,61248,276.7570317646239,1671.7303665895638
1915,61280,1379.3342671828527,1674.0362250856635
1916,61312,316.55689798848323,1665.2577443722005
1917,61344,397.5518442231174,1662.928650265951
1918,61376,12418.064420481425,1778.6593624251177
1919,61408,374.9381605908449,1774.147801132436
1920,61440,170.0333450888089,1771.7507788810437
1921,61472,1848.1112260972488,1779.9427977240557
1922,61504,658.6572886436286,1774.221729273785
1923,61536,602.9014077189385,1775.8121514729287
1924,61568,720.4561762254677,1778.3104713858042
1925,61600,346.6092620696405,1779.470850603588
1926,61632,1381.1813398714005,1791.1563890880334
1927,61664,462.9904816120489,1785.8067430965132
1928,61696,280.92235624580576,1718.1473559616581
1929,61728,683.7559949827707,1697.8170956237234
1930,61760,671.3985021570105,1700.3474886060217
1931,61792,175.41225812034764,1701.022613913898
1932,61824,943.6296614956547,1696.233851799801
1933,61856,411.11355300102036,1696.9635739297896
1934,61888,3082.1448440283957,1720.960808693433
1935,61920,240.8084025640015,1701.3080796802535
1936,61952,725.9440337319536,1702.937665923125
1937,61984,205.16471822552006,1702.0583327837169
1938,62016,1564.8163374900107,1713.8963490659555
1939,62048,717.84664554723,1703.8108652815915
1940,62080,766.2422960117684,1708.5916060616341
1941,62112,405.9847675905337,1706.7328063168666
1942,62144,836.779435160515,1712.6884584419731
1943,62176,1019.8702470766798,1604.6357580396107
1944,62208,268.82340529593614,1602.0625041081785
1945,62240,492.7087480255771,1602.6001496920908
1946,62272,562.3707663373891,1605.397551897341
1947,62304,1299.0588259878105,1605.6806902309743
1948,62336,739.5362561629381,1611.0810193619293
1949,62368,2654.840846369986,1064.5975713721782
1950,62400,737.4504409726412,1056.2502656352704
1951,62432,1431.772976680704,1068.215219672672
1952,62464,263.79066505856,1054.4550017562865
1953,62496,246.4096704255652,1039.9895226579015
1954,62528,2289.5278649733714,1059.4241881110236
1955,62560,328.7836536109334,1049.399837817269
1956,62592,1139.9150216756323,1054.7609421455263
1957,62624,1133.360489658281,1062.2303581998183
1958,62656,263.6425243395476,1057.8883876509205
1959,62688,1433.761424184032,1063.5835156626981
1960,62720,208.69586856128043,1061.7767922969651
1961,62752,511.8342534390547,1053.8822731380774
1962,62784,1272.8371712147832,1063.6750447384852
1963,62816,199.26500306990255,1060.2717443091126
1964,62848,1683.4640007821638,1066.7100791088496
1965,62880,450.7174763382885,1058.15220003204
1966,62912,834.9167989755462,1062.0468009430142
1967,62944,411.42946131137904,1059.3649897073585
1968,62976,751.3139895801479,1035.3879476219781
1969,63008,1026.037991707607,1044.960196936564
1970,63040,20856.31924376527,1230.5856430794706
1971,63072,2599.5866007018612,1254.549357675194
1972,63104,497.5642139053202,1250.1428718335828
1973,63136,213.99679160890648,1246.7664868612535
1974,63168,626.646473206802,1155.6823154697167
1975,63200,897.5514386484471,1160.6493099014854
1976,63232,380.861297658564,1159.9591669695747
1977,63264,454.7047597871369,1151.499665673652
1978,63296,667.3967668900569,1134.373880948299
1979,63328,2260.446053562499,1155.4100322914996
1980,63360,3510.1409956064554,1188.5267180999194
1981,63392,746.1659989684126,1178.343855128466
1982,63424,655.73579802974,1182.9552470505926
1983,63456,340.91965411570675,1174.4106663298012
1984,63488,331.92567820243323,1174.1836620010547
1985,63520,698.4544523391686,1174.9818109980788
1986,63552,1302.4018343520577,1182.6545154492678
1987,63584,396.3754585626045,1182.1112796567766
1988,63616,141.46808075742712,1177.185456423102
1989,63648,18498.70989870899,1343.2210774869907
1990,63680,124.34373048043904,1326.4046151446505
1991,63712,272.6278176618375,1318.3267079723987
1992,63744,10155.173134629016,1408.4387948775993
1993,63776,412.8903599532635,1403.1903016460446
1994,63808,305.5457817712139,1404.6859328560531
1995,63840,696.192761972567,1409.40425788205
1996,63872,609.4286461169503,1412.7289055372312
1997,63904,534.3654428735488,1406.6592699677085
1998,63936,1013.631201698602,1395.8000174417973
1999,63968,470.4227411603166,1397.5772788404693
2000,64000,507.32057114081357,1399.9471243904136
2001,64032,2444.4742019675473,1419.1227584458488
2002,64064,88.59324835617198,1416.8972033745706
2003,64096,223.7214660123999,1410.1850978560287
2004,64128,234.82318401240593,1409.266661431863
2005,64160,725.28921687022,1408.7124836580456
2006,64192,362.8252753282929,1366.4998177841314
2007,64224,321.73515308402244,1368.981996894537
2008,64256,280.629620678271,1369.839275294503
2009,64288,2169.04692913728,1386.3274661219327
2010,64320,1343.907149280407,1388.5039030285086
2011,64352,2309.3077655774973,1409.4757869065927
2012,64384,922.7497360311897,1414.600868511601
2013,64416,406.8423315768259,1397.3550175447576
2014,64448,755.8236468362111,1402.1456836954735
2015,64480,291.7385454204621,1391.2697264778496
2016,64512,1153.4217598775062,1399.6383750967398
2017,64544,346.29527044603316,1399.1258093589688
2018,64576,951.46101355929,1284.4597752897475
2019,64608,632.7806374858455,1287.0382000586978
2020,64640,632.8063977557838,1291.6659305853673
2021,64672,392.10281879021403,1277.105846512297
2022,64704,418.44821485990894,1274.7037557744595
2023,64736,1626.222840960112,1284.9369701068713
2024,64768,139.0559304808441,1279.1229676494252
2025,64800,682.7316409153754,1282.4841914378826
2026,64832,824.625571135219,1276.918633750521
2027,64864,642.9802476994578,1278.718531411395
2028,64896,1064.24338538988,1286.5517417028357
2029,64928,1151.767352541205,1291.23185527842
2030,64960,474.6024216252662,1289.2638944731027
2031,64992,7658.986417439971,1364.0996360662987
2032,65024,145.89945094313117,1356.1223339607734
2033,65056,732.3431607875048,1359.3346300386386
2034,65088,22267.069386817326,1551.1838754665278
2035,65120,465.43881893449753,1553.4301796302325
2036,65152,244.6531228522839,1548.6172705214358
2037,65184,3913.1561254119065,1585.6971845932999
2038,65216,1859.6076665668295,1588.645097884068
2039,65248,305.6627571636492,1584.5232590002324
2040,65280,464.73113985216145,1581.5081474386361
2041,65312,289.1932620821298,1580.3402323835521
2042,65344,1453.6589326872213,1586.5090273588194
2043,65376,2016.8282673926958,1596.4786075619797
2044,65408,1715.0072979865993,1610.9404464888862
2045,65440,464.89317655012115,1610.6622907741316
2046,65472,748.5176202773878,1612.5237593135316
2047,65504,996.8458558073265,1609.5016296117267
2048,65536,1271.8466275016817,1614.824733325114
2049,65568,1704.5711686278696,1605.322036547693
2050,65600,1235.4536528114922,1610.3020686660818
2051,65632,175.22147112111756,1597.7365536104855
2052,65664,328.7731118338009,1598.386378078238
2053,65696,357.5069679318321,1599.497351053301
2054,65728,567.9014042921652,1582.2810864464886
2055,65760,3714.2227474837237,1616.1354773852167
2056,65792,458.7148901420614,1609.3234760698806
2057,65824,265.0150253884595,1600.6400214271823
2058,65856,863.1413147362716,1606.6350093311496
2059,65888,463.0595590025678,1596.9279906793354
2060,65920,701.5104943630025,1601.8561369373524
2061,65952,1534.4670594642007,1612.0824649976037
2062,65984,584.3535533585848,1605.1976288190417
2063,66016,808.7813184388599,1611.292791972731
2064,66048,843.7865352535968,1602.8960173174455
2065,66080,1712.9469363963603,1615.5183119180263
2066,66112,890.1382309664879,1616.0705262379356
2067,66144,314.0488175399948,1615.0967198002218
2068,66176,2921.750056607342,1636.8010804704936
2069,66208,1315.7378340981206,1639.698078894399
2070,66240,666.0871331665895,1437.7957577884124
2071,66272,442.16932176338065,1416.2215849990278
2072,66304,691.3141808506026,1418.1590846684805
2073,66336,268.8321070537873,1418.707437822929
2074,66368,1226.1646221397148,1424.702619312258
2075,66400,54.66785452341475,1416.2737834710076
2076,66432,3967.4646011694417,1452.1398165061164
2077,66464,707.199680645851,1454.6647657147037
2078,66496,225.9635295066675,1450.25043334087
2079,66528,4437.835476786267,1472.0243275731075
2080,66560,485.18885755903733,1441.7748061926334
2081,66592,230.2588820170615,1436.61573502312
2082,66624,375.22673694812926,1433.810644412304
2083,66656,698.5264430935496,1437.3867123020825
2084,66688,437.7238351797528,1438.4446938718556
2085,66720,441.7211620671783,1435.877360969136
2086,66752,162.59916885378982,1424.479334314153
2087,66784,724.941836563404,1427.764998094161
2088,66816,1349.6276158910377,1439.846593445497
2089,66848,674.3670665975125,1261.603165124382
2090,66880,245.07481310445002,1262.8104759506223
2091,66912,696.5039552335174,1267.0492373263392
2092,66944,97.50243004756548,1166.4725302805248
2093,66976,98.06800597415597,1163.3243067407336
2094,67008,277.6410843618198,1163.0452597666397
2095,67040,420.34600307989774,1160.286792177713
2096,67072,139.13532922951907,1155.5838590088385
2097,67104,1308.4450710116168,1163.3246552902194
2098,67136,1387.271343687693,1167.0610567101103
2099,67168,661.5927327370671,1168.9727566258778
2100,67200,603.6716857905739,1169.9362677723752
2101,67232,262.624131167949,1148.1177670643792
2102,67264,559.162156048147,1152.823456141299
2103,67296,141.97574399382535,1152.0059989211131
2104,67328,204.2287234173623,1151.7000543151628
2105,67360,215.4546810525913,1146.6017089569866
2106,67392,1128.4576049483094,1154.258032253187
2107,67424,2796.1276468944698,1179.0019571912915
2108,67456,640.6424265350925,1182.6020852498598
2109,67488,417.8589103513367,1165.0902050620002
2110,67520,505.19715055645503,1156.7031050747605
2111,67552,109.02225409551255,1134.7002499599407
2112,67584,3198.117885960235,1157.4539314592312
2113,67616,1554.9285338771092,1168.934793482234
2114,67648,133.81936977432864,1162.7147507116151
2115,67680,979.9465820555503,1169.596831077966
2116,67712,150.80976281426436,1159.5707111073336
2117,67744,203.64685565338527,1158.1442269594072
2118,67776,307.65214384348536,1151.7061382622492
2119,67808,5031.633312443489,1195.6946650118257
2120,67840,351.0457402255369,1192.877058436523
2121,67872,419.40655823558757,1193.1500958309766
2122,67904,658.9420316274102,1195.5550339986519
2123,67936,447.03387273832516,1183.7631443164341
2124,67968,1358.7990386637518,1195.9605753982632
2125,68000,1262.97512787182,1201.7630102678274
2126,68032,1498.9269337108951,1208.5060238935841
2127,68064,216.6690937782512,1204.2429123543723
2128,68096,1585.3040321776778,1209.45351882225
2129,68128,557.6980757062554,1203.5128260539004
2130,68160,1204.3436801478035,1210.8102386391258
2131,68192,5655.322567995357,1190.77360014468
2132,68224,916.6525254727125,1198.4811308899755
2133,68256,344.99226845872556,1194.607621966688
2134,68288,365.2180670686872,975.5891087692016
2135,68320,442.8404304625008,975.3631248844815
2136,68352,5456.831101364567,1027.4849046696042
2137,68384,220.1851789561459,990.5551952050467
2138,68416,193.13058962158132,973.8904244355942
2139,68448,813.8412947949728,978.9722098119075
2140,68480,268.9344006257072,977.014242419643
2141,68512,810.0714019574634,982.2230238183963
2142,68544,934.4820056386573,977.0312545479106
2143,68576,274.26204228664716,959.6055922968501
2144,68608,144.1437467120205,943.8969567841043
2145,68640,388.2080729777212,943.1301057483802
2146,68672,597.6222007322052,941.6211515529284
2147,68704,583.2991456429282,937.4856844512843
2148,68736,663.4046917243302,931.4012650935108
2149,68768,322.12726885961507,917.5768260958283
2150,68800,292.73700504984663,908.1496596182119
2151,68832,1682.3185887795528,923.2206307947963
2152,68864,13656.679533088078,1056.4996950073391
2153,68896,106.24108411869074,1053.9870361692076
2154,68928,462.9861115662558,1052.9378832419486
2155,68960,1386.3639075121303,1029.6592948422326
2156,68992,169.69106316875153,1026.7690565724997
2157,69024,2300.6167411721435,1047.1250737303367
2158,69056,426.4647955311954,1042.7583085382857
2159,69088,337.8647237701886,1041.5063601859617
2160,69120,644.2352175167764,1040.9336074174998
2161,69152,497.17550983214494,1030.560691921179
2162,69184,816.8181393222407,1032.8853377808155
2163,69216,1994.5473205804587,1044.7429978022315
2164,69248,509.7097211763803,1041.4022296614596
2165,69280,525.2207770478835,1029.5249680679747
2166,69312,1203.2297018079148,1032.6558827763888
2167,69344,1922.0226539380249,1048.7356211403694
2168,69376,2778.510382285635,1047.3032243971522
2169,69408,2213.244192274176,1056.2782879789127
2170,69440,326.96042450557235,1052.8870208923024
2171,69472,2878.359335255417,1077.2489210272229
2172,69504,705.1288156122146,1077.387067374839
2173,69536,2216.4257389464888,1096.863003693766
2174,69568,2465.630590329028,1109.2576633756591
2175,69600,114.73904066758055,1109.858375237101
2176,69632,269.4747337877823,1072.8784765632843
2177,69664,154.62099858500056,1067.352689742676
2178,69696,1037.6146263508645,1075.4692007111178
2179,69728,6586.723154677592,1096.9580774900312
2180,69760,452.9560131289336,1096.6357490457299
2181,69792,645.6836960285121,1100.7899971858444
2182,69824,369.47901505189435,1100.7325199668821
2183,69856,4350.587895864487,1137.2531344945914
2184,69888,810.1278292154234,1140.9771744349478
2185,69920,1374.1342193589505,1150.301305007866
2186,69952,916.2994717731124,1157.8383080370593
2187,69984,509.68775594620973,1155.6857672308874
2188,70016,475.69121470124213,1146.9464032189894
2189,70048,1672.1371487563435,1156.9241040405775
2190,70080,4812.222666603567,1202.5955825755686
2191,70112,565.248824829492,1201.2830312715282
2192,70144,2723.3131772152306,1227.541138743205
2193,70176,349.6531522994709,1230.0569902064583
2194,70208,239.35656985045097,1229.6741450613445
2195,70240,2066.490541130001,1246.1355904418456
2196,70272,831.2851375865446,1253.0570885254158
2197,70304,10408.28250692648,1344.0554628845646
2198,70336,159.02086802394606,1331.7729581279268
2199,70368,2054.9120664674624,1345.7061514652307
2200,70400,1393.5582295670845,1353.605016902996
2201,70432,1111.5164707578836,1362.0939402988952
2202,70464,272.87064270636694,1359.2310251654774
2203,70496,718.31286043263,1364.9943963298656
2204,70528,489.4019650409306,1367.8461287461012
2205,70560,229.4024872096876,1367.9856068076724
2206,70592,1410.4229262898662,1370.8052600210879
2207,70624,713.9133743310349,1349.9831172954532
2208,70656,2069.430431936703,1364.2709973494696
2209,70688,980.3731598589324,1369.8961398445458
2210,70720,1516.6940065562158,1380.0111084045434
2211,70752,1941.8048545662525,1398.3389344092507
2212,70784,2210.3978357809406,1388.4617339074578
2213,70816,1295.6918973729064,1385.8693675424156
2214,70848,2050.5542874695766,1405.036716719368
2215,70880,495.9865890402781,1400.1971167892154
2216,70912,261.55559747093486,1401.304575135782
2217,70944,233.6464533482777,1401.604571112731
2218,70976,517.2613903092575,1403.7006635773887
2219,71008,266.413938380805,1356.0484698367618
2220,71040,1224.002599484184,1364.7780384293483
2221,71072,10405.093140172221,1464.6349042487145
2222,71104,128.07919004046033,1459.326275832845
2223,71136,460.43231813874746,1459.4602602868492
2224,71168,337.4764030343636,1449.2470339305555
2225,71200,280.8779849475119,1439.4260625013123
2226,71232,852.6749783943405,1432.9635429481468
2227,71264,397.9815270590367,1434.7766672809546
2228,71296,379.45671127343445,1422.718194071912
2229,71328,963.2714073187427,1426.773927388037
2230,71360,781.8698097702841,1422.5491886842617
2231,71392,219.87682239158755,1368.194731228224
2232,71424,350.7077516838026,1362.5352834903351
2233,71456,507.64196117528115,1364.1617804175007
2234,71488,810.7240721300356,1368.616840468114
2235,71520,113.05423467940257,1365.3189785102832
2236,71552,817.0002245636197,1318.9206697422735
2237,71584,375.45727603058253,1320.473390713018
2238,71616,4350.410947343602,1362.0461942902384
2239,71648,223.01650862525074,1356.137946428541
2240,71680,807.9995402467163,1361.5285978247514
2241,71712,761.9063672428482,1361.0469474776053
2242,71744,435.06688567128646,1356.0527962779315
2243,71776,2179.247536028003,1375.1026512153448
2244,71808,290.2690216881966,1376.5639039651064
2245,71840,351.48209313135095,1376.196644166643
2246,71872,237.03904639878246,1372.5908126233087
2247,71904,1234.1673259989213,1379.0994944268687
2248,71936,274.7285255081925,1375.2127327647074
2249,71968,3057.624133745993,1402.5677014135713
2250,72000,764.0193993850145,1407.280525356923
2251,72032,4536.250441396153,1435.8198438830889
2252,72064,1576.2144902629816,1315.015193454838
2253,72096,1368.676568835666,1327.6395483020076
2254,72128,1054.4854564712505,1333.5545417510575
2255,72160,247.2931671836033,1322.1638343477723
2256,72192,391.22091288217956,1324.3791328449065
2257,72224,1774.0090495909778,1319.1130559290948
2258,72256,1501.2419846366543,1329.8608278201493
2259,72288,97.97630209653728,1327.461943603413
2260,72320,1421.6140768936905,1335.235732197182
2261,72352,505.1754153286946,1335.3157312521475
2262,72384,391.84720944505307,1331.0660219533759
2263,72416,2957.0925336228474,1340.6914740838
2264,72448,2359.6122060439775,1359.1904989324757
2265,72480,311.7840988083262,1357.0561321500804
2266,72512,1034.6202249729542,1355.3700373817305
2267,72544,167.1767918220562,1337.8215787605707
2268,72576,87.65776147000332,1310.9130525524145
2269,72608,211.52221484483175,1290.8958327781208
2270,72640,881.7426063232531,1296.4436545962978
2271,72672,758.6298295751382,1275.246359539495
2272,72704,1089.2080003238973,1279.0871513866118
2273,72736,1101.7973355791016,1267.940867352938
2274,72768,4990.079543674065,1293.1853568863887
2275,72800,238.2424765093571,1294.4203912448065
2276,72832,694.0200058712286,1298.6658439656408
2277,72864,375.70303360584154,1300.876664315849
2278,72896,278.96493990098224,1293.2901674513505
2279,72928,347.2557988446083,1230.8954938930206
2280,72960,486.24453028794983,1231.2283790646106
2281,72992,651.9458183150763,1231.2910002874762
2282,73024,791.782223641073,1235.514032373368
2283,73056,175.36654514132778,1193.7618188661363
2284,73088,474.7977320052295,1190.4085178940345
2285,73120,112.74436393231065,1177.794619339768
2286,73152,291.5532593122084,1171.547157215159
2287,73184,947.580182892612,1175.926081484623
2288,73216,121.74025653233555,1172.3865719029336
2289,73248,4860.482692313579,1204.270027338506
2290,73280,443.3385773491786,1160.5811864459622
2291,73312,188.98763287478775,1156.8185745264154
2292,73344,237.30285916323925,1131.9584713458955
2293,73376,435.7291009438804,1132.8192308323396
2294,73408,154.79025160857915,1131.9735676499208
2295,73440,545.0585232581655,1116.7592474712023
2296,73472,107.747619072125,1109.523872286058
2297,73504,527.5679899773305,1010.7167271165665
2298,73536,471936.0352712458,5728.486871148785
2299,73568,398.02860088565,5711.918036492967
2300,73600,1366.0663481501979,5711.643117678798
2301,73632,653.4912811764306,5707.062865782983
2302,73664,1096.4503162151054,5715.298662518071
2303,73696,3210.2905335156943,5740.218439248902
2304,73728,151.8298618370717,5736.842718216864
2305,73760,1033.0795154947432,5744.879488499715
2306,73792,1578.6807294396879,5746.562066531212
2307,73824,2607.7657930771325,5765.500590718673
2308,73856,2639.2969768212997,5771.19925616752
2309,73888,657.1703997293957,5767.967228566224
2310,73920,2940.496786385016,5782.205256364512
2311,73952,1196.4616508864624,5774.751824327714
2312,73984,3335.6403137050534,5786.004249106956
2313,74016,1828.174617184332,5791.32907630507
2314,74048,362.1850252858696,5774.445383683232
2315,74080,504.8400718146772,5774.533918510976
2316,74112,1497.3526438808003,5786.891888975075
2317,74144,131.6272359699339,5785.871696801291
2318,74176,367.9387655785037,5784.378470553985
2319,74208,428.76317128221785,5786.001962882999
2320,74240,1751.1954171968039,5791.273891060125
2321,74272,468.7180782973945,5691.910140441376
2322,74304,595.6989972458935,5696.58633851343
2323,74336,272.7196269572275,5694.709211601615
2324,74368,663.5193095920613,5697.969640667193
2325,74400,495.87154950146163,5700.119576312733
2326,74432,936.3475551874883,5700.9563020806645
2327,74464,1789.9952904418776,5714.876439714492
2328,74496,478.336165750645,5715.865234259264
2329,74528,3134.0447345467055,5737.572967531543
2330,74560,396.07580375589725,5733.7150274713995
2331,74592,1791.4059718908766,5749.430318966392
2332,74624,2021.614464213245,5766.139386091688
2333,74656,1643.6843172697963,5777.499809652632
2334,74688,870.7775480886188,5778.100344412217
2335,74720,2001.5133269095913,5796.984935334519
2336,74752,1017.834035739508,5798.993273446279
2337,74784,670.6209406757199,5801.9449100927295
2338,74816,661.3406500955286,5765.054207120248
2339,74848,18483.64259415416,5947.660467975537
2340,74880,182.9401986712431,5941.409874559783
2341,74912,379.7719295765627,5937.588530183121
2342,74944,6690.941846770588,6000.147279794113
2343,74976,282.92968311363467,5981.18410126497
2344,75008,400.45159960924576,5982.285927044181
2345,75040,1656.083440531796,5995.331940518186
2346,75072,116.32753314650286,5994.124825385662
2347,75104,6733.197276225949,6049.115124887932
2348,75136,1607.513371572884,6062.4429733485795
2349,75168,539.6298147048265,6037.263030158168
2350,75200,634.3824509376898,6035.966660673695
2351,75232,989.7976619502957,6000.502132879236
2352,75264,439.81356041102254,5989.138123580716
2353,75296,83176.7222638246,6807.218580530605
2354,75328,518.461006213197,6801.858336028025
2355,75360,337.0430784936168,6802.755835141127
2356,75392,63.84904281512711,6799.482116440456
2357,75424,534.1782975791463,6787.083808920337
2358,75456,724.0540272601753,6779.3119293465725
2359,75488,1623.138355304888,6794.563549878656
2360,75520,537.0573527483599,6785.717982637201
2361,75552,4675.529474214855,6827.421523226062
2362,75584,238.48420904243827,6825.887893222037
2363,75616,2039.7358941051564,6816.714326826861
2364,75648,3413.2977141326814,6827.251181907747
2365,75680,478.7974355842266,6828.9213152755065
2366,75712,763.8853846473595,6826.213966872249
2367,75744,75.8231503734471,6825.300430457764
2368,75776,196.1053257934227,6826.384906100999
2369,75808,332.9851843048485,6827.599535795599
2370,75840,420.4105570896835,6822.986215303264
2371,75872,991.3577682984304,6825.313494690497
2372,75904,361.5944940977764,6818.037359628235
2373,75936,1076.8705177078211,6817.788091449523
2374,75968,610.0890597039979,6773.988186609821
2375,76000,663.9174437640532,6778.244936282368
2376,76032,566.4082286453879,6776.96881851011
2377,76064,228.95647420264677,6775.501352916079
2378,76096,262.69088936749876,6775.338612410743
2379,76128,12087.13572605958,6892.737411682893
2380,76160,264.7897380277049,6890.52286376029
2381,76192,789.8650002174254,6891.902055579314
2382,76224,410.43834259225224,6888.088616768825
2383,76256,97.79023973014928,6887.312853714713
2384,76288,489.73788356097344,6887.462255230273
2385,76320,310.1730852600754,6889.436542443549
2386,76352,488.40122455431197,6891.40502209597
2387,76384,661.4480612210747,6888.543700879255
2388,76416,3778.6065554859133,6925.112363868791
2389,76448,905.0649273812373,6885.558186219468
2390,76480,797.4236460900777,6889.099036906876
2391,76512,2616.8459815604824,6913.377620393733
2392,76544,141.56684762572456,6912.420260278359
2393,76576,1470.9284336518897,6922.772253605439
2394,76608,239.33312877148188,6923.6176823770675
2395,76640,1058.9073294741015,6928.7561704392265
2396,76672,954.1950522088958,6937.220644770595
2397,76704,2647.1750193741977,6958.4167150645635
2398,76736,177.50405337330884,2240.831402885837
2399,76768,773.5145122162978,2244.5862619991435
2400,76800,425.8285705309499,2235.183884222951
2401,76832,574.1873701619163,2234.390845112806
2402,76864,1480.7917036743736,2238.234258987399
2403,76896,1143.7299183180637,2217.568652835422
2404,76928,270.37816408803457,2218.754135857932
2405,76960,1062.9092180759953,2219.0524328837446
2406,76992,190.38861588882475,2205.169511748236
2407,77024,201.72729387190105,2181.1091267561837
2408,77056,165.4891683043537,2156.3710486710143
2409,77088,555.9667325637545,2155.359011999358
2410,77120,883.5894490093908,2134.7899386256013
2411,77152,513.7537002193338,2127.9628591189303
2412,77184,212.56504577251016,2096.7321064396046
2413,77216,1090.2411711503487,2089.352771979265
2414,77248,2103.8731395236514,2106.769653121643
2415,77280,667.744300531813,2108.398695408814
2416,77312,183.76525565023232,2095.2628215265086
2417,77344,471.2786951297377,2098.6593361181067
2418,77376,9407.380098611111,2189.053749448433
2419,77408,756.2230843551939,2192.328348579162
2420,77440,944.1954674246552,2184.258349081441
2421,77472,310.3358694658682,2182.6745269931253
2422,77504,2576.345010489844,2202.4809871255648
2423,77536,2777.983216761542,2227.533623023608
2424,77568,1053.0573715065493,2231.4290036427533
2425,77600,894.0123148958011,2235.4104112966966
2426,77632,330.21576361781246,2229.349093381
2427,77664,749.9013914443976,2218.9481543910247
2428,77696,613.1270465386341,2220.2960631989044
2429,77728,195.01256517587143,2190.9057415051966
2430,77760,181.63689001405524,2188.761352367778
2431,77792,2121.816547550097,2192.06545812437
2432,77824,1681.8495371977606,2188.667808854215
2433,77856,474.86792107406416,2176.979644892258
2434,77888,271.424540886203,2170.986114820234
2435,77920,2343.7918735982753,2174.4089002871206
2436,77952,384.00750062718186,2168.0706349359975
2437,77984,270.0515414987358,2164.064940944228
2438,78016,167.17301594915602,2159.1232646027643
2439,78048,536.3655821660601,1979.650494482883
2440,78080,944.4664102638271,1987.2657565988088
2441,78112,242.34004611387854,1985.8914377641818
2442,78144,222.80141803801342,1921.210033476856
2443,78176,258.73940962716574,1920.9681307419917
2444,78208,2134.7127826879287,1938.3107425727787
2445,78240,450.5988717621145,1926.2558968850817
2446,78272,287.34239435381426,1927.966045497155
2447,78304,427.69124504965384,1864.910985185392
2448,78336,3732.0819746280495,1886.1566712159436
2449,78368,512.5346874454707,1885.8857199433498
2450,78400,306.2712477066026,1882.6046079110388
2451,78432,555.6663110823467,1878.2632944023594
2452,78464,2333.4851589289974,1897.2000103875391
2453,78496,650.8330666547083,1071.94111841584
2454,78528,602.7162941124923,1072.783671294833
2455,78560,4455.509781992821,1113.9683383298254
2456,78592,761.7895260184855,1120.9477431618593
2457,78624,384.1645922733231,1119.447606108801
2458,78656,706.8095965582147,1119.2751618017812
2459,78688,1308.1322677337953,1116.1251009260702
2460,78720,2801.9007073895577,1138.7735344724822
2461,78752,478.09657990672537,1096.7992055294008
2462,78784,19395.527936338898,1288.3696428023654
2463,78816,1280.9254359705703,1280.7815382210194
2464,78848,1873.08136108911,1265.3793746905837
2465,78880,1248.9284973458236,1273.0806853082
2466,78912,580.4832261353043,1271.246663723079
2467,78944,300.1459385203503,1273.4898916045486
2468,78976,2479.059204378917,1296.3194303904036
2469,79008,276.7282431296185,1295.7568609786513
2470,79040,202.30574993346065,1293.575812907089
2471,79072,1793.7929369035467,1301.6001645931399
2472,79104,221.63254578956577,1300.2005451100576
2473,79136,1057.1672845737494,1300.0035127787169
2474,79168,319.6953192088905,1297.0995753737657
2475,79200,3785.228171539562,1328.3126826515208
2476,79232,188.17505352654985,1324.5303509003327
2477,79264,236.35250837131383,1324.6043112420193
2478,79296,319.35119726955185,1325.1709143210398
2479,79328,39.728297140563704,1204.6968400318497
2480,79360,165.1240778119552,1203.700183429692
2481,79392,3210.8952865194824,1227.9104862927127
2482,79424,730.1454877583986,1231.1075577443744
2483,79456,2561.6162694827744,1255.7458180419005
2484,79488,696.3655704500694,1257.8120949107918
2485,79520,392.02411963220334,1258.630605254513
2486,79552,821.5346454125104,1261.961939463095
2487,79584,496.7390035913909,1260.314848886798
2488,79616,1526.677797841625,1237.795561310355
2489,79648,497.02455158360806,1233.7151575523787
2490,79680,2825.241351972885,1253.9933346112068
2491,79712,889.8483512622126,1236.723358308224
2492,79744,592.1460350149026,1241.229150182116
2493,79776,1267.5666659859012,1239.195532505456
2494,79808,2215.604783677147,1258.9582490545126
2495,79840,773.3837175123853,1256.1030129348956
2496,79872,459.7060471949232,1251.1581228847554
2497,79904,468.6632610563057,1229.3730053015768
2498,79936,4651.476435499783,1274.1127291228413
2499,79968,210.66426752118923,1268.48422667589
2500,80000,69.79650742943782,1264.9239060448751
2501,80032,477.2681878927888,1263.954714222184
2502,80064,630.4690365962388,1255.4514875514026
2503,80096,291.12424731665214,1246.9254308413886
2504,80128,249.81297775501005,1246.7197789780582
2505,80160,1195.3504325754957,1248.0441911230532
2506,80192,1875.7570557940046,1264.8978755221049
2507,80224,2763.583839205826,1290.516440975444
2508,80256,17156.148416862976,1460.4230334610302
2509,80288,52.44831209847562,1455.3878492563776
2510,80320,757.1394139572827,1454.1233489058568
2511,80352,1483.5393124661791,1463.8212050283253
2512,80384,388.08966007022235,1465.5764511713026
2513,80416,1306.3407022935667,1467.7374464827346
2514,80448,737.6434896622379,1454.0751499841206
2515,80480,540.8615159449836,1452.8063221382524
2516,80512,518.8821789599402,1456.1574913713491
2517,80544,148.85729152125936,1452.9332773352644
2518,80576,271.1994643609911,1361.5714709927631
2519,80608,160.47200114683235,1355.6139601606794
2520,80640,104.75099433758312,1347.2195154298088
2521,80672,709.915395770114,1351.2153106928513
2522,80704,1985.9141034475258,1345.3110016224282
2523,80736,211.83551646120858,1319.6495246194247
2524,80768,1004.4767991042398,1319.1637188954016
2525,80800,3468.9359104908385,1344.912954851352
2526,80832,1457.467465929638,1356.1854718744698
2527,80864,456.4594865080044,1353.2510528251062
2528,80896,488.288293370922,1352.0026652934291
2529,80928,415.4660802772073,1354.2072004444426
2530,80960,921.8340197688614,1361.6091717419908
2531,80992,589.5490011342837,1346.2864962778326
2532,81024,196.02139408058076,1331.4282148466607
2533,81056,109.71634386878154,1327.776699074608
2534,81088,1887.5078789292252,1343.937532455038
2535,81120,768.3305645611072,1328.1829193646665
2536,81152,507.97385465314613,1329.422582904926
2537,81184,347.7706975734929,1330.1997744656735
2538,81216,458.15207424439285,1333.1095650486259
2539,81248,130.54110708854233,1329.0513202978507
2540,81280,234.6105851179454,1321.9527620463919
2541,81312,1987.894270864088,1339.408304293894
2542,81344,397.706482510217,1341.157354938616
2543,81376,621.4926942010777,1344.7848877843553
2544,81408,1166.8501439249849,1335.1062613967258
2545,81440,344.73987914730685,1334.0476714705778
2546,81472,795.4039182589675,1339.1282867096295
2547,81504,4155.229982069756,1376.4036740798301
2548,81536,286.6780707257939,1341.9496350408078
2549,81568,1034.4468031556914,1347.16875619791
2550,81600,214.50423442632828,1346.251086065107
2551,81632,740.7070450981372,1348.101493405265
2552,81664,672.3435053928996,1331.490076869904
2553,81696,326.1180406783509,1328.2429266101406
2554,81728,372.712542268904,1325.942889091705
2555,81760,401.3985961993563,1285.4017772337702
2556,81792,368.17168135252865,1281.4655987871106
2557,81824,856.1088377106021,1286.1850412414833
2558,81856,179.89075004983383,1280.9158527763993
2559,81888,843.4173047178152,1276.2687031462397
2560,81920,1636.292193142102,1264.612618003765
2561,81952,1394.9183104858475,1273.7808353095563
2562,81984,291.88417527983023,1082.7443976989655
2563,82016,164.58548883482382,1071.580998227608
2564,82048,451.76161061295784,1057.3678007228466
2565,82080,109.98581085915484,1045.97837385798
2566,82112,3964.944081423937,1079.8229824108662
2567,82144,506.69097787672774,1081.88843280443
2568,82176,285.8707622661222,1059.956548383302
2569,82208,1983.4777645841407,1077.0240435978474
2570,82240,171.22096253368483,1076.7131957238496
2571,82272,1192.3702913470154,1070.6989692682841
2572,82304,520.3962464923073,1073.6866062753115
2573,82336,373.6693522951815,1066.851626952526
2574,82368,252.02512176908894,1066.174924978128
2575,82400,227.05117257059266,1030.5931549884383
2576,82432,122.28934895286436,1029.9342979427015
2577,82464,367.51966285345196,1031.2459694875229
2578,82496,3149.10590570393,1059.5435165718666
2579,82528,412.82082255792426,1063.2744418260404
2580,82560,796.7803293488521,1069.5910043414092
2581,82592,240.62012642441567,1039.8882527404585
2582,82624,301.1698517497928,1035.5984963803726
2583,82656,1434.2623694333668,1024.3249573798785
2584,82688,1185.0510013158726,1029.2118116885365
2585,82720,237.66081958092272,1027.6681786880238
2586,82752,887.5220302183554,1028.3280525360822
2587,82784,886.9473308628285,1032.2301358087966
2588,82816,4848.1073359672955,1065.4444311900531
2589,82848,2119.5212768316114,1081.6693984425333
2590,82880,268.42783948419105,1056.101263317646
2591,82912,206.16611038563414,1049.2644409088803
2592,82944,423.4881810063377,1047.5778623687947
2593,82976,427.1173507025625,1039.1733692159614
2594,83008,564.0178135965654,1022.6574995151557
2595,83040,363.85089440894416,1018.5621712841213
2596,83072,335.69047265318403,1017.322015538704
2597,83104,603.3602625272133,1018.6689855534131
2598,83136,418.3446371078656,976.3376675694936
2599,83168,506.71623980811063,979.2981872923629
2600,83200,2106.6469685902152,999.6666919039707
2601,83232,336.26820037377814,998.2566920287805
2602,83264,233.2713577510371,994.2847152403285
2603,83296,1444.2168737452155,1005.8156415046142
2604,83328,3335.0355607012652,1036.6678673340768
2605,83360,104.55656563352545,1025.759928664657
2606,83392,600.9696558097155,1013.0120546648142
2607,83424,124.90247341876093,986.6252410069435
2608,83456,565.5894200652082,820.7196510389658
2609,83488,463.15451166423003,824.8267130346235
2610,83520,1424.7138960429256,831.5024578554799
2611,83552,484.8153336449328,821.5152180672673
2612,83584,908.8289934910226,826.7226114014754
2613,83616,527.65895593055,818.9357939378453
2614,83648,811.9940687714848,819.6792997289376
2615,83680,29.74544023994557,814.5681389718873
2616,83712,131.40275361761496,810.693344718464
2617,83744,305.8577417068648,812.2633492203199
2618,83776,299.33759504983294,812.5447305272085
2619,83808,314.9461144426427,814.0894716601666
2620,83840,375.95661126304606,816.8015278294212
2621,83872,256.8185061649556,812.2705589333697
2622,83904,145.11154893681703,793.8625333882624
2623,83936,1076.7303695725618,802.5114819193759
2624,83968,1169.0788672794629,804.1575026011283
2625,84000,188.12282381257538,771.3493717343458
2626,84032,805.017942336305,764.8248764984124
2627,84064,141.53129308648687,761.6755945641972
2628,84096,289.1325414458468,759.6840370449464
2629,84128,447.5937369383966,760.0053136115582
2630,84160,920.9073400583152,759.9960468144528
2631,84192,146.13032544576592,755.5618600575677
2632,84224,6456.206293676454,818.1637090535264
2633,84256,725.9469470958157,824.3260150857967
2634,84288,283.61031774590913,808.2870394739635
2635,84320,2197.2280511099552,822.5760143394521
2636,84352,1719.3751970905323,834.6900277638259
2637,84384,193.57560595151142,833.1480768476061
2638,84416,663.1646458755902,835.1982025639181
2639,84448,576.3848131886123,839.6566396249189
2640,84480,2282.9235757679553,860.1397695314189
2641,84512,203.8572695249493,842.2993995180274
2642,84544,2347.5637597900063,861.7979722908253
2643,84576,943.3807222203884,865.0168525710185
2644,84608,170.5465571333523,855.0538167031023
2645,84640,796.6294477677852,859.572712389307
2646,84672,701.1107501741394,858.6297807084588
2647,84704,396.8877122637722,821.046358010399
2648,84736,360.6139554895171,821.7857168580362
2649,84768,2812.2480558179645,839.5637293846588
2650,84800,545.5425633303532,842.8741126736991
2651,84832,419.1777825049456,839.6588200477672
2652,84864,253.80072120867874,835.4733922059249
2653,84896,661.2129987578883,838.8243417867203
2654,84928,697.688237643446,842.0740987404657
2655,84960,3607.7061779782603,874.1371745582547
2656,84992,98.46353345216603,871.4400930792513
2657,85024,109.8215795548648,863.9772204976938
2658,85056,128.48987851067363,863.4632117823022
2659,85088,5521.0220140121,910.239258875245
2660,85120,164.18035875618946,895.5181405313858
2661,85152,474.58731813366546,886.314830607864
2662,85184,906.7924754839706,892.4639136099055
2663,85216,93.68695839910879,891.7549283055482
2664,85248,1040.9548746861897,897.6468609462806
2665,85280,227.5747538904609,898.8227503765937
2666,85312,394.9584520473261,863.1228940828277
2667,85344,430.87735343643493,862.3647578384248
2668,85376,487.44866957262246,864.3805369114898
2669,85408,388.39985665406203,848.4297578321889
2670,85440,8530.312214606947,932.0206703529215
2671,85472,648.5923065074317,926.5828905045256
2672,85504,509.5003806493971,926.4739318460965
2673,85536,564.973358609587,928.3869719092405
2674,85568,7192.564836540582,997.7923690569555
2675,85600,281.8410433725988,998.3402677649756
2676,85632,409.92493887903373,1001.2166236642371
2677,85664,360.7249699861557,1001.1486767355641
2678,85696,303.7899817057656,972.6955174955826
2679,85728,634.0909995502784,974.9082192655062
2680,85760,4775.364013700267,1014.6940561090204
2681,85792,673.5625181667629,1019.023480026444
2682,85824,1028.7737170415544,1026.2995186793617
2683,85856,4042.9283919438767,1052.3861789044665
2684,85888,916.6319785907378,1049.7019886772152
2685,85920,206.39461778013094,1049.3893266592072
2686,85952,3115.2648844219675,1071.6667552012432
2687,85984,1690.39259338591,1079.7012078264738
2688,86016,1015.516454787237,1041.3752990146736
2689,86048,1047.7501425595112,1030.6575876719526
2690,86080,544.2258761996409,1033.415568039107
2691,86112,549.8293482509686,1036.8522004177605
2692,86144,866.2603007530201,1041.2799216152273
2693,86176,371.6516944857628,1040.7252650530593
2694,86208,1648.775190616341,1051.572838823257
2695,86240,2057.3595987814756,1068.5079258669823
2696,86272,238.08678404454434,1067.531888980896
2697,86304,6034.481847818715,1121.843104833811
2698,86336,822.4107245928208,1125.8837657086608
2699,86368,2293.2353504902567,1143.7489568154822
2700,86400,914.8092861576672,1131.8305799911566
2701,86432,392.12911573244264,1132.3891891447433
2702,86464,411.6645237745655,1134.1731208049785
2703,86496,842.4567379855051,1128.1555194473815
2704,86528,96.43067631680908,1095.7694706035365
2705,86560,1117.7128890226113,1105.9010338374273
2706,86592,270.4122236116062,1102.5954595154465
2707,86624,505.83694059405804,1106.4048041871995
2708,86656,843.9893973793604,1109.1888039603411
2709,86688,775.5026530497456,1112.3122853741963
2710,86720,913.9967643100318,1107.2051140568672
2711,86752,2429.557472323905,1126.652535443657
2712,86784,1210.9430626351366,1129.6736761350983
2713,86816,365.29396786404095,1128.0500262544333
2714,86848,627.1366850103292,1126.2014524168214
2715,86880,211.05153407930095,1128.014513355215
2716,86912,151.05209910367222,1128.2110068100756
2717,86944,167.72893177451965,1126.8297187107519
2718,86976,1692.1827788116775,1140.7581705483706
2719,87008,1008.9936631024882,1147.698646034969
2720,87040,745.5571059212415,1151.3946509815507
2721,87072,1436.1781361750832,1163.1882472816521
2722,87104,788.0123308035636,1169.6172551003197
2723,87136,29627.745131635107,1455.1274027209452
2724,87168,665.7212759994906,1450.0938268081454
2725,87200,1606.322725762941,1464.2758258276492
2726,87232,1400.9232134103795,1470.23487853839
2727,87264,1035.951785592857,1479.1790834634535
2728,87296,658.6166548844998,1482.8739245978402
2729,87328,6250.437550788111,1540.9023627363372
2730,87360,1053.159875914012,1542.2248880948941
2731,87392,2801.688491832447,1568.780469758761
2732,87424,420.01537461528864,1508.4185605681494
2733,87456,4946.653248616035,1550.6256235833514
2734,87488,104.8823736309549,1548.838344142202
2735,87520,1761.7586612208836,1544.483650243311
2736,87552,1197.4008273946274,1539.2639065463522
2737,87584,443.4891139266302,1541.7630416261034
2738,87616,2898.4259721975463,1564.1156548893232
2739,87648,414.3366151083676,1562.4951729085205
2740,87680,310.81824202058226,1542.7741195710466
2741,87712,1386.075484489786,1554.596301720695
2742,87744,918.0635135915915,1540.3012992587112
2743,87776,551.815495730195,1536.3856469938094
2744,87808,250.25653740300913,1537.1827467965059
2745,87840,537.3955712925044,1534.590408031753
2746,87872,150.59540056799258,1529.0852545356913
2747,87904,182.53240439802434,1526.941701457034
2748,87936,223.35788970253498,1525.5691407991642
2749,87968,15704.265256117153,1654.489312802156
2750,88000,782.4459658077421,1656.8583468269298
2751,88032,2235.433291457288,1675.0209019164533
2752,88064,654.05540042109,1679.0234487085775
2753,88096,937.4895171539468,1681.7862138925382
2754,88128,1764.503356648827,1692.4543650825922
2755,88160,1182.87226515187,1668.2060259543282
2756,88192,487.8743657000989,1672.1001342768075
2757,88224,143.18909295833825,1672.433809410842
2758,88256,359.7545898176786,1674.746456523912
2759,88288,761.144829262799,1627.147684676419
2760,88320,362.8000900643801,1629.133881989501
2761,88352,284.73424369003743,1627.2353512450647
2762,88384,1743.4486293526384,1635.6019127837512
2763,88416,577.3014877943164,1640.4380580777033
2764,88448,2099.8628175000517,1651.027137505842
2765,88480,491.5134638336957,1653.666524605274
2766,88512,2088.2194821578473,1670.599134906379
2767,88544,272.03324226469897,1669.010693794662
2768,88576,7204.442774341153,1736.1806348423474
2769,88608,648.8678493948067,1738.785314769755
2770,88640,11578.339727791306,1769.2655899015986
2771,88672,1160.0924431119897,1774.3805912676441
2772,88704,331.15053174644936,1772.5970927786148
2773,88736,513.9422255281974,1772.0867814478008
2774,88768,774.2567299938934,1707.903700382334
2775,88800,587.8274330942147,1710.96356427955
2776,88832,880.0362951097248,1715.6646778418567
2777,88864,680.0254325573992,1718.8576824675692
2778,88896,4262.897483635675,1758.4487574868685
2779,88928,1131.8089700667924,1763.4259371920339
2780,88960,1663.9972101257397,1732.3122691562885
2781,88992,1780.5145910949643,1743.3817898855707
2782,89024,708.6028486827845,1740.180081201983
2783,89056,8793.472385558649,1787.6855211381305
2784,89088,308.4137776578722,1781.6033391288017
2785,89120,289.3718972873563,1782.4331119238739
2786,89152,145.95013772427083,1752.739964456897
2787,89184,94.31885168729623,1736.779227039911
2788,89216,88.16725514224909,1727.505735043461
2789,89248,88.43619504376578,1717.9125955683035
2790,89280,584.938372820159,1718.3197205345086
2791,89312,495.8548743267248,1717.7799757952664
2792,89344,1180.3387886039259,1720.9207606737755
2793,89376,1820.0630455176483,1735.4048741840945
2794,89408,248.05050761966706,1721.3976273541277
2795,89440,450.4514018834651,1705.3285453851474
2796,89472,536.0695307304454,1708.3083728520064
2797,89504,480.4383111120635,1652.7679374849401
2798,89536,520.1864076267688,1649.7456943152793
2799,89568,1022.0525866117752,1637.0338666764942
2800,89600,445.25848413427804,1632.3383586562604
2801,89632,385.6527462008118,1632.2735949609444
2802,89664,2898.3885584721597,1657.1408353079203
2803,89696,662.8030820868141,1655.3442987489334
2804,89728,5235.9889205237905,1706.7398811910034
2805,89760,366.55817611150115,1699.2283340618922
2806,89792,305.0465423730879,1699.574677249507
2807,89824,782.0415449032057,1702.3367232925984
2808,89856,988.8124082926281,1703.784953401731
2809,89888,417.9389895238084,1700.2093167664716
2810,89920,220.35177736857386,1693.272866897057
2811,89952,531.2661220628692,1674.2899533944467
2812,89984,943.6380949173606,1671.616903717269
2813,90016,111.35463186950409,1669.0775103573235
2814,90048,283.65852241770574,1665.6427287313973
2815,90080,131.94203260197682,1664.851633716624
2816,90112,4145.837910318226,1704.7994918287698
2817,90144,4944.659894394624,1752.568801454971
2818,90176,262.6180169372122,1738.2731538362264
2819,90208,277.04967149782107,1730.9537139201796
2820,90240,899.4570852841165,1732.4927137138086
2821,90272,189.05922112495094,1720.021524563307
2822,90304,536.8104451610501,1717.5095057068816
2823,90336,2637.861455112003,1447.6106689416506
2824,90368,2129.5156482278885,1462.2486126639344
2825,90400,181.88540761823623,1448.0042394824875
2826,90432,941.7804421179452,1443.4128117695632
2827,90464,667.8112312331704,1439.731406225966
2828,90496,689.6714269697494,1440.041953946819
2829,90528,285.1664948862035,1380.3892433877998
2830,90560,3010.7033354028886,1399.9646779826885
2831,90592,117.11554057058834,1373.1189484700697
2832,90624,1043.3723533519415,1379.3525182574363
2833,90656,601.1290858136935,1335.897276629413
2834,90688,306.5900693808233,1337.914353586912
2835,90720,1466.9584387175385,1334.9663513618784
2836,90752,751.1864915774476,1330.5042080037065
2837,90784,171.775517511455,1327.7870720395545
2838,90816,1058.4684848755107,1309.3874971663342
2839,90848,279.5176165257361,1308.039307180508
2840,90880,5212.634782465734,1357.0574725849597
2841,90912,349.40543970372545,1346.6907721370992
2842,90944,189.24310805187613,1339.4025680817017
2843,90976,398.4588587275947,1337.8690017116758
2844,91008,1342.0605365966794,1348.7870417036127
2845,91040,280.78176727259375,1346.2209036634133
2846,91072,2222.0749048099688,1366.9356987058331
2847,91104,234.80179378826077,1367.4583925997354
2848,91136,202.81137189846868,1367.2529274216947
2849,91168,155.90546621142258,1211.7693295226377
2850,91200,171.94152175099006,1205.6642850820704
2851,91232,3334.9696266770184,1216.6596484342676
2852,91264,550.6311366527964,1215.6254057965846
2853,91296,202.6930356584399,1208.2774409816298
2854,91328,496.2831388144481,1195.5952388032858
2855,91360,2715.1910254376794,1210.918426406144
2856,91392,298.25597038230705,1209.0222424529657
2857,91424,695.1341375460574,1214.541692898843
2858,91456,158.24313404084788,1212.5265783410746
2859,91488,198.1243061166998,1206.8963731096135
2860,91520,680.0329459694644,1210.0687016686645
2861,91552,3055.819381500915,1237.7795530467736
2862,91584,856.0057966308491,1228.9051247195557
2863,91616,1395.6394447091782,1237.0885042887041
2864,91648,406.74477222118185,1220.1573238359153
2865,91680,407.5847410230966,1219.3180366078095
2866,91712,466.08853740947256,1203.0967271603256
2867,91744,104.19088096823401,1201.4183035473611
2868,91776,391.6091569505345,1133.2899673734548
2869,91808,386.36671201569237,1130.6649559996636
2870,91840,1389.539627456719,1028.7769549963177
2871,91872,68.09755150131794,1017.857006080211
2872,91904,438.2983045328696,1018.9284838080753
2873,91936,3412.4804389019027,1047.9138659418124
2874,91968,812.77807032026,1048.299079345076
2875,92000,475.777158935173,1047.1785766034857
2876,92032,425.11172968594235,1042.6293309492476
2877,92064,384.6101452755436,1039.675178076429
2878,92096,5444.786335149158,1051.4940665915638
2879,92128,5067.847345258571,1090.8544503434816
2880,92160,1420.105107748082,1088.415529319705
2881,92192,499.33254910212236,1075.6037088997768
2882,92224,708.5519414826684,1075.6031998277756
2883,92256,435.30888654051284,992.021564837594
2884,92288,1196.3187427222813,1000.9006144882381
2885,92320,701.0334693643247,1005.017230209008
2886,92352,383.84071054607875,1007.396135937226
2887,92384,178.72889287489613,1008.240236349102
2888,92416,127.33059927941652,1008.6318697904737
2889,92448,967.6395364250858,1017.423903204287
2890,92480,341.2904180008893,1014.9874236560943
2891,92512,567.5121635466996,1015.7039965482941
2892,92544,429.98839412115547,1008.2004926034664
2893,92576,715.7282466821599,997.1571446151115
2894,92608,2255.551142269413,1017.2321509616088
2895,92640,152.27541483929218,1014.2503910911671
2896,92672,35.31990323729154,1009.2428948162355
2897,92704,396.21365186705486,1008.4006482237855
2898,92736,1421.0209773453505,1017.4089939209713
2899,92768,353.48894082749194,1010.7233574631284
2900,92800,914.7757058057834,1015.4185296798435
2901,92832,308.3285042643043,1014.6452872604785
2902,92864,404.6833372863622,989.7082350486206
2903,92896,876.9667596111614,991.8498718238641
2904,92928,316.33164896146377,942.6532991082407
2905,92960,325.0987466639791,942.2387048137655
2906,92992,620.3127435032072,945.3913668250667
2907,93024,1030.481944941834,947.875770825453
2908,93056,792.4987578162004,945.9126343206887
2909,93088,203.06471955326307,943.7638916209833
2910,93120,3939.629709491532,980.9566709422129
2911,93152,303.191745436932,978.6759271759536
2912,93184,202.27914632135182,971.2623376899934
2913,93216,214.35392785128684,972.2923306498112
2914,93248,1044.4346578170137,979.9000920038043
2915,93280,162.76189555898006,980.2082906333743
2916,93312,2931.833975608642,968.0682512862784
2917,93344,1365.941073504129,932.2810630773735
2918,93376,2934.758686256273,959.0024697705641
2919,93408,224.84558362520337,958.4804288918378
2920,93440,178.6168625342793,951.2720266643395
2921,93472,1557.276705149932,964.9542015045893
2922,93504,425.9767304168298,963.8458643571472
2923,93536,416.46628409153556,941.6319126469426
2924,93568,651.9424449463938,926.8561806141277
2925,93600,300.158914489657,928.0389156828419
2926,93632,171.92963829313163,920.3404076445937
2927,93664,1157.271080213992,925.2350061344018
2928,93696,1758.7519163802945,935.9258110285073
2929,93728,1217.0168129477772,945.2443142091231
2930,93760,623.4616298332769,921.371897153427
2931,93792,1141.4105740139812,931.6148474878609
2932,93824,494.0398486406596,926.121522440748
2933,93856,2669.504266692569,946.8052742495369
2934,93888,584.9120375441953,949.5884939311705
2935,93920,288.4523668183927,937.803433212179
2936,93952,1011.235956599166,940.4039278623962
2937,93984,2496.418559618489,963.6503582834665
2938,94016,409.59185705538283,957.1615920052652
2939,94048,1543.8680246422573,969.8050960864305
2940,94080,1026.5389369569418,927.9441376313425
2941,94112,398.3670877659397,928.4337541119648
2942,94144,683.201305836928,933.3733360898152
2943,94176,933.6656504175193,938.7254040067145
2944,94208,394.13163171652565,929.2461149579129
2945,94240,513.6921362408802,931.5752186475958
2946,94272,733.9501109598426,916.6939707090945
2947,94304,14198.897641581936,1056.3349291870313
2948,94336,460.07412771865387,1058.9075567452333
2949,94368,572.5189326785949,1063.073691409905
2950,94400,304.4970666152088,1064.3992468585468
2951,94432,1130.9532844335165,1042.3590834361119
2952,94464,3717.2397657653,1074.025169727237
2953,94496,1926.1304969835335,1091.2595443404878
2954,94528,519.6281917773035,1091.4929948701165
2955,94560,2075.3816676321967,1085.0949012920619
2956,94592,959.3704131074405,1091.7060457193134
2957,94624,495.60934675387597,1089.7107978113913
2958,94656,548.3556461415851,1093.6119229323988
2959,94688,276.9473204252986,1094.4001530754847
2960,94720,1562.3295514313297,1103.2231191301032
2961,94752,300.67643907939095,1075.671689705888
2962,94784,202.92031637341583,1069.1408349033136
2963,94816,543.7154241840194,1060.6215946980622
2964,94848,437.18037781827303,1060.925950754033
2965,94880,283.7636335191502,1059.6877396789935
2966,94912,266.8156759238895,1057.6950110641378
2967,94944,367.1388171959573,1060.324490426415
2968,94976,60.638113334915985,1057.0147799902588
2969,95008,1552.4586146618403,1068.6756990167203
2970,95040,8379.484607439028,1138.5751488165433
2971,95072,462.15480618845714,1142.515721363415
2972,95104,1280.0517334818317,1150.9332556529046
2973,95136,129.22746748976468,1118.1007259387832
2974,95168,226.4568271758643,1112.2375135073394
2975,95200,14544.514596586663,1252.9248878838541
2976,95232,434.40079869145484,1253.0177785739093
2977,95264,2278.906813676871,1271.9607452579223
2978,95296,801.9917239583223,1225.532799146014
2979,95328,991.252657196986,1184.766852265398
2980,95360,795.777442173072,1178.523575609648
2981,95392,679.4353230403913,1180.3246033490307
2982,95424,289.31067831251795,1176.1321907173292
2983,95456,306.05795880491155,1174.8396814399732
2984,95488,937.5718580167852,1172.2522125929183
2985,95520,411.55994934541144,1169.3574773927292
2986,95552,376.41538940385095,1169.2832241813069
2987,95584,597.063946549005,1173.466574718048
2988,95616,381.76401878471825,1176.010908913101
2989,95648,2639.167868801728,1192.7261922368673
2990,95680,69.64248248209877,1190.0097128816794
2991,95712,862.9420559816006,1192.9640118060286
2992,95744,1028.4580770673408,1198.9487086354902
2993,95776,853.6399918399138,1200.3278260870677
2994,95808,436.3625275814689,1182.1359399401883
2995,95840,454.25683009334466,1185.1557540927288
2996,95872,437.5563550914192,1189.1781186112703
2997,95904,1244.9100485703982,1197.6650825783036
2998,95936,293.60654832833484,1186.3909382881336
2999,95968,367.8656248120719,1186.5347051279794
3000,96000,842.2930529369393,1185.8098785992909
3001,96032,1109.1327257789558,1193.817920814437
3002,96064,296.54578746154107,1192.7365453161888
3003,96096,1912.3059721182844,1203.0899374412602
3004,96128,526.917504827655,1205.1957959999224
3005,96160,1274.0589440175684,1214.6853979734583
3006,96192,758.5670389171637,1216.0679409275976
3007,96224,600.2318847453831,1211.765440325633
3008,96256,143.53666493382937,1205.2758193968093
3009,96288,1389.9795453998904,1217.1449676552754
3010,96320,226.99240695479602,1180.0185946299082
3011,96352,436.87535628866203,1181.3554307384256
3012,96384,2974.1847793967504,1209.0744870691797
3013,96416,79.4063866716756,1207.7250116573834
3014,96448,131.4633975864279,1198.595299055078
3015,96480,3472.918938895099,1231.696869488439
3016,96512,324.2802447536796,1205.6213321798894
3017,96544,831.4742762351685,1200.2766642071997
3018,96576,191.80353321554415,1172.8471126767924
3019,96608,1606.7744504965008,1186.6664013455054
3020,96640,2699.5723284382198,1211.8759560045446
3021,96672,79.21703718750904,1197.0953593249205
3022,96704,351.14671128359845,1196.3470591335883
3023,96736,392.77281581101846,1196.110124450783
3024,96768,218.47146933175745,1191.7754146946365
3025,96800,1172.7459490396295,1200.5012850401365
3026,96832,218.35227058269055,1200.965511363032
3027,96864,5151.616063059168,1240.9089611914837
3028,96896,329.5484499584599,1226.6169265272654
3029,96928,1362.588251703715,1228.0726409148247
3030,96960,228.84898640963067,1224.1265144805884
3031,96992,374.95169239930954,1216.4619256644414
3032,97024,286.8563034268025,1214.390090212303
3033,97056,935.4558358432869,1197.04960590381
3034,97088,1424.6427486307152,1205.446913014675
3035,97120,509.60978512916455,1207.658487197783
3036,97152,1311.3233211723948,1210.6593608435155
3037,97184,274.2407095631046,1188.4375823429618
3038,97216,405.77975877560857,1188.399461360164
3039,97248,246.7135802768604,1175.4279169165102
3040,97280,675.2041987030353,1171.914569533971
3041,97312,545.9669561108387,1173.3905682174197
3042,97344,2745.6418111938415,1194.0149732709888
3043,97376,2170.593158673335,1206.3842483535473
3044,97408,839.7259193696415,1210.8401912300783
3045,97440,1164.7287550285828,1217.3505574179555
3046,97472,1535.0106318268856,1225.361162626626
3047,97504,116.1829095476792,1084.5340153062834
3048,97536,895.8218971914924,1088.8914930010117
3049,97568,1503.5049016827766,1098.2013526910534
3050,97600,155.49617692253779,1096.7113437941266
3051,97632,175.38226197268892,1087.1556335695186
3052,97664,444.01045272299933,1054.4233404390955
3053,97696,727.3450550797257,1042.4354860200572
3054,97728,287.3282108718542,1040.1124862110028
3055,97760,1533.0618980730458,1034.6892885154114
3056,97792,234.96530633501905,1027.445237447687
3057,97824,1952.5990210101356,1042.0151341902497
3058,97856,322.05991648717236,1039.7521768937056
3059,97888,659.3933730236198,1043.5766374196887
3060,97920,353.9464922887759,1031.4928068282632
3061,97952,1533.905393578583,1043.825096373255
3062,97984,414.4627330966069,1045.9405205404871
3063,98016,97.40593445306841,1041.4774256431774
3064,98048,192.64170033191263,1039.032038868314
3065,98080,1023.5549623549589,1046.429952156672
3066,98112,357.9980614112648,1047.3417760115456
3067,98144,682.46974483767,1050.4950852879629
3068,98176,379.5980477544795,1053.6846846321587
3069,98208,500.2664738885886,1043.1627632244263
3070,98240,211.8505049516042,961.4864221995518
3071,98272,1348.845607696484,970.353330214632
3072,98304,1742.990617886534,974.9827190586791
3073,98336,405.7630069334017,977.7480744531156
3074,98368,965.5136241479505,985.1386424228364
3075,98400,112.08281950007971,840.8143246519704
3076,98432,627.389304324158,842.7442097082974
3077,98464,820.9462992473137,828.1646045640019
3078,98496,2943.99067633033,849.5845940877219
3079,98528,1494.3221321244944,854.6152888369971
3080,98560,633.3082630147592,852.9905970454139
3081,98592,140.59345825904782,847.6021783976005
3082,98624,581.548980636529,850.5245614208407
3083,98656,994.0201995310057,857.4041838281015
3084,98688,367.6218222572993,851.7046834705067
3085,98720,1550.4608137271657,863.0936921143242
3086,98752,154.75559791211464,860.8770941994069
3087,98784,523.5989150526201,860.1424438844431
3088,98816,457.7198230482268,860.9020019270782
3089,98848,646.4763610014033,840.975086849075
3090,98880,758.2423521814837,847.8610855460688
3091,98912,431.19885847210753,843.5436535709739
3092,98944,1921.3062730978377,852.4721355312787
3093,98976,437.5893987710126,848.3116296005898
3094,99008,688.7735742279436,850.8357400670545
3095,99040,415.25934644420596,850.4457652305631
3096,99072,144.51928314721388,847.515394511121
3097,99104,435.98114525168387,839.4261054779339
3098,99136,284.6108857307201,839.3361488519578
3099,99168,345.1093396854984,839.1085860006921
3100,99200,335.8329591462799,834.0439850627855
3101,99232,161.9383335956569,824.5720411409524
3102,99264,316.9797957533027,824.77638122387
3103,99296,577.9872399802169,811.4331939024893
3104,99328,1355.795513856905,819.7219739927817
3105,99360,1229.7725932804697,819.2791104854108
3106,99392,422.36898927848523,815.9171299890239
3107,99424,428.12307457473463,814.1960418873177
3108,99456,1474.9183621284549,827.509858859264
3109,99488,759.174781952284,821.2018112247879
3110,99520,334.7239641919447,822.2791267971595
3111,99552,15050.746834656322,968.417841580836
3112,99584,303.98414207367813,941.7158352076053
3113,99616,1177.3537406573623,952.6953087474621
3114,99648,668.567632492726,958.0663510965251
3115,99680,950.3040247687007,932.8402019552611
3116,99712,364.78278750745403,933.2452273827988
3117,99744,511.1986801123046,930.0424714215702
3118,99776,331.79925354431373,931.4424286248579
3119,99808,1818.5517763479381,933.5602018833724
3120,99840,359.99670568811,910.1644456558713
3121,99872,4349.041972998312,952.8626950139794
3122,99904,1593.743893951134,965.2886668406547
3123,99936,412.1474905021725,965.4824135875663
3124,99968,619.5304286387733,969.4930031806363
3125,100000,482.8208677452056,962.593752367692
3126,100032,1255.757115568619,972.9678008175513
3127,100064,486.1471242672459,926.313111429632
3128,100096,753.47777558749,930.5524046859224
3129,100128,462.07825371960797,921.5473047060813
3130,100160,197.69744081030507,921.2357892500879
3131,100192,627.8247755540664,923.7645200816355
3132,100224,590.1940045598504,926.7978970929661
3133,100256,700.7892834722019,924.4512315692552
3134,100288,112.8862370856461,911.3336664538045
3135,100320,244.95459851140487,908.687114587627
3136,100352,3100.959347849598,926.583474854399
3137,100384,542.3157828507084,929.2642255872751
3138,100416,2526.7787244250467,950.4742152437694
3139,100448,277.7512938500229,950.784592379501
3140,100480,739.017677395491,951.4227271664255
3141,100512,524.6077056235944,951.209134661553
3142,100544,1686.2214230101363,940.6149307797159
3143,100576,918.9145225091941,928.0981444180745
3144,100608,404.1877587599313,923.7427628119774
3145,100640,172.8420578542477,913.8238958402342
3146,100672,385.6350743489643,902.330140265455
3147,100704,200.8421295963893,903.1767324659421
3148,100736,193.6594226631483,896.1551077206586
3149,100768,608.9266275230348,887.2093249790612
3150,100800,351.53959373389165,889.1697591471748
3151,100832,1026.340214874561,897.6793386761935
3152,100864,447.60665540710073,897.7153007030346
3153,100896,421.2550109385964,894.6544002616232
3154,100928,897.1434143728181,900.7525522966329
3155,100960,969.3320474940042,895.1152537908425
3156,100992,28616.752670920832,1178.9331274367007
3157,101024,265.1014679609457,1162.0581519062089
3158,101056,106.49652096204412,1159.9025179509574
3159,101088,215.1461519862253,1155.4600457405834
3160,101120,823.505612732666,1160.1556369450225
3161,101152,318.5604298165444,1148.002187307402
3162,101184,773.2320692566178,1151.5898806690022
3163,101216,69545.73675998063,1846.0731889242777
3164,101248,670.6424842348051,1850.8531967633066
3165,101280,1630.1902292004813,1856.9195494317619
3166,101312,2104.929003921239,1874.3888588568616
3167,101344,581.8718273529275,1873.3828796820142
3168,101376,865.7181850722664,1878.2440810551923
3169,101408,1196.7375004437176,1885.2087913207436
3170,101440,218.18488632869452,1885.2721351345144
3171,101472,774.8233792650647,1879.5319128502001
3172,101504,1024.0427974669144,1872.3424346460035
3173,101536,311.2628558462946,1871.3974331351328
3174,101568,1853.3871747165047,1880.2761686408182
3175,101600,1282.4803289307413,1891.980143735125
3176,101632,735.2579813314987,1893.0588305051986
3177,101664,327.77850474478663,1888.1271525601733
3178,101696,962.7187881945914,1868.314433678816
3179,101728,98.73927759165004,1854.3586051334873
3180,101760,2036.8915309661422,1868.394437813001
3181,101792,14273.068818811256,2009.7191914185232
3182,101824,1076.0124553829735,2014.6638261659875
3183,101856,927.3767711839062,2013.9973918825165
3184,101888,296.1697910215273,2013.2828715701587
3185,101920,631.986170827408,2004.0981251411613
3186,101952,1327.780300289428,2015.8283721649345
3187,101984,1654.4602368558067,2027.1369853829665
3188,102016,448.56722213941094,2027.0454593738782
3189,102048,546.7124705896466,2026.0478204697604
3190,102080,2595.3944234392925,2044.4193411823387
3191,102112,580.4493774472753,2045.9118463720904
3192,102144,205.66955434896005,2028.7554791846019
3193,102176,220.79119697319,2026.5874971666237
3194,102208,1651.5427329503607,2036.2151887538478
3195,102240,1362.8815814441427,2045.691411103847
3196,102272,1021.2537115738095,2054.458755388113
3197,102304,666.3238823141172,2056.7621827587373
3198,102336,65.83287589510122,2054.574402660381
3199,102368,966.6621795168337,2060.789931058694
3200,102400,144.88112485556886,2058.880412715787
3201,102432,2001.5357138108473,2077.276386517939
3202,102464,56.934523483852885,2074.675933795245
3203,102496,902.4615301006039,2077.9206766964485
3204,102528,451.8525382324422,2068.881246940204
3205,102560,865.0955685479554,2065.2344766928786
3206,102592,589.2496529974567,2066.9032833300685
3207,102624,2313.0600248968944,2085.75265283329
3208,102656,992.9030778248447,2080.932499990254
3209,102688,675.2818628502002,2080.0935707992335
3210,102720,105.06732431902711,2077.7970044005046
3211,102752,191.87512146570734,1929.2082872685976
3212,102784,566.0347430650185,1931.828793278511
3213,102816,731.5281089133576,1927.3705369610711
3214,102848,461.2096496176279,1925.2969571323201
3215,102880,172.50541099323934,1917.5189709945657
3216,102912,649.2597735017243,1920.3637408545083
3217,102944,322.03956127387295,1918.4721496661239
3218,102976,3239.6121607728965,1947.5502787384096
3219,103008,5989.492149711339,1989.2596824720436
3220,103040,121.2504280661587,1986.872219695824
3221,103072,1045.6653240463252,1953.8384532063044
3222,103104,127.3600970885199,1939.1746152376782
3223,103136,895.1063596934757,1944.004203929591
3224,103168,1249.368108619115,1950.3025807293948
3225,103200,869.819051378,1954.1725625657225
3226,103232,523.8576294303183,1946.8535677043396
3227,103264,376.96183679666285,1945.7617148296338
3228,103296,742.5931415289427,1945.6528684890482
3229,103328,2078.527180593584,1961.8173577577877
3230,103360,171.43547811489674,1961.5547381308336
3231,103392,679.3419420618652,1962.0699097959118
3232,103424,699.405512305192,1963.1620248733655
3233,103456,89.88885193261939,1957.0530205579696
3234,103488,1937.6050105566785,1975.30020829268
3235,103520,623.4507047187941,1979.0851693547538
3236,103552,161.08650050275122,1949.686440881285
3237,103584,5171.562485408252,1995.9789079068605
3238,103616,137.54975011445885,1972.0866181637548
3239,103648,1507.8416737938674,1984.3875219631934
3240,103680,2573.3316722468303,2002.7306619117066
3241,103712,774.9547873087377,2005.234132728558
3242,103744,164.90557552230047,1990.02097425368
3243,103776,732.8413460079175,1988.160242488667
3244,103808,448.6824150131675,1988.6051890511997
3245,103840,485.8076407098455,1991.7348448797557
3246,103872,1864.547044992547,2006.5239645861911
3247,103904,2353.7117242136596,2028.052660532364
3248,103936,319.8995996828502,2029.3150623025608
3249,103968,1708.2502871808347,2040.3082988991391
3250,104000,131.46762388071465,2038.1075792006075
3251,104032,388.3351493093362,2031.727528544955
3252,104064,528.7625841619814,2032.5390878325038
3253,104096,241.44652508413085,2030.741002973959
3254,104128,693.2457410911503,2028.7020262411422
3255,104160,158.57614878046243,2020.5944672540065
3256,104192,124.2027198361417,1735.66896774316
3257,104224,251.7458605094162,1735.5354116686447
3258,104256,3783.498553415137,1772.3054319931757
3259,104288,675.5883793954773,1776.9098542672684
3260,104320,1285.3244620673452,1781.528042760615
3261,104352,771.4225636283966,1786.0566640987338
3262,104384,10685.236075750588,1885.1767041636733
3263,104416,349.70336949235644,1193.2163702587904
3264,104448,196.96724065864052,1188.479617823029
3265,104480,1888.3283741937462,1191.0609992729617
3266,104512,1195.1141434327883,1181.962850668077
3267,104544,1968.5835751766942,1195.8299681463145
3268,104576,1345.9564707549582,1200.6323510031414
3269,104608,277.71913184633513,1191.4421673171678
3270,104640,1173.280627975788,1200.9931247336385
3271,104672,778.3749998153295,1201.0286409391413
3272,104704,253.35108566367785,1193.321723821109
3273,104736,345.1032062878941,1193.6601273255249
3274,104768,536.772341428433,1180.493978992644
3275,104800,967.8789689340654,1177.3479653926775
3276,104832,1319.9074711244932,1183.1944602906076
3277,104864,4899.982692895188,1228.9165021721114
3278,104896,125.032146860924,1220.5396357587747
3279,104928,517.7282185344181,1224.7295251682026
3280,104960,11130.6213295466,1315.666823154007
3281,104992,737.2626056710083,1180.3087610226046
3282,105024,3333.31974272145,1202.8818338959895
3283,105056,222.2128610372742,1195.830194794523
3284,105088,128.64322303421596,1194.1549291146498
3285,105120,321.54681944383407,1191.050535600814
3286,105152,633.8618021485512,1184.1113506194051
3287,105184,313.93266632286253,1170.7060749140755
3288,105216,134.6516239120692,1167.5669189318023
3289,105248,427.5731388120352,1166.3755256140264
3290,105280,1781.7648841966097,1158.2392302215997
3291,105312,703.5811293942287,1159.4705477410691
3292,105344,128.62408491700367,1158.7000930467495
3293,105376,452.89441081674494,1161.0211251851852
3294,105408,2605.9199470681056,1170.5648973263626
3295,105440,894.9360045750152,1165.8854415576714
3296,105472,758.8576086286694,1163.2614805282199
3297,105504,588.457754699266,1162.4828192520713
3298,105536,368.0296548642531,1165.5047870417627
3299,105568,595.0012849346645,1161.788178095941
3300,105600,49.656815971780865,1160.8359350071032
3301,105632,299.4077266180651,1143.8146551351754
3302,105664,3308.5702567084054,1176.331012467421
3303,105696,14381.772251232547,1311.1241196787405
3304,105728,79.53917472980963,1307.400986043714
3305,105760,588.1172744647549,1304.631203102882
3306,105792,507.04077320885045,1303.809114304996
3307,105824,93.57786058922154,1281.6142926619193
3308,105856,441.7628308371528,1276.1028901920427
3309,105888,1658.266776744002,1285.9327393309807
3310,105920,126.37804429772702,1286.1458465307676
3311,105952,252.59765526858686,1286.7530718687965
3312,105984,461.4106333903752,1285.70683077205
3313,106016,525.0502685944828,1283.6420523688612
3314,106048,1547.7841990126303,1294.5077978628112
3315,106080,193.21747303202034,1294.7149184831987
3316,106112,875.3045321929143,1296.9753660701108
3317,106144,587.7640290964798,1299.632610748337
3318,106176,998.8090030455365,1277.2245791710634
3319,106208,454.4820024528941,1221.874477698479
3320,106240,870.2395724512479,1229.3643691423297
3321,106272,1412.5682354369253,1233.0333982562358
3322,106304,140.3989912212551,1233.1637871975631
3323,106336,7412.666102950754,1298.339384630136
3324,106368,304.5565797388384,1288.891269341333
3325,106400,358.01120988237915,1283.7731909263769
3326,106432,205.97463337917355,1280.5943609658655
3327,106464,194.69230598658714,1278.7716656577647
3328,106496,687.8227442643304,1278.2239616851186
3329,106528,142.45806863137062,1258.8632705654964
3330,106560,2199.654423202233,1279.14546001637
3331,106592,7018.920376944747,1342.5412443651985
3332,106624,553.1326428657277,1341.0785156708039
3333,106656,1848.1244129020984,1358.6608712804987
3334,106688,2315.2562412440698,1362.4373835873723
3335,106720,1588.3540174713773,1372.0864167148982
3336,106752,5754.118109926593,1428.016732809137
3337,106784,2140.252160734291,1397.703629562397
3338,106816,761.5168198275023,1403.9433002595279
3339,106848,1852.81554205978,1407.3930389421869
3340,106880,671.536120265758,1388.375083422376
3341,106912,1385.57285255611,1394.48126407485
3342,106944,3883.05218329027,1431.6627301525293
3343,106976,798.4912406105835,1432.319229098556
3344,107008,312.3385771186263,1430.9557907196108
3345,107040,203.63102382081908,1428.1340245507206
3346,107072,402.0134693091917,1413.5086887938871
3347,107104,520.631768960314,1395.1778892413536
3348,107136,2893.0687560600327,1420.9095808051252
3349,107168,326.2144883556792,1407.0892228168736
3350,107200,1739.0879369908905,1423.1654259479753
3351,107232,472.829754716406,1424.0103720020459
3352,107264,1245.3456731352467,1431.1762028917788
3353,107296,315.010840954236,1431.9118460504797
3354,107328,460.92318161577003,1429.588620455726
3355,107360,1614.8285215606438,1444.1511441835278
3356,107392,666.0786997448836,1449.5699039826154
3357,107424,472.44519068661367,1451.7768972843874
3358,107456,3857.5446093333285,1452.5173578435692
3359,107488,2925.39176143492,1475.0153916639636
3360,107520,372.0292051083101,1465.8824390943732
3361,107552,1186.684171762969,1470.0350551757192
3362,107584,270.1717560917809,1365.884411979131
3363,107616,1159.2161339292693,1373.9795396235002
3364,107648,1055.6388418907472,1382.566255635821
3365,107680,279.3011075903028,1366.4759829697869
3366,107712,202.34117030462573,1356.5482532385054
3367,107744,738.1734152152532,1344.2441516388908
3368,107776,484.6670970915829,1335.631257902257
3369,107808,2085.2990648885393,1353.707057232679
3370,107840,279.9349367321091,1344.7736003202422
3371,107872,218.94558096657315,1339.1793061317546
3372,107904,235.6754579432644,1339.0025498545506
3373,107936,319.8966096515181,1338.7504838881869
3374,107968,401.6039116841617,1337.3987995907441
3375,108000,525.8851006759039,1332.9788609081622
3376,108032,376.8652357843945,1323.548438554761
3377,108064,240.70608982521406,1276.9556725240614
3378,108096,903.7473969083544,1284.7428250245357
3379,108128,590.4358520941366,1285.469901360133
3380,108160,118.39612690633885,1175.3476493337303
3381,108192,914.5591968703501,1177.1206152457237
3382,108224,329.3276476447036,1147.0806942949566
3383,108256,228.28670718425252,1147.141432756426
3384,108288,951.0380391270004,1155.365380917354
3385,108320,2756.7006337443518,1179.716919060359
3386,108352,372.47717313583735,1177.1030727702318
3387,108384,163.72319063225575,1175.6009780133259
3388,108416,691.7479653961698,1181.1719414281667
3389,108448,272.6013482178013,1179.6222235222244
3390,108480,1183.207148661067,1173.6366461668692
3391,108512,1278.0266389278177,1179.381101262205
3392,108544,470.36328553728947,1182.798493268408
3393,108576,755.2179738227823,1185.8217288984686
3394,108608,6085.335074035845,1220.6158801681458
3395,108640,613.985607202037,1217.8063761944163
3396,108672,1108.4177249532295,1221.3019773576616
3397,108704,788.2743802162091,1223.300143612831
3398,108736,456.41218267898086,1224.1839688909786
3399,108768,827.2965891244404,1226.5069219328764
3400,108800,741.3747420948399,1233.424101194107
3401,108832,474.5789230456945,1235.175813158383
3402,108864,7832.69221101185,1280.4170327014174
3403,108896,748.066125546238,1144.079971444554
3404,108928,230.4262279373225,1145.5888419766293
3405,108960,797.6747320545054,1147.6844165525267
3406,108992,798.3172054535604,1150.597180874974
3407,109024,237.4229204213443,1152.035631473295
3408,109056,206.25707633885355,1149.680573928312
3409,109088,615.3136411183174,1139.2510425720552
3410,109120,353.4826540949475,1141.5220886700276
3411,109152,816.5207462059001,1147.161319579401
3412,109184,230.74495377720567,1144.854662783269
3413,109216,321.06212769815085,1142.8147813743058
3414,109248,456.9212163464063,1131.9061515476435
3415,109280,516.7256763622532,1135.141233580946
3416,109312,1237.9163652845762,1138.7673519118628
3417,109344,448.5324534417413,1137.3750361553155
3418,109376,200.48092997809601,1129.3917554246411
3419,109408,302.1446977984006,1127.868382378096
3420,109440,389.85830193690475,1123.0645696729523
3421,109472,340.0168179883475,1112.3390554984665
3422,109504,300.42700146556933,1113.9393356009095
3423,109536,1217.9026288967846,1051.9917008603697
3424,109568,621.0526612567011,1055.1566616755485
3425,109600,748.6078578896417,1059.0626281556215
3426,109632,242.59155374939164,1059.4287973593237
3427,109664,1020.9093212983256,1067.690967512441
3428,109696,294.7134349272436,1063.75987441907
3429,109728,776.487523370063,1070.1001689664567
3430,109760,4687.382265085248,1094.977447385287
3431,109792,548.1130702663334,1030.269374318503
3432,109824,307.22223100515595,1027.8102701998973
3433,109856,379.58746764361206,1013.1249007473125
3434,109888,211.6169183372163,992.0885075182437
3435,109920,597.0016925633208,982.1749842691631
3436,109952,891.0797841662246,933.5446010115595
3437,109984,298.4995046009345,915.1270744502259
3438,110016,609.3659704601808,913.6055659565527
3439,110048,827.1158838975224,903.3485693749302
3440,110080,185.19324478059596,898.4851406200786
3441,110112,2446.3188212970535,909.092600307488
3442,110144,883.4253806234746,879.0963322808201
3443,110176,193.44741794158065,873.0458940541301
3444,110208,184.9386321125457,871.7718946040694
3445,110240,775.9188040772003,877.494772406633
3446,110272,301.68124294192245,876.4914501429604
3447,110304,631.1422536507855,877.5965549898651
3448,110336,943.0661555907557,858.0965289851724
3449,110368,54.30791512666051,855.3774632528822
3450,110400,402.4109134739531,842.0106930177128
3451,110432,1634.447727147536,853.6268727420241
3452,110464,546.0672754954047,846.6340887656257
3453,110496,918.2030483870903,852.6660108399542
3454,110528,1203.5568419026365,860.0923474428229
3455,110560,417.26220743190413,848.1166843015354
3456,110592,350.20094137300873,844.9579067178167
3457,110624,4170.040603934844,881.9338608502991
3458,110656,422.07393451998126,847.5791541021655
3459,110688,836.9801505971172,826.6950379937874
3460,110720,927.581396661481,832.2505599093191
3461,110752,353.48184908651194,823.9185366825545
3462,110784,2316.4634472275443,844.3814535939122
3463,110816,1142.695137474741,844.2162436293669
3464,110848,758.810458134586,841.2479597918053
3465,110880,671.4681928872899,845.1696306447752
3466,110912,23982.54880308452,1082.971706972574
3467,110944,1090.7605165924965,1086.4975779863466
3468,110976,334.28289623672237,1084.993735977798
3469,111008,2224.384435677884,1086.3845896856917
3470,111040,1015.3296161627146,1093.7385364799977
3471,111072,312.2436627906991,1094.671517298239
3472,111104,1468.3341598001925,1106.9981043168084
3473,111136,813.7495238333179,1111.9366334586264
3474,111168,619.4845814916807,1114.1154401567014
3475,111200,385.4577041569937,1112.7111661915123
3476,111232,1297.201019853455,1121.9145240322025
3477,111264,3446.858439144126,1153.9760475253916
3478,111296,680.8569679376079,1151.7471432356842
3479,111328,417.16529974975555,1150.0144377122404
3480,111360,191.78451968297068,1150.7483216400067
3481,111392,241.07081614712982,1144.0134378327746
3482,111424,464.8922182067455,1145.369083538395
3483,111456,4170.850519088497,1184.7947216574375
3484,111488,617.1756639635258,1181.456097905803
3485,111520,2013.282550237625,1174.0219170707355
3486,111552,1430.9938818500123,1184.6070841578776
3487,111584,1465.1819001014405,1197.621671252569
3488,111616,725.4749821501615,1197.9589414201093
3489,111648,409.8209394559051,1199.3311373324902
3490,111680,40208.24117649633,1589.581477610843
3491,111712,1915.9556503627489,1595.9607677251922
3492,111744,364.8278296461109,1594.9054131662804
3493,111776,796.9345842986013,1595.3225792710386
3494,111808,436.22448780163614,1538.8314734086964
3495,111840,15259.676117330182,1685.2883785099775
3496,111872,1185.4998893530405,1686.0592001539758
3497,111904,2064.917477979427,1698.8256311316081
3498,111936,472.5079430108531,1698.9865887349267
3499,111968,2718.4631930595965,1717.8982547742783
3500,112000,832.2890214394355,1718.8073975677244
3501,112032,89.55900930957833,1714.9571984303634
3502,112064,1731.157300553535,1653.9418493257801
3503,112096,2334.9573276889796,1669.8107613472073
3504,112128,188.4924568525746,1669.39142363636
3505,112160,367.08338661510805,1665.0855101819661
3506,112192,1338.441678675177,1670.486754914182
3507,112224,1066.2865734668267,1678.7753914446369
3508,112256,632.8886619511521,1683.0417073007598
3509,112288,542.5117449041671,1682.313688338618
3510,112320,720.9930785182579,1685.9887925828516
3511,112352,1570.9612352148617,1693.533197472941
3512,112384,96.9919205313415,1692.1956671404826
3513,112416,792.481277633028,1696.9098586398316
3514,112448,383.4298495740578,1696.174944972108
3515,112480,616.140806452733,1697.1690962730124
3516,112512,955.7156748099526,1694.347089368266
3517,112544,251.5902447120735,1692.3776672809693
3518,112576,285.09024908723455,1693.223760472061
3519,112608,478.4311567460423,1694.9866250615376
3520,112640,251.09274949889124,1693.5989695371575
3521,112672,650.1552495519584,1696.7003538527936
3522,112704,6408.232084294805,1757.778404681086
3523,112736,353.0001857058959,1749.129380249177
3524,112768,5558.877957365866,1798.5076332102688
3525,112800,1289.3892179946836,1803.915446811319
3526,112832,975.6329635204158,1811.2458609090293
3527,112864,736.6632193901238,1808.4033998899474
3528,112896,1452.5906481594848,1819.9821720222697
3529,112928,1288.5771561518684,1825.1030683500876
3530,112960,143.80651526155293,1779.6673108518505
3531,112992,678.3120679366259,1780.9693008285535
3532,113024,1060.0190844573588,1788.4972693630757
3533,113056,1047.0543086012985,1795.1719377726527
3534,113088,487.74249765160556,1797.9331935657965
3535,113120,705.8448897825216,1799.0216255379885
3536,113152,274.3666933832713,1792.8544946301588
3537,113184,2892.828940213703,1818.7977889862864
3538,113216,234.2713698966902,1815.0468429806517
3539,113248,898.1064344641701,1815.7567484863182
3540,113280,704.692961044956,1820.951745648962
3541,113312,278.57913002480154,1799.2743487362395
3542,113344,3374.9474189320063,1824.1895691193247
3543,113376,462.52618341340013,1826.880356774043
3544,113408,384.6764626371405,1828.877735079289
3545,113440,115.61443942409417,1822.274691432758
3546,113472,129.85987828337497,1820.5564777861725
3547,113504,446.9535635634433,1818.714590885299
3548,113536,173.81234218838728,1811.0220527512752
3549,113568,1073.6663541318424,1821.215637141327
3550,113600,200.000014105313,1819.1915281476406
3551,113632,209.63011918449448,1804.9433520680102
3552,113664,246.41595715810965,1801.9468388846371
3553,113696,2113.480340196154,1813.8996118027278
3554,113728,556.6574681352085,1807.4306180650535
3555,113760,2017.0279094847172,1823.4282750855816
3556,113792,1026.6736417018271,1830.1930020888701
3557,113824,978.593247874152,1798.278528528263
3558,113856,1235.0782888781064,1806.4085720718444
3559,113888,1531.956506489803,1813.3583356307713
3560,113920,313.71025399223504,1807.2196242040784
3561,113952,64.92383449438441,1804.3340440581574
3562,113984,433.7533802405814,1785.5069433882875
3563,114016,793.9665565303897,1782.019657578844
3564,114048,7864.517184501266,1853.0767248425107
3565,114080,782.7929627772078,1854.18997254141
3566,114112,2586.269154483551,1640.2271760554004
3567,114144,622.3034526969018,1635.5426054164445
3568,114176,2077.6918118398726,1652.9766945724762
3569,114208,284.74559047560547,1633.580306120453
3570,114240,1200.217590244422,1635.4291858612703
3571,114272,3738.8136851686963,1669.6948860850503
3572,114304,2553.195421241892,1680.5434986994671
3573,114336,826.8745347017915,1680.6747488081521
3574,114368,1115.9792841897436,1685.6396958351327
3575,114400,405.85362788300586,1685.8436550723927
3576,114432,80.50214690399275,1673.6766663428982
3577,114464,280.2445774767909,1642.0105277262248
3578,114496,1278.2901450223944,1647.9848594970729
3579,114528,604.0391913082791,1649.853598412658
3580,114560,952.4093134963914,1657.459846350792
3581,114592,753.3624677125283,1662.5827628664463
3582,114624,689.2413224627448,1664.8262539090063
3583,114656,1541.5588004442222,1638.5333367225635
3584,114688,228.34800282656093,1634.6450601111937
3585,114720,7761.275542646641,1692.1249900352839
3586,114752,4862.700528887309,1726.4420565056566
3587,114784,167.33744850555496,1713.463611989698
3588,114816,1964.545652863875,1725.854318696835
3589,114848,197.47259428750334,1723.730835245151
3590,114880,735.3075851846239,1329.001499332034
3591,114912,966.0987502794047,1319.5029303312006
3592,114944,1471.5091130700807,1330.56974316544
3593,114976,185.71786111130993,1324.457575933567
3594,115008,1383.8475278100084,1333.933806333651
3595,115040,413.94656935446636,1185.4765108538938
3596,115072,991.4753761974937,1183.5362657223382
3597,115104,647.378277119122,1169.3608737137351
3598,115136,461.9369939060329,1169.2551642226872
3599,115168,727.1743932913848,1149.3422762250048
3600,115200,198.25257079410065,1143.0019117185516
3601,115232,398.6007702146652,1146.0923293276023
3602,115264,509.99009411436884,1133.8806572632109
3603,115296,780.1326015663241,1118.3324100019845
3604,115328,227.09318634418239,1118.7184172969003
3605,115360,439.93285499442703,1119.4469119806936
3606,115392,2114.0686863613505,1127.2031820575555
3607,115424,537.7131279534692,1121.9174476024218
3608,115456,110.55075427911737,1116.6940685257016
3609,115488,430.257458607311,1115.5715256627332
3610,115520,1491.107158435238,1123.2726664619029
3611,115552,4540.1322687399415,1152.9643767971536
3612,115584,16086.539075243996,1312.85984834428
3613,115616,275.65344186692744,1307.6915699866188
3614,115648,1233.5816631951768,1316.19308812283
3615,115680,351.30982132613894,1313.5447782715642
3616,115712,1748.6472971620794,1321.4740944950852
3617,115744,149.1485033228268,1320.449677081193
3618,115776,630.8321720681508,1323.907096311002
3619,115808,2059.217404915831,1339.7149587927
3620,115840,1776.520062570196,1354.969231923413
3621,115872,451.3602180734886,1352.9812816086283
3622,115904,793.6504565513559,1296.8354653311937
3623,115936,545.2429468573811,1298.7578929427088
3624,115968,7315.065960212604,1316.3197729711762
3625,116000,930.1988240891344,1312.727869032121
3626,116032,342.8842580358479,1306.4003819772752
3627,116064,1834.285321217539,1317.3766029955493
3628,116096,624.4938806500878,1309.0956353204554
3629,116128,529.6343699639688,1301.5062074585762
3630,116160,992.1515066159025,1309.9896573721196
3631,116192,519.7931418391253,1308.4044681111448
3632,116224,249.2427634464813,1300.296704901036
3633,116256,815.2105758101424,1297.9782675731244
3634,116288,611.9746961299832,1299.2205895579082
3635,116320,488.159722023641,1297.0437378803192
3636,116352,1098.0276727440023,1305.2803476739266
3637,116384,4507.47775322454,1321.4268358040351
3638,116416,114.75721085798342,1320.231694213648
3639,116448,628.1273820583707,1317.5319036895899
3640,116480,492.8662613428036,1315.4136366925686
3641,116512,1553.94105686281,1328.1672559609483
3642,116544,1094.503575815487,1305.3628175297831
3643,116576,5082.000160230593,1351.557557297955
3644,116608,699.1801866107024,1354.7025945376906
3645,116640,4016.836305195241,1393.7148131954023
3646,116672,325.5019408889946,1395.6712338214584
3647,116704,331.8327188949924,1394.520025374774
3648,116736,346.11107684922774,1396.2430127213825
3649,116768,249.57824112857134,1388.0021315913498
3650,116800,933.9099129771122,1395.3412305800678
3651,116832,535.1462243885817,1398.5963916321086
3652,116864,661.8176750942064,1402.7504088114695
3653,116896,261.7802906587965,1384.2334083160958
3654,116928,451.6905015344825,1383.1837386500886
3655,116960,93.84738508019738,1363.9519334060433
3656,116992,1094.1946825786383,1364.6271438148115
3657,117024,145.40014446096887,1356.2952127806798
3658,117056,785.8516114950236,1351.802946006849
3659,117088,1691.3282431904524,1353.3966633738555
3660,117120,79.34627937515305,1351.0530236276848
3661,117152,247.70496733213238,1352.880834956062
3662,117184,272.24386697180563,1351.2657398233744
3663,117216,1095.3220010583163,1354.2792942686538
3664,117248,6927.610033449851,1344.9102227581395
3665,117280,2017.1527241259655,1357.2538203716272
3666,117312,250.70810880162887,1333.898209914808
3667,117344,514.4999813728423,1332.8201752015673
3668,117376,572.5563080702464,1317.7688201638707
3669,117408,2153.270450484449,1336.4540687639594
3670,117440,1089.4936633173195,1335.3468294946886
3671,117472,1135.7048275576012,1309.3157409185776
3672,117504,148.07440165079998,1285.2645307226667
3673,117536,833.3979397263007,1285.3297647729116
3674,117568,624.4246115908937,1280.414218046923
3675,117600,1103.0694789097124,1287.38637655719
3676,117632,1052.4364416665796,1297.105719504816
3677,117664,8626.120178565108,1380.5644755156993
3678,117696,516.5081324159742,1372.946655389635
3679,117728,1160.0042755214274,1378.5063062317663
3680,117760,1493.1221328832048,1383.9134344256345
3681,117792,796.0938488219861,1384.3407482367288
3682,117824,481.90913819132,1382.2674263940148
3683,117856,588.329260019455,1372.7351309897674
3684,117888,1121.6056798146176,1381.667707759648
3685,117920,393.7152890203958,1307.9921052233856
3686,117952,987.956492656942,1269.2446648610817
3687,117984,870.7159074426952,1276.278449450453
3688,118016,413.30750765782886,1260.7660679983928
3689,118048,137.53247118339536,1260.1666667673514
3690,118080,188.0793725239221,1254.6943846407444
3691,118112,294.5559982774871,1247.9789571207255
3692,118144,1193.7470091067803,1245.2013360810924
3693,118176,248.25133805747427,1245.8266708505541
3694,118208,502.7161912254983,1237.015357484709
3695,118240,541.0267726766856,1238.2861595179313
3696,118272,11166.226929319333,1340.0336750491497
3697,118304,872.5034095070108,1342.2849263730284
3698,118336,133.2856970987145,1338.9984134049555
3699,118368,1728.6484342634785,1349.0131538146763
3700,118400,4215.208477242627,1389.1827128791615
3701,118432,490.7933262874758,1390.1046384398896
3702,118464,348.667553638188,1388.4914130351276
3703,118496,387.9601687133007,1384.5696887065974
3704,118528,1026.5862407859654,1392.5646192510155
3705,118560,2785.646283728408,1416.0217535383551
3706,118592,12876.322449169435,1523.6442911664358
3707,118624,535.6280027704028,1523.6234399146051
3708,118656,9288.432052171285,1615.4022528935268
3709,118688,301.795017467483,1614.1176284821288
3710,118720,581.9297496265535,1605.0258543940417
3711,118752,1060.372598161779,1570.22825768826
3712,118784,564.4511764710472,1415.0073787005306
3713,118816,1140.132067283356,1423.652164954695
3714,118848,796.7245154306526,1419.2835934770499
3715,118880,279.5370517293949,1418.5658657810823
3716,118912,191.35644686392257,1402.992957278101
3717,118944,3870.092007482413,1440.2023923196966
3718,118976,2294.3054750372744,1456.837125349388
3719,119008,2460.5472303945485,1460.8504236041751
3720,119040,1498.8608463517082,1458.0738314419903
3721,119072,243.0633270263707,1455.9908625315193
3722,119104,829.7739450843045,1456.3520974168487
3723,119136,129.79106922900124,1452.1975786405649
3724,119168,257.9409945940204,1381.626328984379
3725,119200,105.72595538739598,1373.3816002973615
3726,119232,759.998190580667,1377.55273962281
3727,119264,14638.149497773606,1505.5913813883706
3728,119296,580.4291755689161,1505.1507343375588
3729,119328,2980.528552538922,1529.6596761633082
3730,119360,282.70290073721407,1522.5651901045212
3731,119392,453.06189090507854,1521.897877595181
3732,119424,258.33602373347514,1521.988810198051
3733,119456,822.0228638618161,1522.0569330785677
3734,119488,268.4694315866955,1518.6218804331345
3735,119520,342.287095111595,1517.1631541640143
3736,119552,589.8979147905007,1512.081856584479
3737,119584,338.8318839049234,1470.395397891283
3738,119616,285.49060661585804,1472.1027318488616
3739,119648,1585.9279520489795,1481.6807375487674
3740,119680,325.6135687253937,1480.0082106225934
3741,119712,174.1496215560236,1466.2102962695255
3742,119744,246.01441128370033,1457.7254046242078
3743,119776,318.54804802013064,1410.0908835021032
3744,119808,141.75585210627588,1404.516640157059
3745,119840,306.67471026776326,1367.4150242077842
3746,119872,1724.974375763537,1381.4097485565296
3747,119904,513.8514512436531,1383.2299358800165
3748,119936,242.48395095517043,1382.1936646210756
3749,119968,817.0718319806504,1387.8686005295965
3750,120000,1678.1895855123091,1395.3113972549488
3751,120032,921.2285000903726,1399.1722200119664
3752,120064,1095.6086607288494,1403.5101298683126
3753,120096,386.7090706032198,1404.759417667757
3754,120128,464.25610820770504,1404.8850737344892
3755,120160,317.8031085473482,1407.1246309691608
3756,120192,4710.659735673251,1443.2892815001067
3757,120224,340.74757397916994,1445.2427557952885
3758,120256,275.62426989457174,1440.1404823792843
3759,120288,1121.901232911677,1434.4462122764965
3760,120320,128.23133663478308,1434.9350628490927
3761,120352,970.475696144804,1442.1627701372197
3762,120384,555.5257029422671,1444.9955884969243
3763,120416,820.2847356482154,1442.2452158428232
3764,120448,238.2548966395059,1375.3516644747197
3765,120480,135.92395891135513,1356.5393768225736
3766,120512,1128.7461813055938,1365.319757547613
3767,120544,885.256123140901,1369.0273189652937
3768,120576,1241.288813957324,1375.7146440241645
3769,120608,362.19748374975336,1357.8039143568178
3770,120640,128.86946873834617,1348.1976724110282
3771,120672,862.4481641395108,1345.4651057768472
3772,120704,480.6847970282881,1348.791209730622
3773,120736,437.13215397960886,1344.8285518731552
3774,120768,902.1962606542161,1347.6062683637883
3775,120800,952.4375271253714,1346.099948845945
3776,120832,669.1510719398391,1342.2670951486775
3777,120864,423.2112964382367,1260.238006327409
3778,120896,822.5599194895464,1263.2985241981446
3779,120928,1279.7110999123804,1264.4955924420542
3780,120960,667.2832990343766,1256.237204103566
3781,120992,418.2385676630455,1252.4586512919764
3782,121024,1496.4686679510744,1262.6042465895741
3783,121056,781.6940112614496,1264.5378941019937
3784,121088,234.03856912387036,1255.6622229950863
3785,121120,277.2043864523906,1254.4971139694064
3786,121152,3340.5344583234387,1278.0228936260712
3787,121184,810.1936099047299,1277.4176706506917
3788,121216,1630.575406570034,1289.590349639814
3789,121248,172.6156396483099,1289.941181324463
3790,121280,184.03755933699765,1289.9007631925938
3791,121312,518.2268254259162,1292.1374714640779
3792,121344,423.28666056130004,1284.432867978623
3793,121376,975.936950039181,1291.7097240984403
3794,121408,537.2223794776518,1292.054785980962
3795,121440,428.3144749137252,1290.9276630033323
3796,121472,333.0147396145544,1182.5955411062844
3797,121504,471.8343042852211,1178.5888500540664
3798,121536,303.1924354441625,1180.2879174375207
3799,121568,249.4328987722159,1165.495762082608
3800,121600,622.4488525538598,1129.5681658357207
3801,121632,11155.091132628888,1236.2111438991346
3802,121664,3450.5814114899617,1267.2302824776523
3803,121696,323.0870689172247,1266.5815514796916
3804,121728,4335.779114018682,1299.6734802120186
3805,121760,1290.6689514048296,1284.7237068887832
3806,121792,1863.283258416172,1174.5933149812506
3807,121824,428.0295019275334,1173.517329972822
3808,121856,1634.1402905926182,1096.974412357035
3809,121888,973.656092805066,1103.6930231104109
3810,121920,5144.010650029782,1149.3138321144431
3811,121952,595.8860275390908,1144.6689664082162
3812,121984,1651.338337475196,1155.5378380182578
3813,122016,2783.5793287357446,1171.9723106327817
3814,122048,1304.6918916825791,1177.051984395301
3815,122080,2792.7564249012426,1202.1841781270195
3816,122112,501.30409142830337,1205.2836545726632
3817,122144,2715.9767136707956,1193.742501634547
3818,122176,829.9876173233458,1179.099323057408
3819,122208,599.308080064964,1160.486931554112
3820,122240,663.4104417845842,1152.1324275084412
3821,122272,2408.9622898432217,1173.7914171366094
3822,122304,484.648888567445,1170.340166571441
3823,122336,1929.9224700524187,1188.3414805796751
3824,122368,192.51385732559712,1187.6872092069907
3825,122400,881.9292916128352,1195.4492425692451
3826,122432,412.44415527754757,1191.9737022162142
3827,122464,1304.8150196394863,1058.6403574348726
3828,122496,485.0693329732227,1057.6867590089157
3829,122528,3454.1421554691633,1062.422895038218
3830,122560,1943.0395075040067,1079.026261105886
3831,122592,5554.157081229802,1130.0372130091334
3832,122624,2892.126666188006,1156.3751194336785
3833,122656,785.8582815649183,1156.0134736107095
3834,122688,1089.0840290248193,1164.2196195850909
3835,122720,888.915384819122,1169.685902482166
3836,122752,1029.7868009908516,1174.0847913441696
3837,122784,338.8233354820124,1174.0847058599406
3838,122816,341.96455506507664,1174.649445344433
3839,122848,452.92358278910064,1163.319401651834
3840,122880,507.05710337997203,1165.1338369983796
3841,122912,725.0219540696107,1170.6425603235157
3842,122944,667.8133779223319,1174.860549989902
3843,122976,371.06242831092555,1175.38569379281
3844,123008,584.2282020450461,1179.8104172921976
3845,123040,1766.938008827871,1194.4130502777987
3846,123072,352.39029598161403,1180.6872094799794
3847,123104,1570.2425543505728,1191.2511205110486
3848,123136,539.6817569157882,1194.2230985706549
3849,123168,712.4333088216368,1193.1767133390647
3850,123200,1656.1139541848777,1192.9559570257904
3851,123232,576.0823216855131,1189.504495241742
3852,123264,655.2244260044778,1185.1006528944981
3853,123296,284.2528486455666,1184.0760906749217
3854,123328,253.79466447854443,1181.97147623763
3855,123360,16953.646934878467,1348.3299145009412
3856,123392,502.21072259543035,1306.245424370163
3857,123424,529.8608073367741,1308.136556703739
3858,123456,2153.5479867260456,1326.9157938720534
3859,123488,599.8649925674383,1321.6954314686109
3860,123520,610.8938381371578,1326.5220564836345
3861,123552,890.1462043833735,1325.7187615660205
3862,123584,257.0185699280623,1322.7336902358788
3863,123616,168.21214767140432,1316.2129643561104
3864,123648,774.3893647170873,1321.5743090368862
3865,123680,172.1648540912582,1321.9367179886854
3866,123712,315.9064895062777,1313.808321070692
3867,123744,3004.668378830095,1335.002443627584
3868,123776,3323.756242506878,1355.8271179130795
3869,123808,1968.3945131955402,1371.8890882075375
3870,123840,490.0590435930309,1375.5009839560842
3871,123872,804.5414540099176,1374.9219168547884
3872,123904,733.2983607969112,1377.4480524924745
3873,123936,244.70278420601156,1375.5237587947386
3874,123968,375.950861202792,1370.2613048002245
3875,124000,1500.9742618312248,1375.7466721472829
3876,124032,1485.074195216666,1383.905903380051
3877,124064,410.51389838399075,1383.7789293995088
3878,124096,1276.6789014717335,1388.3201192193303
3879,124128,3270.125813854503,1408.2242663587515
3880,124160,413.69529172136345,1405.6883862856216
3881,124192,377.132881922354,1405.2773294282147
3882,124224,185.72759788000684,1392.1699187275042
3883,124256,1109.8415932070777,1395.4513945469605
3884,124288,787.5438925615318,1400.9864477813371
3885,124320,331.7080192549491,1401.5314841093625
3886,124352,1037.229755651192,1378.49843708264
3887,124384,977.1479893961587,1380.1679808775543
3888,124416,107.82146901265479,1364.9404415019806
3889,124448,3745.6959706205294,1400.6712448117028
3890,124480,446.44855493819574,1403.2953547677148
3891,124512,954.100597885789,1407.6540924923133
3892,124544,659.0670762710688,1410.011896649411
3893,124576,406.22205341035175,1404.314747683123
3894,124608,738.7436678575169,1406.3299605669215
3895,124640,1157.146878912504,1413.6182846069094
3896,124672,608.9430343616264,1416.3775675543798
3897,124704,849.9851002074859,1420.1590755136026
3898,124736,84.82283801323969,1417.9753795392935
3899,124768,668.1329279375182,1422.1623798309463
3900,124800,1032.5830936261416,1426.2637222416693
3901,124832,85.56473953752128,1315.5684583107557
3902,124864,535.3593982890676,1286.4162381787467
3903,124896,266.26282679732805,1285.8479957575478
3904,124928,1465.3226615764602,1257.1434312331257
3905,124960,657.3001977561977,1250.8097436966393
3906,124992,374.79720744715013,1235.924883186949
3907,125024,649.7072048569611,1238.1416602162435
3908,125056,760.9081567827413,1229.4093388781446
3909,125088,2140.6853319400975,1241.0796312694952
3910,125120,216.01082688036507,1191.7996330380008
3911,125152,586.0330309575941,1191.7011030721858
3912,125184,4296.641290565608,1218.15413260309
3913,125216,214.5449065191921,1192.4637883809246
3914,125248,734.4551962525603,1186.7614214266243
3915,125280,956.4220888790328,1168.3980780664021
3916,125312,741.7430526209807,1170.8024676783289
3917,125344,740.2242700392053,1151.0449432420128
3918,125376,1241.794129252452,1155.1630083613038
3919,125408,7336.37093013105,1222.5336368619649
3920,125440,794.1341516199284,1223.8408739603185
3921,125472,6146.483208131863,1261.2160831432052
3922,125504,597.1523058082425,1262.3411173156128
3923,125536,1718.5085480090386,1260.2269780951792
3924,125568,264.83098512659416,1260.9501493731893
3925,125600,434.43265402526237,1256.4751829973134
3926,125632,1138.9912553289482,1263.7406539978274
3927,125664,119.25021210617737,1251.8850059224942
3928,125696,509.5074723903771,1252.1293873166655
3929,125728,3025.3339420482885,1247.8413051824566
3930,125760,236.20411848302376,1230.7729512922472
3931,125792,571.5540725679617,1180.9469212056288
3932,125824,846.6376451299756,1160.4920309950483
3933,125856,1371.2429357282633,1166.3458775366817
3934,125888,1114.3693439860738,1166.5987306862942
3935,125920,1054.83782016362,1168.2579550397393
3936,125952,791.6218352937194,1165.8763053827681
3937,125984,3012.930678742906,1192.617378815377
3938,126016,938.1895678230126,1198.5796289429563
3939,126048,208.40016212928106,1196.134394736358
3940,126080,1240.3586842106254,1203.4674105446645
3941,126112,5533.724280450694,1251.5544338084756
3942,126144,287.9838327420234,1247.7561383566722
3943,126176,104.48703782161996,1245.0903844517793
3944,126208,358.6447131874377,1242.8345495632034
3945,126240,56.71844580293863,1225.732353932954
3946,126272,928.2786873016248,1231.491237846154
3947,126304,1393.9208667004414,1229.7280209696526
3948,126336,898.6322966412724,1233.3175263669073
3949,126368,4854.9384075491325,1274.7425773541822
3950,126400,1369.8992616480919,1271.8804304288144
3951,126432,251.8904745248061,1268.6385119572076
3952,126464,1109.4235254928717,1273.1805029520915
3953,126496,498.7267994212234,1275.325242459848
3954,126528,6811.304254697976,1340.9003383620425
3955,126560,377.3718544265132,1175.137587557523
3956,126592,299.4363044175278,1173.109843375744
3957,126624,2255.953493152258,1190.3707702338988
3958,126656,475.8103559497065,1173.5933939261354
3959,126688,126.34920774555285,1168.8582360779167
3960,126720,811.4331695605676,1170.8636293921506
3961,126752,2340.0457476764827,1185.3626248250816
3962,126784,390.64602185797753,1186.6988993443806
3963,126816,232.64946956769174,1187.3432725633436
3964,126848,213.47884534808722,1181.7341673696535
3965,126880,1178.2857870908122,1191.7953766996493
3966,126912,220.95886873019873,1190.8459004918884
3967,126944,1860.6186038269652,1179.405402741857
3968,126976,463.2201773523315,1150.8000420903115
3969,127008,1179.82197318829,1142.914316690239
3970,127040,260.27080400776515,1140.6164342943866
3971,127072,2722.054297356939,1159.7915627278564
3972,127104,1094.2872202149938,1163.4014513220372
3973,127136,372.32441320175417,1164.6776676119946
3974,127168,991.0221181145328,1170.828380181112
3975,127200,1239.8245419467573,1168.2168829822676
3976,127232,794.1284782271443,1161.3074258123725
3977,127264,800.001589770653,1165.2023027262392
3978,127296,390.98910878647047,1156.3454047993864
3979,127328,1307.5658484650342,1136.7198051454918
3980,127360,1255.5358532500422,1145.1382107607785
3981,127392,2104.261383592006,1162.4094957774748
3982,127424,463.7581913234375,1165.189801711909
3983,127456,586.268860095481,1159.954074380793
3984,127488,215.2877376365481,1154.2315128315433
3985,127520,210.61088779516393,1153.0205415169453
3986,127552,638.0046055604046,1149.0282900160375
3987,127584,270.99351636955777,1141.9667452857716
3988,127616,317.6627495765463,1144.0651580914105
3989,127648,1393.6353570419592,1120.544551955625
3990,127680,1008.7277036488699,1126.1673434427316
3991,127712,1944.345001184091,1136.069787475715
3992,127744,2362.832853126018,1153.1074452442645
3993,127776,482.8946601851328,1153.8741713120123
3994,127808,689.2407857904544,1153.3791424913416
3995,127840,2794.7080720189447,1169.7547544224058
3996,127872,202.66039448306427,1165.6919280236202
3997,127904,74.6534443662626,1157.938611465208
3998,127936,860.1556534499475,1165.691939619575
3999,127968,176.96362437689615,1160.7802465839686
4000,128000,416.3433094695685,1154.6178487424029
4001,128032,393.7104206360474,1157.6993055533883
4002,128064,219.78334557872387,1154.5435450262848
4003,128096,229.00868474975374,1154.1710036058091
4004,128128,286.3705575034061,1142.3814825650788
4005,128160,178.31074849322005,1137.591588072449
4006,128192,2166.079898046179,1155.5044149784392
4007,128224,10602.489181990875,1255.0322347497784
4008,128256,247.0560538655929,1249.8937137206067
4009,128288,1167.7887837608594,1240.1647482388144
4010,128320,241.2562172565886,1240.4172021425766
4011,128352,240.09002836959283,1236.9577721166963
4012,128384,1185.009140877223,1205.8414506198123
4013,128416,1191.8466525265446,1215.6144680798861
4014,128448,344.889879052468,1211.7188149078854
4015,128480,593.9930693697155,1208.0945247127922
4016,128512,812.9935059111125,1208.8070292456937
4017,128544,246.03185313313767,1203.8651050766327
4018,128576,1117.2471341420314,1202.6196351255285
4019,128608,1066.237506285992,1139.918300887078
4020,128640,1779.0444156892033,1149.7674035277707
4021,128672,944.4406499938889,1097.7469779463909
4022,128704,994.6182824648992,1101.7216377129575
4023,128736,331.30444169258334,1087.849596649793
4024,128768,196.08748143976757,1087.1621616129246
4025,128800,1269.7735391114138,1095.5155704637862
4026,128832,207.65506932155847,1086.2022086037123
4027,128864,148.55869089226542,1086.4952933915731
4028,128896,3522.2139754508444,1116.6223584221777
4029,128928,1312.2623443456198,1099.491642445151
4030,128960,353.8700931548668,1100.6683021918695
4031,128992,479.94165924105187,1099.7521780586005
4032,129024,796.3407947430309,1099.2492095547314
4033,129056,689.7089173626059,1092.4338693710747
4034,129088,253.2562288363532,1083.8227382195776
4035,129120,3120.8631430853316,1104.4829914487946
4036,129152,756.1008764079274,1104.1277818599367
4037,129184,2468.736389540927,1098.685838967917
4038,129216,638.2103043825603,1095.6860463335124
4039,129248,136.59281550354248,1094.967972867255
4040,129280,634.6368336033299,1088.910754361182
4041,129312,1354.6818421868966,1047.1203299785439
4042,129344,136.27430049920196,1045.6032346561158
4043,129376,177.7671377968001,1046.3360356558676
4044,129408,542.048290047689,1048.17007142447
4045,129440,474.5122223467473,1052.3480091899082
4046,129472,56357.76411173932,1606.6428634342851
4047,129504,628.0117675135288,1598.9837724424158
4048,129536,697.4885955514246,1596.9723354315174
4049,129568,583.8087926501141,1554.2610392825272
4050,129600,860.6256250413803,1549.1683029164603
4051,129632,815.3827709478843,1554.8032258806913
4052,129664,1691.959063134059,1560.628581257103
4053,129696,1877.809597302298,1574.4194092359137
4054,129728,281.0849104491884,1509.1172157934257
4055,129760,773.341090399035,1513.0769081531507
4056,129792,2881.3855536334,1538.8964006453093
4057,129824,2933.060961799391,1545.6674753317807
4058,129856,511.1281460398547,1546.0206532326824
4059,129888,2268.5263449014005,1567.442424604241
4060,129920,371.8514132452542,1563.046607041088
4061,129952,3899.662650682352,1578.6427760711465
4062,129984,1879.3763737203274,1593.5300795897701
4063,130016,959.9615193015591,1600.803200087109
4064,130048,100.0521217654259,1599.6689328512823
4065,130080,649.0189609782838,1594.376264590157
4066,130112,2537.7110456499677,1617.5437863593545
4067,130144,444.8468564875566,1603.3860688859602
4068,130176,1307.567075144555,1611.8295378638827
4069,130208,254.11287281300477,1602.57244686013
4070,130240,959.2730454204716,1609.562469274257
4071,130272,855.9448459921559,1590.901374760609
4072,130304,1251.6700494074948,1592.4752030525342
4073,130336,477.44620975825484,1593.5264210180992
4074,130368,615.8294598568426,1589.774494435522
4075,130400,503.6121656142877,1582.412370672197
4076,130432,575.2349544727381,1580.223435434653
4077,130464,444.23275005242175,1576.6657470374707
4078,130496,1979.9253006917052,1592.555108956523
4079,130528,257.7914163599445,1582.0573646354724
4080,130560,837.092851778097,1577.872934620753
4081,130592,340.52604332444804,1560.2355812180776
4082,130624,340.58013222457134,1559.0038006270886
4083,130656,403.36063175925057,1557.1747183437265
4084,130688,3965.972652202185,1594.6815674893826
4085,130720,1229.7951335166656,1604.8734099465978
4086,130752,126.4983547251097,1599.758347438245
4087,130784,433.34968767701054,1601.3819091513194
4088,130816,303.2299641707541,1601.2375812972616
4089,130848,577.7468107941266,1593.0786958347833
4090,130880,361.7264004800048,1586.6086828030948
4091,130912,174.0870800673268,1568.906103591927
4092,130944,503.9207905149912,1550.3169829658166
4093,130976,537.8971298815995,1550.8670076627811
4094,131008,276.03998008407365,1546.7349996057173
4095,131040,798.7838036763108,1526.7757569222913
4096,131072,1007.86634462281,1534.8278164236888
4097,131104,11144.614062841149,1645.5274226084375
4098,131136,492.83942772828465,1641.8542603512212
4099,131168,2709.778302051847,1667.1824071279705
4100,131200,1228.9120009291103,1675.3080940425657
4101,131232,3709.019172956199,1708.4611815657674
4102,131264,645.1296202224298,1712.7146443122044
4103,131296,746.2928069638824,1717.8874855343458
4104,131328,567.4236509525219,1720.6980164688368
4105,131360,368.7063219549522,1722.6019722034541
4106,131392,761.2533137329258,1708.553706360322
4107,131424,521.4340173669622,1607.7431547140827
4108,131456,153.9374410054303,1606.8119685854808
4109,131488,2056.3186078730782,1615.697266826603
4110,131520,2719.6340586622655,1640.4810452406598
4111,131552,372.32080983066163,1641.8033530552707
4112,131584,4385.593956021395,1673.8092012067125
4113,131616,1139.3072019730419,1673.2838067011774
4114,131648,497.6248962078682,1674.8111568727313
4115,131680,1452.13202335362,1683.3925464125705
4116,131712,453.92846331910215,1679.8018959866502
4117,131744,178.15262183623307,1679.1231036736813
4118,131776,129.04093553512257,1669.241041687612
4119,131808,1082.043425247324,1669.3991008772252
4120,131840,427.9363509514174,1655.8880202298474
4121,131872,661.5426688791217,1653.0590404186996
4122,131904,1368.5474608160946,1656.7983322022121
4123,131936,610.768410156149,1659.5929718868476
4124,131968,156.13147232970886,1659.193411795747
4125,132000,3482.6051070617577,1681.3217274752503
4126,132032,334.3454568922866,1682.5886313509575
4127,132064,662.4882087873012,1687.7279265299078
4128,132096,245.19376268423923,1654.9577244022419
4129,132128,332.0351976834058,1645.1554529356197
4130,132160,235.13092723720385,1643.9680612764428
4131,132192,3401.0839728132732,1673.179484412165
4132,132224,2662.157683042087,1691.8376532951559
4133,132256,983.5965669698948,1694.7765297912285
4134,132288,1860.5258361881995,1710.8492258647473
4135,132320,2529.3536780742897,1704.9341312146369
4136,132352,652.117706782938,1703.8942995183868
4137,132384,762.438516152495,1686.8313207845024
4138,132416,154.0231744038185,1681.9894494847154
4139,132448,258.4712651506509,1683.2082339811864
4140,132480,89.36826064408326,1677.7555482515938
4141,132512,820.9510526304572,1672.4182403560294
4142,132544,840.6836494055597,1679.4623338450929
4143,132576,906.7884887755278,1686.75254735488
4144,132608,342.92443179015635,1684.7613087723048
4145,132640,886.8304129709957,1688.8844906785473
4146,132672,4776.541319370421,1173.0722627548585
4147,132704,4227.425285260837,1209.0663979323315
4148,132736,1481.7178467126294,1216.9086904439434
4149,132768,580.1343891465573,1216.8719464089081
4150,132800,755.1507364515446,1215.8171975230096
4151,132832,160.2255152306078,1209.2656249658367
4152,132864,167.67087533282105,1194.0227430878244
4153,132896,569.4378203920531,1180.9390253187219
4154,132928,414.92764463501607,1182.2774526605801
4155,132960,954.9997539745857,1184.0940392963357
4156,132992,629.5553520218668,1161.5757372802204
4157,133024,530.5799865396183,1137.550927527623
4158,133056,298.5586535540814,1135.4252326027652
4159,133088,143.15756346127841,1114.1715447883637
4160,133120,1241.3834982828412,1122.8668656387395
4161,133152,108.25847359196423,1084.9528238678356
4162,133184,93.48738339112373,1067.0939339645438
4163,133216,126.7910902926445,1058.7622296744546
4164,133248,900.0034943431934,1066.7617434002323
4165,133280,17078.30088110961,1231.0545626015455
4166,133312,3775.235333492686,1243.4298054799726
4167,133344,785.0169327485426,1246.8315062425827
4168,133376,1668.932141838194,1250.445156909519
4169,133408,2031.8659783040837,1268.22268796443
4170,133440,250.55324051211923,1261.1354899153462
4171,133472,266.7559902984522,1255.243601358409
4172,133504,1179.3280046787302,1254.5201809111215
4173,133536,1125.835807474863,1261.0040768882875
4174,133568,384.99608931979685,1258.695743182917
4175,133600,961.1616718777889,1263.2712382455522
4176,133632,420.6497212625178,1261.72538591345
4177,133664,219.20314533222054,1259.475089866248
4178,133696,319.4258713853847,1242.8700955731847
4179,133728,1240.2575598176238,1252.6947570077616
4180,133760,1010.8813695501649,1254.432642185482
4181,133792,271.7245406965254,1253.7446271592028
4182,133824,3247.662245128597,1282.8154482882433
4183,133856,71.86598765689634,1279.5005018472198
4184,133888,1892.4863577646704,1258.7656389028446
4185,133920,165.03706023344358,1248.1180581700125
4186,133952,194.765523420489,1248.8007298569662
4187,133984,1531.9884001573455,1259.7871169817695
4188,134016,1112.1077302869423,1267.8758946429314
4189,134048,739.3113138057989,1269.491539673048
4190,134080,408.86524110794335,1269.9629280793276
4191,134112,405.36836113129726,1272.2757408899672
4192,134144,1320.5620579838167,1280.4421535646552
4193,134176,168.680547579701,1276.7499877416362
4194,134208,624.0816396636059,1280.2304043374315
4195,134240,2246.0572561176505,1294.7031388618452
4196,134272,381.8905584440428,1288.4433810000576
4197,134304,469.0988856211542,1181.6882292278576
4198,134336,322.3619096517162,1179.9834540470922
4199,134368,1030.977906805615,1163.1954500946297
4200,134400,252.11384519880926,1153.4274685373266
4201,134432,1366.3599845605056,1130.0008766533695
4202,134464,414.2518208864875,1127.6920986600098
4203,134496,619.8948291239412,1126.4281188816108
4204,134528,222.36337844785825,1122.9775161565642
4205,134560,1090.0548691981169,1130.1910016289958
4206,134592,188.81578274066106,1124.4666263190732
4207,134624,477.0587323646005,1124.0228734690493
4208,134656,1212.8523893093686,1134.6120229520889
4209,134688,255.5040232240073,1116.603877105598
4210,134720,218.1275007273589,1091.5888115262492
4211,134752,394.5397326596246,1091.8110007545388
4212,134784,311.5378428945118,1051.0704396232702
4213,134816,802.9057535363095,1047.7064251389027
4214,134848,221.98498614940533,1044.9500260383181
4215,134880,14269.132404228789,1173.1200298470699
4216,134912,427.59449070244534,1172.8566901209033
4217,134944,320.2783753186534,1174.2779476557278
4218,134976,984.6191576854789,1182.8337298772312
4219,135008,2436.2733893657205,1196.376029518415
4220,135040,149.15276795084856,1193.5881936884093
4221,135072,755.3078280976858,1194.525845280595
4222,135104,273.3840847533205,1183.5742115199669
4223,135136,505.65416534544863,1182.5230690718604
4224,135168,974.3060796161863,1190.7048151447252
4225,135200,188.7469545194198,1157.7662336193016
4226,135232,2070.8380466868994,1175.1311595172476
4227,135264,860.6493919570971,1177.1127713489454
4228,135296,110.0260037803308,1175.7610937599065
4229,135328,4395.956331273932,1216.400305095812
4230,135360,165.22763639713102,1215.7012721874112
4231,135392,781.7118747819723,1189.5075512070982
4232,135424,167.72300921245798,1164.5632044688018
4233,135456,600.0535178763018,1160.7277739778658
4234,135488,134.90670616837357,1143.4715826776674
4235,135520,429.25334475201,1122.4705793444448
4236,135552,346.48801246574965,1119.4142824012727
4237,135584,825.5555475469776,1120.0454527152174
4238,135616,329.0757566718402,1121.7959785378978
4239,135648,75.75139920491006,1119.9687798784403
4240,135680,85.34640016624043,1119.9285612736621
4241,135712,555.4795874590295,1117.2738466219478
4242,135744,904.2763257842589,1117.9097733857348
4243,135776,899.8959298827073,1117.8408477968067
4244,135808,906.3149904804725,1123.4747533837099
4245,135840,177.50321003113822,1116.381481354311
4246,135872,858.042161302961,1077.1964897736364
4247,135904,413.66155803453955,1039.0588525013736
4248,135936,670.3505345088385,1030.9451793793357
4249,135968,441.58745399940364,1029.5597100278642
4250,136000,216.12076803242294,1024.169410343673
4251,136032,2202.9101839855584,1044.5962570312226
4252,136064,397.32402683585116,1046.8927885462529
4253,136096,118.18564595073856,1042.3802668018395
4254,136128,323.1631230475185,1041.4626215859646
4255,136160,430.0806634213658,1036.2134306804323
4256,136192,1460.1859410828229,1044.519736571042
4257,136224,244.14786505775865,1041.6554153562233
4258,136256,2175.2413540477864,1060.4222423611607
4259,136288,1092.4764879072516,1069.9154316056201
4260,136320,314.3089694327565,1060.644686317119
4261,136352,1141.9289994464884,1070.9813915756645
4262,136384,964.9387714574834,1079.695905456328
4263,136416,780.1468617157541,1086.2294631705593
4264,136448,570.9878066341407,1082.9393062934687
4265,136480,419.1369187434066,916.3476666698065
4266,136512,2095.159268212221,899.5469060170019
4267,136544,318.53263785864976,894.882063068103
4268,136576,1969.381223535139,897.8865538850724
4269,136608,294.87278826375143,880.5166219846692
4270,136640,472.6323359810162,882.7374129393583
4271,136672,2188.8007628015876,901.9578606643896
4272,136704,188.15502414999818,892.0461308591023
4273,136736,546.0191283242107,886.2479640675957
4274,136768,964.860417303088,892.0466073474287
4275,136800,437.246733513605,886.8074579637869
4276,136832,424.4679912736315,886.8456406638979
4277,136864,2339.7662180806647,908.0512713913823
4278,136896,58266.943584428795,1487.5264485218163
4279,136928,999.2494576609985,1485.1163675002501
4280,136960,601.2763640236677,1481.020317444985
4281,136992,3995.86253874743,1518.2616974254943
4282,137024,1603.2502002330452,1501.8175769765387
4283,137056,736.8086575808168,1508.4670036757777
4284,137088,2985.8817819679925,1519.400957917811
4285,137120,5221.175538629782,1569.9623427017746
4286,137152,3276.6471488573206,1600.7811589561427
4287,137184,500.21223165352524,1590.4633972711047
4288,137216,737.9851965762699,1586.7221719339982
4289,137248,1404.4696972401507,1593.3737557683414
4290,137280,1424.4452532278553,1603.5295558895405
4291,137312,373.0552458600467,1603.206424736828
4292,137344,768.6964217282061,1597.6877683742719
4293,137376,108.83700632099388,1597.0893329616852
4294,137408,2030.979395680376,1611.1583105218526
4295,137440,1120.890218984071,1599.906640150517
4296,137472,756.0817095404138,1603.6485516614807
4297,137504,2604.272516471579,1625.000287969985
4298,137536,1703.650852317338,1638.813177396641
4299,137568,1246.1617983539745,1640.9650163121246
4300,137600,3535.216165032291,1673.7960395104592
4301,137632,232.6567529773469,1662.4590071946275
4302,137664,5478.459914676522,1713.101088132528
4303,137696,57491.80970191001,2281.820236860389
4304,137728,579.7355649673349,2285.393958725583
4305,137760,3941.5467029127694,2313.90887706273
4306,137792,419.73051663030196,2316.2180244016263
4307,137824,6692.778186013329,2378.3752189381134
4308,137856,303.74484373277113,2369.2841434823476
4309,137888,874.4855702777944,2375.4739589528854
4310,137920,2861.52898555922,2401.907973801204
4311,137952,2079.351815901488,2418.7560946336234
4312,137984,4639.310228011809,2462.033818484796
4313,138016,21913.027596863274,2673.1350369180655
4314,138048,405.54419797386674,2674.9706290363106
4315,138080,1963.8944393732338,2551.9182493877543
4316,138112,519.5351558023926,2552.8376560387537
4317,138144,1945.6538682328578,2569.091410967896
4318,138176,211.9686878566929,2561.3649062696086
4319,138208,1587.2987664135503,2552.875160040087
4320,138240,1080.9411003628834,2562.193043364207
4321,138272,1156.5600660967084,2566.205565744197
4322,138304,838.9001340496867,2571.860726237161
4323,138336,840.4100232049359,2575.208284815756
4324,138368,242.34403282232137,2567.8886643478168
4325,138400,834.7545706089113,2574.3487405087117
4326,138432,915.967118290427,2562.800031224747
4327,138464,144.74638177694845,2555.6410011229455
4328,138496,722.1233870292683,2561.7619749554347
4329,138528,331.1341249078577,2521.1137528917743
4330,138560,966.1077203734011,2529.1225537315368
4331,138592,2782.4931040200154,2549.1303660239173
4332,138624,1432.232061491389,2561.7754565467067
4333,138656,870.8790558189706,2564.4837119261333
4334,138688,168.59180498311315,2564.820562914281
4335,138720,530.949562079015,2565.837525087551
4336,138752,1139.8089905645472,2573.7707348685394
4337,138784,995.2262555024297,2575.467441948094
4338,138816,1685.9602936071315,2589.0362873174467
4339,138848,800.1392078794005,2596.280165404192
4340,138880,646.4541274350877,2601.89124267688
4341,138912,426.0459994760239,2600.59690679705
4342,138944,1330.4308480641446,2604.8584520198483
4343,138976,533.8678709928964,2601.1981714309504
4344,139008,377.2587315744481,2595.9076088418906
4345,139040,674.6804832150945,2600.87938157373
4346,139072,943.8072233563004,2601.7370321942635
4347,139104,1380.838789615198,2611.4088045100702
4348,139136,307.9470644339167,2607.7847698093215
4349,139168,321.3295821674352,2606.5821910910013
4350,139200,538.3881083598271,2609.8048644942755
4351,139232,504.5297218958974,2592.821059873379
4352,139264,250.13705115092952,2591.3491901165294
4353,139296,407.99855369271467,2594.247319193949
4354,139328,651.0863759757677,2597.5265517232315
4355,139360,438.4611845729999,2597.610356934748
4356,139392,4750.437579166337,2630.512873315583
4357,139424,286.0101437266809,2630.9314961022715
4358,139456,292.43031600276197,2612.1033857218217
4359,139488,299.95390567473186,2604.178159899496
4360,139520,738.5374323630709,2608.4204445287996
4361,139552,86.91370367312646,2597.8702915710664
4362,139584,338.0450456597563,2591.601354313089
4363,139616,553.3017713046675,2589.332903408978
4364,139648,2672.416403875111,2610.3471893813876
4365,139680,1220.0617381884533,2618.356437575838
4366,139712,279.5876714264982,2600.200721607981
4367,139744,409.20441799546353,2601.107439409349
4368,139776,1457.9237907114011,2595.9928650811116
4369,139808,988.4366610218921,2602.9285038086928
4370,139840,833.6115352978719,2606.538295801861
4371,139872,8384.333671585022,2668.493624889695
4372,139904,1644.5515796910504,2683.057590445106
4373,139936,3411.3656938873137,2711.7110561007376
4374,139968,672.5518875765072,2708.787970803471
4375,140000,1550.0567761599796,2719.9160712299354
4376,140032,1806.9501481094433,2733.7408927982938
4377,140064,927.7064413051396,2719.6202950305383
4378,140096,798.6248720108882,2144.9371079063594
4379,140128,835.7628245075953,2143.3022415748255
4380,140160,718.3894512352143,2144.473372446941
4381,140192,601.9844264433541,2110.5345913239
4382,140224,865.3104674665176,2103.1551939962346
4383,140256,1064.280109108036,2106.429908511507
4384,140288,2695.838009306816,2103.5294707848952
4385,140320,1954.4336735685347,2070.8620521342823
4386,140352,370.5096941855692,2041.8006775875651
4387,140384,191.3395416867756,2038.7119506878978
4388,140416,564.1363031715342,2036.9734617538504
4389,140448,767.7789421140665,2030.6065542025897
4390,140480,964.7227991943405,2026.0093296622545
4391,140512,327.9966236970911,2025.558743440625
4392,140544,1439.5513515225318,2032.2672927385681
4393,140576,985.5060469790669,2041.0339831451488
4394,140608,131.5307499588706,2022.0394966879335
4395,140640,535.9902949001444,2016.1904974470942
4396,140672,770.4652169298287,2016.3343325209885
4397,140704,1632.3240382270321,2006.6148477385432
4398,140736,112.65743260470285,1990.7049135414168
4399,140768,160.69720225668306,1979.8502675804434
4400,140800,265.6366835693947,1947.1544727658147
4401,140832,2101.2152316718093,1965.8400575527594
4402,140864,179.65116420591417,1912.8519700480533
4403,140896,490.95835301676766,1342.843456559121
4404,140928,123.03637761420582,1338.2764646855896
4405,140960,1534.967391373775,1314.2106715701996
4406,140992,84.75220810645219,1310.8608884849612
4407,141024,200.80140000292295,1245.941120624857
4408,141056,572.5648948268924,1248.6293211357981
4409,141088,218.31794272297373,1242.0676448602503
4410,141120,1147.7830974574235,1224.9301859792324
4411,141152,275.83215373962395,1206.8949893576137
4412,141184,353.25847841250874,1164.0344718616207
4413,141216,6769.792806372022,1012.602123956708
4414,141248,1034.957485173723,1018.8962568287066
4415,141280,457.6132935985864,1003.83344537096
4416,141312,237.32626190847333,1001.0113564320208
4417,141344,616.2117238625333,987.7169349883175
4418,141376,410.8788355414492,989.7060364651651
4419,141408,1339.791946157773,987.2309682626075
4420,141440,1575.6692312159555,992.1782495711383
4421,141472,87.06188272587389,981.4832677374299
4422,141504,314.46100102587417,976.2388764071918
4423,141536,820.2916357205203,976.0376925323476
4424,141568,475.99247952482045,978.3741769993726
4425,141600,4177.007530273617,1011.7967065960196
4426,141632,260.16475372981256,1005.2386829504135
4427,141664,68.25328229986572,1004.4737519556426
4428,141696,1244.007135775569,1009.6925894431055
4429,141728,456.3176133546689,1010.9444243275736
4430,141760,140.74629486060104,1002.6908100724457
4431,141792,81.8358637964909,975.6842376702106
4432,141824,680.7194264963306,968.16911132026
4433,141856,143.87066676712087,960.8990274297415
4434,141888,240.58025933998746,961.6189119733103
4435,141920,841.1271707198237,964.7206880597183
4436,141952,498.65994538733605,958.3091976079462
4437,141984,1195.3984264117496,960.3109193170394
4438,142016,4176.7152738777695,985.2184691197457
4439,142048,3014.9050194317438,1007.3661272352691
4440,142080,295.5641180080985,1003.8572271409993
4441,142112,198.32143734907692,1001.5799815197298
4442,142144,2384.5128803079697,1012.120801842168
4443,142176,2347.7772020266375,1030.2598951525056
4444,142208,606.9069380256597,1032.5563772170176
4445,142240,1037.3455235309739,1036.1830276201763
4446,142272,814.0627104484896,1034.8855824910981
4447,142304,1674.3062248191193,1037.8202568431375
4448,142336,874.432823058397,1043.4851144293823
4449,142368,266.39749320847835,1042.9357935397927
4450,142400,352.79467855241535,1041.0798592417186
4451,142432,270.5367124161068,1038.7399291469208
4452,142464,521.4834678851472,1041.453393314263
4453,142496,598.6601632755352,1043.360009410091
4454,142528,392.3346612196582,1040.77249226253
4455,142560,649.32425084404,1042.8811229252403
4456,142592,340.9098023458048,998.7858451570349
4457,142624,383.2146439856154,999.7578901596243
4458,142656,301.75863875294226,999.8511733871261
4459,142688,1710.3906896098104,1013.955541226477
4460,142720,1064.8099579935813,1017.218266482782
4461,142752,1109.4786494038406,1027.4439159400893
4462,142784,522.5095086368838,1029.2885605698605
4463,142816,781.3099072364777,1031.5686419291785
4464,142848,655.033984008863,1011.3948177305161
4465,142880,307.3482531590577,1002.2676828802221
4466,142912,399.4782294094365,1003.4665884600516
4467,142944,225.60464907934337,1001.6305907708904
4468,142976,786.0703437870885,994.9120563016472
4469,143008,137.4641796344445,986.4023314877728
4470,143040,240.73942100782014,980.4736103448723
4471,143072,596.4763670585089,902.5950372996072
4472,143104,426.1453988509493,890.410975491206
4473,143136,485.09647325762194,861.1482832849091
4474,143168,2423.2520329167605,878.6552847383116
4475,143200,938.6776329373781,872.5414933060857
4476,143232,1175.1763845078206,866.2237556700695
4477,143264,190.14908754550765,858.8481821324732
4478,143296,253.81417634967326,853.400075175861
4479,143328,212.24334906816236,847.1648804214666
4480,143360,3209.9593300450597,872.080579209565
4481,143392,1941.596625717585,885.4767012023073
4482,143424,2526.1686046983546,902.0852825746256
4483,143456,688.3302062486197,898.3257835460315
4484,143488,1024.1573386671755,881.6089768396351
4485,143520,435.842913803176,866.4230692419816
4486,143552,1201.3455987313307,874.7314282874393
4487,143584,495.01111048504237,877.7681439754218
4488,143616,390.9393132646702,876.0361740763532
4489,143648,801.827502237466,876.3766596775873
4490,143680,580.4578492027164,872.534010177671
4491,143712,647.4673647193251,875.7287175878935
4492,143744,539.1606481218292,866.7248105538863
4493,143776,735.7386863687391,864.227136947783
4494,143808,234.47329284594568,865.2565623766538
4495,143840,293.0003578094831,862.8266630057472
4496,143872,212.1717799848667,857.2437286362974
4497,143904,1722.3074211502285,858.1435624655295
4498,143936,3456.0701890060886,891.5776900295433
4499,143968,863.2274889726127,898.6029928967026
4500,144000,1242.028655043348,908.3669126114422
4501,144032,240.8932926202191,889.7636932209261
4502,144064,593.0635529627773,893.8978171084949
4503,144096,387.63969868847374,892.864630565212
4504,144128,1196.4530641298163,903.5987974303682
4505,144160,133.57369844997345,889.5848605011302
4506,144192,597.7034299167277,894.7143727192329
4507,144224,333.2550154657045,896.0389088738607
4508,144256,549.2245185797103,895.8055051113888
4509,144288,1006.5646076487583,903.6879717606466
4510,144320,335.7276947098954,895.5674177331714
4511,144352,487.05770380908064,897.679673233866
4512,144384,311.7765087287908,897.2648535370289
4513,144416,1031.7130711759655,839.8840561850682
4514,144448,479.7284470068309,834.3317658033993
4515,144480,361.58042561702143,833.3714371235837
4516,144512,291.92618905342,833.9174363950332
4517,144544,733.7711690847359,835.0930308472554
4518,144576,144.49680999505424,832.4292105917912
4519,144608,2073.711236794654,839.76840349816
4520,144640,222.73789903907345,826.2390901763913
4521,144672,1954.7003230293835,844.9154745794264
4522,144704,1990.1702213801195,861.6725667829687
4523,144736,326.7873093581898,856.7375235193455
4524,144768,163.38524042425644,853.6114511283398
4525,144800,3386.7017687708494,845.7083935133122
4526,144832,2037.2310145235426,863.4790561212494
4527,144864,9948.227392740398,962.2787972256548
4528,144896,435.56464922061394,954.1943723601051
4529,144928,275.92808391152937,952.3904770656737
4530,144960,1143.147398880591,962.4144881058737
4531,144992,486.7457438734298,966.4635869066431
4532,145024,907.746295478916,968.733855596469
4533,145056,415.1460319234657,971.4466092480324
4534,145088,1679.7752221279718,985.8385588759121
4535,145120,537.2390929861235,982.7996780985751
4536,145152,849.7535644479219,986.310614289181
4537,145184,344.6520182266246,977.8031502073296
4538,145216,418.96855697916743,940.2256830383437
4539,145248,1362.685772725624,923.7034905712825
4540,145280,338.04588900192687,924.1283082812208
4541,145312,385.21593329017753,925.9972532406318
4542,145344,427.9708513129418,906.4318329506816
4543,145376,1054.9997418603746,893.5040583490189
4544,145408,257.6916911482714,890.0119058802452
4545,145440,422.56916804279695,883.8641423253633
4546,145472,859.3063312166861,884.3165785330452
4547,145504,134.3634596424364,868.9171508812784
4548,145536,267.8736103431686,862.8515587541261
4549,145568,148.04573760043345,861.6680411980458
4550,145600,306.9487198057373,861.209581610579
4551,145632,132.6854674756595,859.8310691611745
4552,145664,327.9774184958425,857.8960086672815
4553,145696,581.5416588931388,857.7248236234576
4554,145728,601.9153490528352,859.8206305017893
4555,145760,253.05733425216485,855.8579613358704
4556,145792,998.7759593659432,862.4366229060718
4557,145824,2708.0707641587974,885.6851841078037
4558,145856,107.79212453849152,883.7455189656591
4559,145888,5448.506854135952,921.1266806109206
4560,145920,1139.4277999034373,921.8728590300191
4561,145952,2093.044932723064,931.7085218632113
4562,145984,70.27438056200307,927.1861705824625
4563,146016,426.8350994115576,923.6414225042134
4564,146048,838.5157233548346,925.4762398976733
4565,146080,100.07388574348757,923.4034962235174
4566,146112,817.610804295132,927.5848219723745
4567,146144,718.4702587486515,932.5134780690676
4568,146176,239.79731196892556,927.0507477508858
4569,146208,288.5606404529769,928.5617123590711
4570,146240,1727.889426309941,943.4332124120924
4571,146272,3550.2040420881435,972.9704891623888
4572,146304,3421.766096204998,1002.9266961359293
4573,146336,856.7634245699255,1006.6433656490524
4574,146368,3068.1352438904355,1013.0921977587891
4575,146400,2692.6363757573486,1030.6317851869887
4576,146432,111.35310810353675,1019.993552422946
4577,146464,495.9561520546665,1023.0516230680375
4578,146496,726.3161776315972,1027.7766430808567
4579,146528,1775.161821670714,1043.4058278068821
4580,146560,357.1938579841304,1014.8781730862729
4581,146592,619.42700422167,1001.6564768713137
4582,146624,1477.4519153438687,991.1693099777688
4583,146656,2025.3573701012951,1004.5395816162955
4584,146688,717.1663750854383,1001.4696719804781
4585,146720,288.358851671794,999.9948313591643
4586,146752,642.7788422556252,994.4091637944073
4587,146784,150.9420621172768,990.9684733107298
4588,146816,1851.9841600145112,1005.5789217782283
4589,146848,1412.4609009788494,1011.6852557656421
4590,146880,3957.593817734892,1045.456615450964
4591,146912,126.29750512043499,1040.2449168549751
4592,146944,730.1712480283369,1042.1550228540402
4593,146976,475.5052194188904,1039.5526881845417
4594,147008,425.2523378260219,1041.4604786343423
4595,147040,939.3476299581826,1047.9239513558293
4596,147072,259.92428620998726,1048.4014764180806
4597,147104,1314.3023123888242,1044.3214253304661
4598,147136,1217.0582133816067,1021.9313055742216
4599,147168,367.0654464271153,1016.9696851487666
4600,147200,1718.7681440626425,1021.7370800389596
4601,147232,2566.6714157882743,1044.99486127064
4602,147264,1003.9198099342955,1049.1034238403552
4603,147296,1534.5670338451514,1060.572697191922
4604,147328,2270.409451300874,1071.3122610636328
4605,147360,527.4882941422092,1075.251407020555
4606,147392,6535.151094261235,1134.6258836640002
4607,147424,975.7852251159437,1141.0511857605024
4608,147456,1086.3427836330284,1146.4223684110354
4609,147488,320.4959384317999,1139.5616817188659
4610,147520,74.67301373799395,1136.951134909147
4611,147552,664.8616803252419,1138.7291746743085
4612,147584,105.58632475755961,1136.6672728345966
4613,147616,86.44287915608933,1127.2145709143977
4614,147648,626.660618355027,1128.6838926278795
4615,147680,4725.780094117357,1172.325889312883
4616,147712,184.5757074761762,1171.2523844971104
4617,147744,414.4408445339064,1168.059081251602
4618,147776,331.8008635611848,1169.9321217872634
4619,147808,256.7500229473296,1151.76250964879
4620,147840,195.89780611885325,1151.4941087195882
4621,147872,476.80523137486597,1136.7151578030432
4622,147904,35874.367709113314,1475.557132680375
4623,147936,1048.923231518812,1482.7784919019812
4624,147968,711.8245691094058,1488.2628851888323
4625,148000,383.73073106028585,1458.2331748117267
4626,148032,451.1052604018231,1442.3719172705096
4627,148064,260.24245621071253,1345.492067905213
4628,148096,707.1023896263521,1348.2074453092705
4629,148128,1183.2489324322466,1357.2806537944775
4630,148160,2285.1791327369524,1368.700971133041
4631,148192,3473.5718390700813,1398.5692320850076
4632,148224,85.74978605993105,1390.3492669908178
4633,148256,71.39255644587735,1386.9117322360419
4634,148288,596.5376627008174,1376.0793566417706
4635,148320,243.96827150915647,1373.1466484270009
4636,148352,176.83367301515415,1366.4174495126729
4637,148384,79808.4467548066,2161.0553968784725
4638,148416,1197.0460103432163,2168.8361714121133
4639,148448,221.1519940872655,2157.4208336257298
4640,148480,1007.0648628908625,2164.111023364619
4641,148512,111.9352154533577,2161.378216186251
4642,148544,194.8924847508989,2159.04743252063
4643,148576,62.65380654041453,2149.1239731674304
4644,148608,3687.6580824496737,2183.4236370804447
4645,148640,825.6923989810244,2187.4548693898264
4646,148672,1250.7181460993008,2191.3689875386526
4647,148704,1359.3268175276055,2203.6186211175045
4648,148736,400.04330699747163,2204.940318084048
4649,148768,2156.5366380437017,2225.0252270884803
4650,148800,431.91048592915143,2226.2748447497147
4651,148832,657.4383525372355,2231.522373600331
4652,148864,294.2838670925294,2231.1854380862974
4653,148896,1169.3940472488562,2237.0639619698545
4654,148928,153.4841733390356,2232.579650212716
4655,148960,500.63474608099443,2235.055424331005
4656,148992,261.5389606299331,2227.6830543436445
4657,149024,537.0920831122945,2205.9732675331793
4658,149056,984.961017934451,2214.7449564671388
4659,149088,209.00909351018723,2162.349978860881
4660,149120,2255.2184054493773,2173.5078849163406
4661,149152,513.6191871431236,2157.7136274605414
4662,149184,90.24374565150069,2157.9133211114367
4663,149216,929.0100182984726,2162.9350703003056
4664,149248,174.82331778225813,2156.2981462445796
4665,149280,731.1362614739102,2162.608770001884
4666,149312,590.877035050564,2160.341432309438
4667,149344,987.0248295608424,2163.02697801756
4668,149376,1126.6488659947886,2171.8954935578186
4669,149408,3985.3686021162794,2208.8635731744516
4670,149440,451.68639982483455,2196.101542909601
4671,149472,96.75033174976669,2161.5670058062174
4672,149504,565.052594439888,2132.9998707885666
4673,149536,206.44136576999654,2126.496650200567
4674,149568,68.93806655895685,2096.5046784272517
4675,149600,624.7440466048749,2075.825755135727
4676,149632,845.7337356580355,2083.169561411272
4677,149664,7934.7335469553045,2157.5573353602786
4678,149696,586.1942626471182,2156.1561162104344
4679,149728,858.9224571941244,2146.993722565668
4680,149760,2067.260435864286,2164.0943883444693
4681,149792,132.07045061431776,2159.220822808396
4682,149824,539.6825619242238,2149.8431292742
4683,149856,1050.4898546019012,2140.0944541192057
4684,149888,334.20668877148836,2136.264857256066
4685,149920,300.71525198610595,2136.3884212592093
4686,149952,2178.980273227394,2151.750435568927
4687,149984,537.3887478876695,2155.614902426631
4688,150016,1452.4366998796158,2151.6194278252824
4689,150048,2124.6305503709696,2158.7411243192037
4690,150080,471.3758328142965,2123.8789444699974
4691,150112,506.3355474855561,2127.6793248936483
4692,150144,451.2346367575397,2124.88995878094
4693,150176,98.73583713893134,2121.122264958141
4694,150208,2328.995205212738,2140.159693632008
4695,150240,123.883974829391,2132.00505708072
4696,150272,180.71300866616605,2131.212944305282
4697,150304,259.50698517048176,2120.6649910330984
4698,150336,1522.216364424226,2123.7165725435248
4699,150368,1940.16294402757,2139.4475475195295
4700,150400,2016.5809381343006,2142.425675460246
4701,150432,148.25332435903917,2118.2414945459536
4702,150464,189.01534816521237,2110.0924499282632
4703,150496,17012.31533632305,2264.8699329530414
4704,150528,4497.813971959136,2287.1439781596246
4705,150560,654.5479122487187,2288.4145743406893
4706,150592,121.62863827937026,2224.279349780871
4707,150624,194.47692789633714,2216.466266808675
4708,150656,2023.4186031185623,2225.83702500353
4709,150688,249.18633618852132,2225.123928981098
4710,150720,698.7414186795818,2231.3646130305137
4711,150752,149.98700585937678,2226.215866285855
4712,150784,610.0611910786332,2231.2606149490653
4713,150816,1168.4421439406622,2242.0806075969112
4714,150848,2711.789749796191,2262.931898911323
4715,150880,156.21049732446733,2217.236202943394
4716,150912,441.7827260456319,2219.8082731290883
4717,150944,736.4097567341244,2223.02796225109
4718,150976,170.21903370128038,2221.4121439524906
4719,151008,429.70414947592917,2223.141685217777
4720,151040,1056.8726514863308,2231.7514336714517
4721,151072,116.03405007113504,2228.1437218584147
4722,151104,661.3054597267737,1876.0130993645491
4723,151136,2674.1009415271437,1892.2648764646326
4724,151168,448.28297749418465,1889.6294605484804
4725,151200,645.6177620042654,1892.24833085792
4726,151232,78.57525379568459,1888.5230307918584
4727,151264,313.9837268579187,1889.0604434983306
4728,151296,80.43891540806548,1882.7938087561479
4729,151328,148.68572889014536,1872.448176720727
4730,151360,179.643842462524,1851.3928238179826
4731,151392,450.3414223976722,1821.1605196512587
4732,151424,3650.604387502556,1856.809065665685
4733,151456,1721.0842683329824,1873.305982784556
4734,151488,634.677927367279,1873.6873854312207
4735,151520,731.4086609950131,1878.5617893260794
4736,151552,410.1356210867429,1880.8948088067953
4737,151584,672.9427383388439,1089.5397686421175
4738,151616,499.032664293005,1082.5596351816152
4739,151648,1953.9658486662636,1099.8877737274051
4740,151680,614.2892870509221,1095.9600179690058
4741,151712,374.1494056589264,1098.5821598710615
4742,151744,558.3554609282359,1102.216789632835
4743,151776,1862.5705576145474,1120.2159571435764
4744,151808,508.59861786661855,1088.4253624977457
4745,151840,574.4911266782714,1085.913349774718
4746,151872,324.37466074305144,1076.6499149211556
4747,151904,1686.3684712177005,1079.9203314580566
4748,151936,551.092406486378,1081.4308224529454
4749,151968,1285.9676254736307,1072.7251323272449
4750,152000,835.0794873470013,1076.7568223414235
4751,152032,214.85190223615697,1072.3309578384126
4752,152064,509.3634908816151,1074.4817540763033
4753,152096,280.51680449608614,1065.5929816487758
4754,152128,789.693648421854,1071.955076399604
4755,152160,264.02388750246513,1069.5889678138185
4756,152192,320.9123577953998,1070.1827017854732
4757,152224,227.76283836137156,1067.0894093379638
4758,152256,16.92219373153478,1057.409021095935
4759,152288,759.0973478075292,1062.9099036389084
4760,152320,6120.827819292656,1101.5659977773412
4761,152352,203.1715173390487,1098.4615210793006
4762,152384,2641.2710108402575,1123.971793731188
4763,152416,372.27822105104644,1118.404475758714
4764,152448,410.0692270576759,1120.7569348514678
4765,152480,495.5654929610049,1118.401227166339
4766,152512,574.6694935473527,1118.2391517513067
4767,152544,1242.2247704317467,1120.7911511600157
4768,152576,405.5194727147742,1113.5798572272154
4769,152608,126.94620775143183,1074.995633283567
4770,152640,715.1770842399396,1077.6305401277182
4771,152672,275.7215225803356,1079.4202520360238
4772,152704,927.62233709049,1083.0459494625302
4773,152736,65350.3505037856,1734.485040842686
4774,152768,136.99326886650354,1735.1655928657615
4775,152800,523.7904687265508,1734.1560570869783
4776,152832,476.41894232699747,1730.4629091536679
4777,152864,3408.15486024144,1685.1971222865293
4778,152896,3285.3289731662685,1712.1884693917207
4779,152928,1711.4881077761675,1720.7141258975412
4780,152960,270.81823536614615,1702.7497038925599
4781,152992,138.47954444097596,1702.813794830826
4782,153024,272.4297855866873,1700.1412670674506
4783,153056,426.68923954977936,1693.9032609169294
4784,153088,137.88570696823672,1691.9400510988971
4785,153120,1293.311679097601,1701.8660153700123
4786,153152,145.35772818316133,1681.5297899195702
4787,153184,207.89034262028756,1678.234805866896
4788,153216,279.6448270254237,1666.506887138354
4789,153248,345.3495388691785,1648.7140770233364
4790,153280,195.4943818914276,1645.9552625141073
4791,153312,544.09753485477,1646.3328823877994
4792,153344,143.89313033584676,1643.2594673235826
4793,153376,1145.703262329791,1653.7291415754912
4794,153408,363.2625865774826,1634.0718153891387
4795,153440,316.47714465275925,1635.997747087372
4796,153472,697.3318105751637,1641.163935106462
4797,153504,825.225724090804,1646.8211224956656
4798,153536,1365.9459802222125,1645.2584186536453
4799,153568,131.0008627395904,1627.1667978407654
4800,153600,238.42713011098286,1609.3852597605323
4801,153632,971.1236129342328,1617.6139626462843
4802,153664,223.3470795892573,1617.9572799605246
4803,153696,519.8186721066534,1453.0323133183606
4804,153728,616.8619790097987,1414.2227933888676
4805,153760,342.9072582768642,1411.1063868491492
4806,153792,335.15295702063344,1413.241630036562
4807,153824,206.52642832802178,1413.3621250408785
4808,153856,715.7015664025811,1400.2849546737184
4809,153888,152.9178499046121,1399.3222698108796
4810,153920,911.6574864637355,1401.4514304887211
4811,153952,685.1557896510219,1406.8031183266376
4812,153984,1251.339689279031,1413.2159033086416
4813,154016,1023.5384021814272,1411.7668658910493
4814,154048,3825.8481305237246,1422.9074496983246
4815,154080,269.6094001989327,1424.0414387270694
4816,154112,401.0716477733098,1423.634327944346
4817,154144,293.81585052158306,1419.2083888822206
4818,154176,585.0502306589682,1423.3567008517975
4819,154208,1256.7762562480507,1431.6274219195186
4820,154240,375.2358603770657,1424.8110540084263
4821,154272,353.593515256646,1427.1866486602812
4822,154304,309.76498431697644,1423.6712439061835
4823,154336,1411.813674196651,1411.0483712328783
4824,154368,35.58051513487358,1406.9213466092851
4825,154400,2718.3291783219415,1427.648460772462
4826,154432,954.0412572639669,1436.4031208071447
4827,154464,2914.014615548744,1462.4034296940529
4828,154496,238.19227848333904,1463.9809633248058
4829,154528,1549.3175484137162,1477.9872815200413
4830,154560,235.53381479233911,1478.5461812433396
4831,154592,778.0651099013701,1481.8234181183764
4832,154624,333.5951890303354,1448.653326133654
4833,154656,368.2871042286954,1435.1253544926115
4834,154688,207.0749457425252,1430.8493246763637
4835,154720,5016.913771532826,1473.7043757817419
4836,154752,289.9254364211483,1472.502273935086
4837,154784,527.9292470962264,1471.05213902266
4838,154816,4188.304941990937,1507.9448617996393
4839,154848,254.21535805359983,1490.9473568935123
4840,154880,646.9923330748687,1491.274387353752
4841,154912,1370.3184793743487,1501.2360780909064
4842,154944,12657.103778674527,1622.2235612683694
4843,154976,710.2915263782003,1610.7007709560057
4844,155008,9387.744639520568,1699.492231172545
4845,155040,531.5729069442914,1699.0630489752054
4846,155072,1312.3617053868102,1708.9429194216432
4847,155104,816.0125175469102,1700.239359884935
4848,155136,833.5078808783585,1703.063514628855
4849,155168,767.4465119639111,1697.8783034937578
4850,155200,1224.9940632069258,1701.777449252357
4851,155232,532.4658529680137,1704.9535887596755
4852,155264,231.44400776916066,1702.1743939285507
4853,155296,389.85124852965976,1703.2677383688865
4854,155328,577.9283593632152,1701.1500854783003
4855,155360,3162.6395541877932,1730.1362421451533
4856,155392,830.8134026433006,1735.2352525936321
4857,155424,850.013543838876,1741.4577596484073
4858,155456,139.00859790151932,1742.6786236901073
4859,155488,799.1304939758962,1743.078955151791
4860,155520,124.2318151410273,1683.1129951102746
4861,155552,143.44140560228692,1682.515693992907
4862,155584,1628.2681757262203,1672.3856656417668
4863,155616,1627.204184576807,1684.9349252770244
4864,155648,4946.883251026198,1730.3030655167097
4865,155680,4203.226885022543,1767.3796794373252
4866,155712,429.53011431890593,1765.928285645041
4867,155744,234.07301198479223,1755.8467680605709
4868,155776,522.2051004470331,1757.0136243378936
4869,155808,931.7669038541547,1765.0618312989209
4870,155840,546.0927290954628,1763.3709877474762
4871,155872,352.69420583290923,1764.140714580002
4872,155904,362.2598910703776,1758.4870901198008
4873,155936,1461.7738777225873,1119.6013238591709
4874,155968,2446.3129945693295,1142.6945211161988
4875,156000,991.2567205728989,1147.3691836346622
4876,156032,493.654786272312,1147.5415420741153
4877,156064,462.4969347735744,1118.0849628194367
4878,156096,4156.337367007221,1126.7950467578462
4879,156128,1031.0380907696076,1119.9905465877807
4880,156160,4098.281691983312,1158.2651811539524
4881,156192,1594.8049717366853,1172.8284354269094
4882,156224,71.61839964578976,1170.8203215675003
4883,156256,167.89121764175707,1168.23234134842
4884,156288,597.373299790674,1172.8272172766447
4885,156320,719.6121440476401,1167.0902219261452
4886,156352,1292.1406601599917,1178.5580512459135
4887,156384,613.9386867103638,1182.6185346868144
4888,156416,129.3650855985121,1181.1157372725452
4889,156448,1455.3341169079074,1192.2155830529323
4890,156480,912.8125585675733,1199.3887648196935
4891,156512,2553.360409637449,1219.4813935675204
4892,156544,1905.2593116106548,1237.0950553802684
4893,156576,261.62107149036126,1228.2542334718742
4894,156608,1223.4116466250055,1236.8557240723496
4895,156640,1367.8891939182085,1247.3698445650039
4896,156672,226.78310476154783,1242.6643575068679
4897,156704,178.3116685028607,1236.1952169509882
4898,156736,289.73119938576576,1225.4330691426237
4899,156768,159.08931290783704,1225.7139536443062
4900,156800,383.5441224381737,1227.1651235675781
4901,156832,9847.245907902976,1315.9263465172655
4902,156864,621.8621547392693,1319.911497268766
4903,156896,170.57988831595839,1316.4191094308592
4904,156928,912.2218357108051,1319.372707997869
4905,156960,284.6967916309159,1318.7906033314096
4906,156992,468.9506107340692,1320.1285798685442
4907,157024,228.87980673259247,1320.3521136525897
4908,157056,399.44725575153456,1317.189570546079
4909,157088,166.9861198240312,1317.3302532452733
4910,157120,527.7354700656641,1313.4910330812925
4911,157152,6920.78785529454,1375.8473537377279
4912,157184,2491.5121482048944,1388.2490783269866
4913,157216,365.8761422978982,1381.6724557281514
4914,157248,249.57964030989982,1345.909770826013
4915,157280,885.0911347453441,1352.064588171477
4916,157312,113.85076177609783,1349.1923793115047
4917,157344,990.8819699792735,1356.1630405060814
4918,157376,219.0458045168016,1352.5029962446602
4919,157408,519.1446883774062,1345.1266805659536
4920,157440,261.4664715369968,1343.988986677553
4921,157472,521.3111960799351,1345.6661634857858
4922,157504,1850.2668086852952,1361.0711817294691
4923,157536,749.1532702716079,1354.4445776902187
4924,157568,360.6496825305624,1357.6952693641756
4925,157600,97.11439681475322,1331.4831215491038
4926,157632,3771.476787440745,1359.6574768508715
4927,157664,238.81648585765353,1332.9054955539607
4928,157696,387.42464643497146,1334.3978192334769
4929,157728,6752.875055759962,1386.4333943069394
4930,157760,322.9489141361869,1387.3075453003778
4931,157792,4318.289730749897,1422.709791508863
4932,157824,243.2061010224793,1421.8059006287845
4933,157856,700.8731576844413,1425.131761163342
4934,157888,6328.799065260719,1486.3490023585239
4935,157920,405.7887288696049,1440.2377519318918
4936,157952,1541.7950895869296,1452.7564484635498
4937,157984,995.1355578853554,1457.428511571441
4938,158016,358.847076974646,1419.1339329212778
4939,158048,2742.5953526037642,1444.0177328667794
4940,158080,962.5505797652924,1447.1733153336838
4941,158112,1243.50051713345,1445.9051357112749
4942,158144,738.370910618113,1326.7178070307107
4943,158176,2091.49992986653,1340.5298910655943
4944,158208,876.939542659292,1255.4218400969814
4945,158240,322.34941285409735,1253.3296051560794
4946,158272,188.6308608028901,1242.0922967102401
4947,158304,945.6280757700897,1243.3884522924716
4948,158336,152.6287272916036,1236.5796607566044
4949,158368,765.2357287974257,1236.5575529249393
4950,158400,429.6772391939401,1228.6043846848092
4951,158432,719.2908306806426,1230.472634461936
4952,158464,1818.800025615974,1246.346194640404
4953,158496,911.6847800830748,1251.5645299559383
4954,158528,227.47514367999284,1248.059997799106
4955,158560,830.966507580999,1224.7432673330381
4956,158592,537.8966698767792,1221.814100005373
4957,158624,1546.1100881365248,1228.775065448349
4958,158656,310.87645179722097,1230.4937439873063
4959,158688,232.66403638700206,1224.829079411417
4960,158720,7697.561194992965,1300.5623732099366
4961,158752,2497.208387894988,1324.100043032864
4962,158784,146.15257817894917,1309.2788870573909
4963,158816,460.6889624947542,1297.6137348365705
4964,158848,261.7484928255915,1250.7623872545644
4965,158880,69.87262864376798,1209.4288446907767
4966,158912,146.96924006996744,1206.6032359482872
4967,158944,288.3010827331081,1207.1455166557705
4968,158976,1513.7490556964904,1217.0609562082652
4969,159008,2835.546686627702,1236.0987540360006
4970,159040,1527.454285978335,1245.9123696048293
4971,159072,82.38715082335001,1243.2092990547335
4972,159104,198.69927380837194,1241.5736928821134
4973,159136,239.05628253711583,1229.3465169302588
4974,159168,913.9913975871281,1214.0233009604367
4975,159200,1547.809192607868,1219.5888256807864
4976,159232,195.06924160310905,1216.6029702340943
4977,159264,752.7127875712883,1219.5051287620718
4978,159296,117.7995198212439,1179.1197502902119
4979,159328,107.53447392194033,1169.8847141217352
4980,159360,969.272476869772,1138.5946219705997
4981,159392,280.9158586777187,1125.45573084001
4982,159424,983.7701421220977,1134.577248264773
4983,159456,865.1196421335525,1141.549532509691
4984,159488,435.0925309400196,1139.9267248211847
4985,159520,835.6700568688295,1141.0873039493965
4986,159552,457.95772220780526,1132.7454745698747
4987,159584,1611.1193493594174,1142.717281196365
4988,159616,2501.2665504199017,1166.4362958445788
4989,159648,905.1967187622606,1160.9349218631223
4990,159680,154.37240431334953,1153.3505203205802
4991,159712,11078.769586199485,1238.6046120862006
4992,159744,559.3058308870288,1225.1450772789644
4993,159776,1385.928436282222,1236.388150926883
4994,159808,466.8195617364402,1228.8222300779971
4995,159840,400.0582188203972,1219.143920327019
4996,159872,407.47338152284277,1220.9508230946321
4997,159904,358.40781070496996,1222.751784516653
4998,159936,549.5435319226062,1225.3499078420218
4999,159968,236.02375825972103,1226.1192522955405
5000,160000,1002.0008998263067,1232.303820069422
5001,160032,440.4646589004586,1138.236007579397
5002,160064,439.73417124578134,1136.414727744462
5003,160096,1692.3272203252598,1151.632201064555
5004,160128,2904.9868676149117,1171.559851383596
5005,160160,2439.630811214338,1193.10919157943
5006,160192,217.3640652274258,1190.5933261243636
5007,160224,128.09704397754922,1189.5854984968132
5008,160256,406.50648972425313,1189.6560908365404
5009,160288,1372.9762338912506,1201.7159919772128
5010,160320,1462.746327912756,1211.0661005556838
5011,160352,756.2764449143517,1149.4209864518818
5012,160384,540.7478564206281,1129.913343534039
5013,160416,68457.92717431052,1810.8338538541655
5014,160448,278.40116565993804,1811.1220691076658
5015,160480,755.1598598804811,1809.822756359017
5016,160512,283.17022730093,1811.5159510142653
5017,160544,668.8460120764931,1808.2955914352376
5018,160576,651.5809578250879,1812.6209429683202
5019,160608,138.19216601291123,1808.8114177446753
5020,160640,542.748800721575,1811.624241036521
5021,160672,3651.5780643722455,1842.9269097194444
5022,160704,545.7567722416849,1829.8818093550085
5023,160736,1232.7914515813272,1834.7181911681057
5024,160768,377.07116460896026,1834.8824059888896
5025,160800,937.8496242607919,1843.28975826335
5026,160832,662.9279733955326,1812.204270122898
5027,160864,42.737198253748026,1810.243477246859
5028,160896,2224.884154247698,1828.618072324986
5029,160928,2049.0736852878886,1781.5800586202654
5030,160960,404.9286731905359,1782.3998562108088
5031,160992,1580.1473781418265,1755.018432684728
5032,161024,1366.1434756250724,1766.2478064307536
5033,161056,729.6668527428498,1766.5357433813379
5034,161088,217.80070563625247,1705.425759785093
5035,161120,470.18461199832797,1706.0697186163802
5036,161152,1601.6846504945368,1706.6686142254564
5037,161184,910.3283792028743,1705.8205424386317
5038,161216,3288.9574911889977,1735.1216465807752
5039,161248,4928.579965895317,1756.9814927136908
5040,161280,752.2482593702294,1754.8784695097402
5041,161312,616.3077498687763,1748.6065418370933
5042,161344,277.6489236106329,1743.9993219670187
5043,161376,1052.6617673610692,1733.610940341964
5044,161408,8516.938954470439,1810.0109344600755
5045,161440,411.6294867407507,1810.9037351989423
5046,161472,1637.5782132847926,1825.3932087237613
5047,161504,137.5847775648399,1817.3127757417087
5048,161536,3774.1472687576756,1853.5279611563694
5049,161568,601.2665505875008,1851.8882693742705
5050,161600,690.8912064183131,1854.5004090465143
5051,161632,126.14350892339719,1848.5689358289414
5052,161664,404.1176080248316,1834.4221116530298
5053,161696,359.2283059694909,1828.897546911894
5054,161728,400.6619751470747,1830.629415226565
5055,161760,134.78185319339016,1823.6675686826886
5056,161792,2120.0594824713926,1839.4891968086347
5057,161824,572.6230471029286,1829.7543263982993
5058,161856,430.02626785136226,1830.9458245588407
5059,161888,155.46353574716215,1830.1738195524422
5060,161920,2006.2699300866996,1773.2609069033795
5061,161952,168.05060931199995,1749.9693291175497
5062,161984,387.70915941634297,1752.3848949299236
5063,162016,244.15660514934484,1750.2195713564693
5064,162048,500.2551271030206,1752.6046376992435
5065,162080,1170.1105047565134,1763.6070164603711
5066,162112,221.76452883926422,1764.3549693480638
5067,162144,712.9127105118863,1768.6010856258515
5068,162176,134.53493602264658,1754.8089444291134
5069,162208,1923.5774702307258,1745.6892522651435
5070,162240,499.6593825269638,1735.4113032306298
5071,162272,979.8554244336557,1744.385985966733
5072,162304,333.0956621291967,1745.7299498499412
5073,162336,379.5594073495722,1747.134981098066
5074,162368,959.0934902056044,1747.5860020242508
5075,162400,805.2766950477383,1740.1606770486494
5076,162432,733.7132084773749,1745.5471167173919
5077,162464,967.9689765439091,1747.699678607118
5078,162496,148.14984244133342,1748.0031818333186
5079,162528,232.4574750558083,1749.2524118446574
5080,162560,439.1745753818551,1743.9514328297782
5081,162592,208.15729875101658,1743.2238472305112
5082,162624,1362.8105873668724,1747.014251682959
5083,162656,392.67383810717837,1742.2897936426953
5084,162688,638.5322310893182,1744.3241906441883
5085,162720,264.57928582240595,1738.6132829337241
5086,162752,404.32208016746637,1738.0769265133206
5087,162784,1855.8765674691674,1740.5244986944183
5088,162816,191.8417519493662,1717.430250709713
5089,162848,279395.6522276894,4502.334805798984
5090,162880,176.23014669088678,4502.553383222759
5091,162912,248.49004222548828,4394.25058778302
5092,162944,943.9387080674435,4398.096916554824
5093,162976,634.6803040588508,4390.58443523259
5094,163008,560.835576917022,4391.524595384396
5095,163040,711.5037157472286,4394.639050353663
5096,163072,2202.6761948669528,4412.591078487105
5097,163104,2757.9509268459974,4436.586509648516
5098,163136,3212.758306041802,4463.218657389708
5099,163168,1443.2298567357366,4475.290718374468
5100,163200,600.1979593898841,4471.272688970103
5101,163232,2067.157241449593,4487.539614795595
5102,163264,337.4837631114888,4486.517110714252
5103,163296,540.5314241526648,4474.999152752526
5104,163328,1181.133676933449,4457.760620845711
5105,163360,1260.4761516854005,4445.969074250422
5106,163392,2015.9291113038992,4463.954724711187
5107,163424,2325.5764493880774,4485.9295187652915
5108,163456,1196.8500482897575,4493.832954350947
5109,163488,192.5318741810599,4482.028510753846
5110,163520,1035.7939272720153,4477.758986747438
5111,163552,769.8705073646175,4477.89492737194
5112,163584,1540.4718090537926,4487.892166898271
5113,163616,110327.37946507083,4906.586689805875
5114,163648,338.69415079497094,4907.189619657225
5115,163680,976.4168884017209,4909.402189942438
5116,163712,795.1844959596721,4914.522332629026
5117,163744,6355.529638699966,4971.389168895261
5118,163776,822.8349257046311,4973.101708574056
5119,163808,167.41315763223358,4973.393918490247
5120,163840,374.95429909329135,4971.715973473964
5121,163872,370.14161366183856,4938.901608966861
5122,163904,1506.5660804271042,4948.509702048716
5123,163936,254.07588075870356,4938.722546340489
5124,163968,1366.7258417276048,4948.619093111675
5125,164000,290.9006083065038,4942.149602952133
5126,164032,15010.048061512944,5085.620803833307
5127,164064,2032.4463510523947,5105.517895361293
5128,164096,486.35144307494056,5088.132568249565
5129,164128,2527.7013407596796,5092.918844804283
5130,164160,314.00408207121814,5092.00959889309
5131,164192,308.2741470280358,5079.290866581953
5132,164224,2083.6755545426695,5086.46618737113
5133,164256,4283.668234622783,5122.006201189929
5134,164288,560.9675599667205,5125.437869733233
5135,164320,3476.629644445726,5155.502320057706
5136,164352,566.6642213278992,5145.15211576604
5137,164384,511.29673780650404,5141.161799352077
5138,164416,1071.8972522603397,5118.991196962791
5139,164448,674.1691878573024,5076.447089182411
5140,164480,724.2587294052203,5076.16719388276
5141,164512,4068.949637950182,5110.6936127635745
5142,164544,2406.2588415141677,5131.979711942609
5143,164576,650.2277769786298,5127.955372038784
5144,164608,1421.8385592460095,5057.00436808654
5145,164640,245.3610894376327,5055.3416841135095
5146,164672,369.98076530966466,5042.6657096337585
5147,164704,1299.8067938256602,5054.287929796367
5148,164736,2848.7960521326036,5045.034417630116
5149,164768,1359.6751945115323,5052.618504069356
5150,164800,312.87795193732575,5048.838371524547
5151,164832,723.5449552590148,5054.812385987903
5152,164864,393.71912239389854,5054.708401131594
5153,164896,6675.432324248486,5117.870441314384
5154,164928,250.9688548672835,5116.373510111586
5155,164960,1952.0358217751168,5134.546049797403
5156,164992,152.04349574237796,5114.865889930113
5157,165024,1696.815487357178,5126.107814332655
5158,165056,1340.7137958177059,5135.214689612319
5159,165088,425.8892911672329,5137.91894716652
5160,165120,342.6610023630498,5121.282857889284
5161,165152,242.96586350506416,5122.032010431215
5162,165184,51.952853364966664,5118.674447370701
5163,165216,760.2701300969496,5123.835582620177
5164,165248,860.8079402851694,5127.441110751999
5165,165280,80.34489713119454,5116.543454675745
5166,165312,231.58199004839088,5116.641629287837
5167,165344,152.25059374586212,5111.035008120176
5168,165376,218.42345632863595,5111.873893323235
5169,165408,1241.148665822065,5105.049605279149
5170,165440,879.307800809269,5108.846089461971
5171,165472,83.57012988628766,5099.883236516497
5172,165504,148.84968227485646,5098.040776717954
5173,165536,753.147185456616,5101.7766544990245
5174,165568,250.4529402944207,5094.690248999913
5175,165600,139.53384673886126,5088.032820516823
5176,165632,315.2164631089216,5083.847853063139
5177,165664,651.2034472025406,5080.680197769727
5178,165696,146.01801718557013,5080.658879517168
5179,165728,1650.4025343357134,5094.838330109967
5180,165760,2333.79964889116,5113.78458084506
5181,165792,777.3449723551502,5119.476457581101
5182,165824,5205.109716944966,5157.899448876882
5183,165856,906.8370959515422,5163.041081455325
5184,165888,241.1405835448792,5159.0671649798805
5185,165920,4667.295081261144,5203.094322934268
5186,165952,3289.781206487261,5231.948914197467
5187,165984,229.61638945113904,5215.686312417288
5188,166016,289.0865792975493,5216.658760690769
5189,166048,303.58825042518527,2425.738120918126
5190,166080,544.3413374095426,2429.4192328253125
5191,166112,591.5411286761743,2432.8497436898197
5192,166144,969.9651674617126,2433.1100082837625
5193,166176,240.99817371925337,2429.1731869803666
5194,166208,195.4041442791737,2425.5188726539877
5195,166240,537.1536087570131,2423.775371584086
5196,166272,891.4749283068844,2410.6633589184853
5197,166304,230.45597491570356,2385.3884093991824
5198,166336,201.57056639624258,2355.2765320027265
5199,166368,135.5366923532434,2342.1996003589015
5200,166400,53.27299532354832,2336.7303507182382
5201,166432,382.7783677472715,2319.8865619812154
5202,166464,285.9263653487791,2319.370988003588
5203,166496,1137.8165563527764,2325.3438393255888
5204,166528,1168.1932813328658,2325.2144353695835
5205,166560,4193.6584780898875,2354.5462586336284
5206,166592,472.51392307351733,2339.1121067513245
5207,166624,124.7811950645688,2317.1041542080898
5208,166656,987.0433830885954,2315.006087556078
5209,166688,1177.9326567237422,2324.8600953815053
5210,166720,331.147196711502,2317.8136280759
5211,166752,400.49127502499886,2314.1198357525027
5212,166784,471.9943092952244,2303.4350607549172
5213,166816,405.30737215886904,1204.2143398257979
5214,166848,2438.780722306376,1225.215205540912
5215,166880,1293.0099159354672,1228.3811358162495
5216,166912,334.1404480773615,1223.7706953374266
5217,166944,434.9258175263866,1164.564657125691
5218,166976,118.69300251725657,1157.5232378938172
5219,167008,991.7010852293336,1165.766117169788
5220,167040,15669.828681927807,1318.7148609981332
5221,167072,266.80728083591856,1317.6815176698738
5222,167104,200.25610262216182,1304.6184178918245
5223,167136,352.4824119468842,1305.6024832037062
5224,167168,338.14302668648565,1295.3166550532947
5225,167200,814.7007371342813,1300.5546563415726
5226,167232,2864.951114752563,1179.1036868739689
5227,167264,213.92827005754546,1160.9185060640202
5228,167296,554.2159542175947,1161.597151175447
5229,167328,1654.6255319212437,1152.8663930870625
5230,167360,1225.0017299539313,1161.9763695658899
5231,167392,406.56866704246715,1162.9593147660341
5232,167424,865.8601732268069,1150.7811609528756
5233,167456,218.78496261680942,1110.1323282328158
5234,167488,1146.486880541216,1115.9875214385609
5235,167520,926.36552725389,1090.4848802666424
5236,167552,378.5382733159191,1088.6036207865225
5237,167584,515.1711667394325,1088.6423650758516
5238,167616,367.14725061766325,1081.5948650594248
5239,167648,249.16237760412938,1077.344796956893
5240,167680,855.7797042616589,1078.6600067054574
5241,167712,393.6793319769404,1041.907303645725
5242,167744,479.64794616327384,1022.6411946922163
5243,167776,195.08783346459722,1018.0897952570759
5244,167808,334.97604683348317,1007.2211701329508
5245,167840,228.05131888431833,1007.0480724274177
5246,167872,484.918681394566,1008.1974515882665
5247,167904,78.24704035638219,995.9818540535738
5248,167936,1438.7420497086387,981.881314029334
5249,167968,1089.0782022970952,979.1753441071896
5250,168000,386.67809694531786,979.9133455572697
5251,168032,7605.191613731799,1048.7298121419976
5252,168064,491.1471083280413,1049.7040920013392
5253,168096,761.2680338871762,990.562449097726
5254,168128,801.4267613714921,996.067028162768
5255,168160,218.98899392149139,978.7365598842317
5256,168192,868.0491828317969,985.8966167551258
5257,168224,769.6913354871007,976.625375236425
5258,168256,269.413591480414,965.9123731930522
5259,168288,317.048738975749,964.8239676711373
5260,168320,283.6830943418581,964.2341885909253
5261,168352,917.0127092470275,970.974657048345
5262,168384,127.33114553514065,971.7284399700468
5263,168416,669.9466502765924,970.8252051718433
5264,168448,303.5388765744703,965.2525145347363
5265,168480,434.5670137665325,968.7947357010897
5266,168512,185.17425041489003,968.3306583047547
5267,168544,182.063046146352,968.6287828287597
5268,168576,351.1720498824514,969.9562687642978
5269,168608,6376.843808714819,1021.3132201932252
5270,168640,506.10010168501935,1017.5811432019829
5271,168672,141.3296384733766,1018.1587382878537
5272,168704,663.4634190063917,1023.304875655169
5273,168736,403.64050635868375,1019.8098088641897
5274,168768,423.3005373733798,1021.5382848349793
5275,168800,188.60255133957256,1022.0289718809863
5276,168832,715.9156986464427,1026.0359642363615
5277,168864,42.027928321408304,1019.9442090475501
5278,168896,407.2755411163677,1022.5567842868581
5279,168928,262.1363343897286,1008.6741222873984
5280,168960,422.12357670684145,989.5573615655552
5281,168992,838.7228021914511,990.1711398639183
5282,169024,216.70742751327833,940.2871169696014
5283,169056,593.7825788306815,937.1565717983927
5284,169088,593.289070325942,940.6780566662034
5285,169120,645.3395357554384,900.4585012111462
5286,169152,521.145632678353,872.7721454730571
5287,169184,236.66074993466708,872.8425890778925
5288,169216,1711.4045402338083,887.0657686872551
5289,169248,455.85251014758455,888.588411284479
5290,169280,1195.9311886611567,895.1043097969952
5291,169312,5249.181245430972,941.6807109645432
5292,169344,283.0985623832967,934.8120449137591
5293,169376,414.8549255396696,936.5506124319631
5294,169408,310.9923155113405,937.7064941442848
5295,169440,461.6567743029845,936.9515257997446
5296,169472,433.4555271194205,932.3713317878698
5297,169504,257.4455119019271,932.6412271577321
5298,169536,322.552236646126,933.8510438602309
5299,169568,374.56225998516874,936.2412995365503
5300,169600,2143.6238427323383,957.1448080106383
5301,169632,329.21985318180725,956.6092228649835
5302,169664,217.56533650318582,955.9256125765276
5303,169696,691.6745179598578,951.4641921925984
5304,169728,1124.537903874314,951.027638418013
5305,169760,531.1897229289601,914.4029508664038
5306,169792,296.6100923020491,912.643912558689
5307,169824,406.96902457109064,915.4657908537542
5308,169856,611.1527441835311,911.7068844647034
5309,169888,4914.835328533865,949.0759111828047
5310,169920,547.9606553358655,951.2440457690484
5311,169952,3439.5400691226237,981.6345337100246
5312,169984,362.12211962669,980.5358118133393
5313,170016,740.3460179816516,983.8861982715671
5314,170048,565.248824829492,965.1508792967983
5315,170080,535.2536355141277,957.5733164925849
5316,170112,126.04757875149177,955.4923877993263
5317,170144,1252.3904936235951,963.6670345602982
5318,170176,378.53785164483384,966.265483051574
5319,170208,179.8522821467341,958.146995020748
5320,170240,6895.7875133194775,870.4065833346647
5321,170272,889.3507793815603,876.6320183201211
5322,170304,1228.5929875862143,886.9153871697617
5323,170336,261.2969980944418,886.0035330312372
5324,170368,117.24801237540838,883.7945828881265
5325,170400,1047.2227470330079,886.1198029871138
5326,170432,843.8510892633824,865.908802732222
5327,170464,682.8434987541846,870.5979550191884
5328,170496,455.3118128150267,869.6089136051627
5329,170528,735.3979761318179,860.4166380472685
5330,170560,423.7946975516148,852.4045677232452
5331,170592,990.0370944592753,858.2392519974134
5332,170624,225.51167060503505,851.8357669711957
5333,170656,344.9147959802357,853.0970653048298
5334,170688,104.60979202461064,842.6782944196636
5335,170720,1027.1221464016448,843.6858606111413
5336,170752,401.4990305851274,843.9154681838334
5337,170784,608.4747494545348,844.8485040109845
5338,170816,326.7270103929921,844.4443016087378
5339,170848,326.0098245443693,845.2127760781402
5340,170880,3144.7527267542478,868.102506303066
5341,170912,297.2714642324724,867.1384276256214
5342,170944,879.9472841769918,871.1414210057585
5343,170976,378.0290096460835,872.9708327675734
5344,171008,4497.355500488212,914.5946273041205
5345,171040,1369.5059575267132,926.0091736905445
5346,171072,415.46592694226723,925.3146461460216
5347,171104,896.7363101068299,933.4995388435261
5348,171136,1190.4524545836073,931.0166428922757
5349,171168,122.13405899226939,921.3472014592276
5350,171200,499.8428477828037,922.4788489676024
5351,171232,144.1999823013053,847.8689326532975
5352,171264,121.73956652510506,844.1748572352681
5353,171296,1759.448977018028,854.1566666665766
5354,171328,1119.6250523932351,857.3386495767941
5355,171360,283.81812492349127,857.9869408868142
5356,171392,516.6675624199521,854.4731246826957
5357,171424,344.95899477672197,850.2258012755918
5358,171456,1272.2037445771946,860.2537028065597
5359,171488,1784.2910773348985,874.9261261901512
5360,171520,362.948288283995,875.7187781295726
5361,171552,1177.8869629115898,878.327520666218
5362,171584,543.4920151762813,882.4891293626296
5363,171616,420.8472933328477,879.9981357931922
5364,171648,402.83059120503026,880.9910529394978
5365,171680,2792.593276524967,904.571315567082
5366,171712,1239.8705424287898,915.118278487221
5367,171744,318.13620953786653,916.4790101211361
5368,171776,3905.906449443573,952.0263541167471
5369,171808,205.92269116821177,890.3171429412812
5370,171840,744.1079374022753,892.6972212984538
5371,171872,654.087754093453,897.8248024546544
5372,171904,4551.21593155075,936.702327580098
5373,171936,394.00681707527724,936.605990687264
5374,171968,243.73849910140376,934.8103703045442
5375,172000,516.2066759237207,938.0864115503858
5376,172032,1874.7990190882063,949.6752447548034
5377,172064,304.54569295809074,952.3004224011703
5378,172096,325.96520407679765,951.4873190307745
5379,172128,1890.4384163045804,967.7703398499232
5380,172160,1124.752572790466,974.7966298107593
5381,172192,19396.959471339753,1160.3789965022422
5382,172224,339.85366961207194,1161.6104589232305
5383,172256,748.5656907811118,1163.1582900427345
5384,172288,1250.520344026561,1169.7306027797408
5385,172320,1878.031319625695,1182.0575206184433
5386,172352,338.1137013791899,1180.2272013054517
5387,172384,458.55385012121235,1182.4461323073172
5388,172416,234.04163582267253,1167.672503263206
5389,172448,788.2578967101474,1170.9965571288315
5390,172480,316.8216499294482,1162.2054617415142
5391,172512,720.692312033235,1116.9205724075368
5392,172544,1357.754214381852,1127.6671289275225
5393,172576,324.8025035596894,1126.7666047077228
5394,172608,311.5708865741052,1126.7723904183504
5395,172640,422.8938931122119,1126.3847616064427
5396,172672,1322.75582097195,1135.277764544968
5397,172704,1146.2354112394378,1144.1656635383433
5398,172736,630.5769843940752,1147.2459110158227
5399,172768,141.67103871752832,1144.9169988031463
5400,172800,1491.97150749263,1138.400475450749
5401,172832,395.1968112117249,1139.060245031048
5402,172864,1454.8501918369248,1151.4330935843855
5403,172896,3305.689399853645,1177.5732424033235
5404,172928,45268.36044077343,1619.0114677723147
5405,172960,2023.0251456622436,1633.9298219996476
5406,172992,437.75822054007216,1635.3413032820279
5407,173024,607.9992578052581,1637.3516056143694
5408,173056,2050.9646117693073,1651.7497242902273
5409,173088,389.9023473984509,1606.5003944788732
5410,173120,1777.1073353908118,1618.7918612794224
5411,173152,841.9089489119672,1592.815550077316
5412,173184,357.33883617000305,1592.7677172427489
5413,173216,878.3712309950859,1594.1479693728836
5414,173248,2573.620861943875,1614.231689744027
5415,173280,835.7796146835371,1617.2369495357216
5416,173312,845.3628184379129,1624.4301019325858
5417,173344,566.4554174732064,1617.5707511710816
5418,173376,393.44840955713687,1617.7198567502048
5419,173408,816.8981034935073,1624.0903149636724
5420,173440,591.5787724039709,1561.0482275545176
5421,173472,404.0169436366503,1556.1948891970685
5422,173504,1251.2204713630965,1556.4211640348374
5423,173536,134.38312484850533,1555.152025302378
5424,173568,163.38133038328368,1555.6133584824565
5425,173600,346.5814317780108,1548.6069453299065
5426,173632,579.0416476958735,1545.958850914231
5427,173664,238.68300779228903,1541.5172460046124
5428,173696,405.0702780077262,1541.0148306565393
5429,173728,292.5211477879088,1536.5860623731
5430,173760,323.80870147911065,1535.586202412375
5431,173792,8953.771185307194,1615.2235433208543
5432,173824,287.5053127276796,1615.8434797420805
5433,173856,624.7052145312924,1618.6413839275913
5434,173888,711.0283007654219,1624.7055690149996
5435,173920,2299.7238718158915,1637.4315862691421
5436,173952,823.3660012696971,1641.6502559759876
5437,173984,4254.77134514968,1678.113221932939
5438,174016,367.81000256254754,1678.524051854635
5439,174048,1655.6122422608423,1691.8200760317995
5440,174080,150.59730767131018,1661.8785218409703
5441,174112,472.4977462373359,1663.630784661019
5442,174144,602.655075137654,1660.8578625706255
5443,174176,2342.1114759896254,1680.498687234061
5444,174208,613.9760621020152,1641.6648928501986
5445,174240,1468.3228130146247,1642.653061405078
5446,174272,209.40531099542778,1640.5924552456095
5447,174304,334.6121830206055,1634.9712139747473
5448,174336,425.4170195516985,1627.3208596244283
5449,174368,932.7525408491726,1635.4270444429974
5450,174400,602.1575032570016,1636.4501909977394
5451,174432,249.1772510933199,1637.4999636856596
5452,174464,1576.779989522102,1652.0503679156297
5453,174496,2273.960381843908,1657.1954819638884
5454,174528,354.92913925246177,1649.5485228324806
5455,174560,556.812144756043,1652.2784630308063
5456,174592,9436.167813606855,1741.4734655426753
5457,174624,1034.4332330134916,1748.368207925043
5458,174656,1476.5207122525894,1750.4113776017969
5459,174688,219.2806369775779,1734.7612731982235
5460,174720,360.6430124606677,1734.7382204399903
5461,174752,711.0253107340899,1730.0696039182153
5462,174784,2868.9963971425072,1753.3246477378775
5463,174816,201.2720424347187,1751.1288952288965
5464,174848,269.60690850615595,1749.7966584019073
5465,174880,500.59472566162606,1726.8766728932742
5466,174912,241.15718205214597,1716.8895392895076
5467,174944,362.7072840918794,1717.3352500350477
5468,174976,1413.331996773606,1692.409505508348
5469,175008,1148.1797749474845,1701.8320763461406
5470,175040,521.0227347238559,1699.6012243193568
5471,175072,147.5867390406522,1694.5362141688288
5472,175104,219.7115273261505,1651.2211701265826
5473,175136,1162.9391062751054,1658.9104930185808
5474,175168,1761.571439259011,1674.0888224201567
5475,175200,96.85472409367935,1669.895302901856
5476,175232,2399.37072933461,1675.1410200043201
5477,175264,490.5204667615526,1677.0007677423548
5478,175296,469.54562696916054,1678.4365719712787
5479,175328,2755.5251680934794,1687.087439489168
5480,175360,426.26933181629204,1680.1026070794264
5481,175392,147.45643309186116,1487.6075766969473
5482,175424,331.50722715087693,1487.5241122723353
5483,175456,1297.2945541669212,1493.0114009061933
5484,175488,751.715267118412,1488.0233501371117
5485,175520,1535.8989011349345,1484.6020259522043
5486,175552,1113.2703158028455,1492.3535920964407
5487,175584,1534.0576551741108,1503.1086301469697
5488,175616,81.0964922987211,1501.5791787117305
5489,175648,208.43753752093252,1495.780975119838
5490,175680,979.1478603525247,1502.404237224069
5491,175712,2079.063852883964,1515.9879526325763
5492,175744,526.5423708966794,1507.6758341977247
5493,175776,206.96960463867057,1506.4975052085147
5494,175808,724.170715149598,1510.6235034942695
5495,175840,817.9507478573527,1514.5740720417207
5496,175872,417.287392695817,1505.5193877589593
5497,175904,297.78078540291057,1497.034841500594
5498,175936,1264.9068414473077,1503.3781400711262
5499,175968,266.827712716688,1504.629706811118
5500,176000,1148.7996314428735,1501.1979880506206
5501,176032,139.7121656907738,1498.643141595411
5502,176064,462.7891528356863,1488.7225312053986
5503,176096,173.62960527351288,1457.4019332595972
5504,176128,774.3293340880348,1012.461622192743
5505,176160,520.630158943443,997.4376723255551
5506,176192,238.4205558754257,995.4442956789088
5507,176224,275.3557229138391,992.1178603299946
5508,176256,848.2012015142627,980.0902262274442
5509,176288,220.96668881214427,978.400869641581
5510,176320,304.59654265760423,963.6757617142489
5511,176352,428.05288550589995,959.5372010801881
5512,176384,3715.448813664832,993.1183008551363
5513,176416,201.53493518953485,986.3499378970808
5514,176448,906.5981234473829,969.679710512116
5515,176480,704.4626519649129,968.3665408849298
5516,176512,1335.8819051850046,973.2717317524007
5517,176544,641.2418894834469,974.019596472503
5518,176576,1819.963684476458,988.2847492216962
5519,176608,907.421532075766,989.1899835075188
5520,176640,1294.8007147009953,996.2222029304892
5521,176672,202.1051494980636,994.2030849891032
5522,176704,163.5228968667389,983.3261092441397
5523,176736,301.9268471822414,985.0015464674772
5524,176768,62.304327461605816,983.9907764382604
5525,176800,174.386773207769,982.2688298525579
5526,176832,793.6585833031817,984.4149992086309
5527,176864,75.02488388352499,982.7784179695433
5528,176896,270.8829618777395,981.4365448082435
5529,176928,132.09192708936672,979.8322526012581
5530,176960,148.00513259160593,978.074216912383
5531,176992,124.57656000356016,889.7822706593466
5532,177024,423.59547713067866,891.1431723033767
5533,177056,527.2852786815054,890.1689729448788
5534,177088,1936.7770018800923,902.4264599560254
5535,177120,2143.1213641336026,900.8604348792026
5536,177152,461.0354994593996,897.2371298610997
5537,177184,141.1311943105748,856.1007283527085
5538,177216,519.2690813475692,857.6153191405587
5539,177248,896.760537027367,850.0268020882239
5540,177280,1292.2967551290224,861.443796562801
5541,177312,480.1238978173709,861.5200580786014
5542,177344,93.31360698681192,856.4266433970931
5543,177376,266.70588810677174,835.6725875182645
5544,177408,3875.7951472448112,868.2907783696926
5545,177440,2949.25834486282,883.1001336881745
5546,177472,181.75750711131815,882.8236556493334
5547,177504,512.8907311764027,884.6064411308913
5548,177536,325.9313553887687,883.611584489262
5549,177568,593.6161337531936,880.2202204183022
5550,177600,588.2593392867655,880.0812387785998
5551,177632,472.6211808641233,882.3156780763079
5552,177664,469.2934293264169,871.2408124743512
5553,177696,409.6286191072739,852.5974948469848
5554,177728,171.0603633507886,850.758807087968
5555,177760,386.61212458733615,849.0568068862809
5556,177792,1051.1889085938562,765.207017836151
5557,177824,672.7756032541256,761.5904415385572
5558,177856,506.3909397326703,751.8891438133581
5559,177888,421.2244972855148,753.9085824164374
5560,177920,779.4302508731566,758.0964548005624
5561,177952,241.36999178214916,753.399901611043
5562,177984,297.58614586331026,727.685799098251
5563,178016,325.1779441605452,728.9248581155092
5564,178048,260.8774736983047,728.8375637674307
5565,178080,703.0627806291917,730.8622443171063
5566,178112,970.6437512391631,738.1571100089765
5567,178144,2179.778534925599,756.3278225173136
5568,178176,359.9960923483496,745.7944634730611
5569,178208,94.98332865025674,735.2624990100888
5570,178240,1040.4793063694428,740.4570647265447
5571,178272,789.4991430503263,746.8761887666415
5572,178304,435.89305432859146,749.038004036666
5573,178336,274.58232064279895,740.1544361803429
5574,178368,4668.188103952337,769.2206028272761
5575,178400,497.03459502218516,773.2224015365612
5576,178432,1802.0514034428545,767.2492082776436
5577,178464,1011.6783279013792,772.4607868890417
5578,178496,670.0568214310605,774.4658988336607
5579,178528,1377.3691265904213,760.6843384186302
5580,178560,2224.5074102998515,778.6667192034658
5581,178592,772.1721414831173,784.9138762873785
5582,178624,784.8317808083615,789.4471218239532
5583,178656,19959.330697681962,976.0674832591037
5584,178688,570.588599117568,974.2562165790954
5585,178720,177.502903361258,960.6722566013585
5586,178752,1516.8373747252172,964.7079271905822
5587,178784,495.91256659794067,954.3264763048205
5588,178816,200.4978543221105,955.5204899250543
5589,178848,657.4667195011556,960.0107817448567
5590,178880,294.73229512487694,953.1666260925801
5591,178912,1536.5458212472527,947.7414457762131
5592,178944,2027.9846109651155,962.7558681768975
5593,178976,1186.7054086521741,972.5532262170326
5594,179008,2345.590339110809,988.7674224566447
5595,179040,1325.8197597451997,993.8461125755231
5596,179072,288.13231846465106,992.5545618332113
5597,179104,334.20990880523067,992.9188530672346
5598,179136,1082.7190956609124,991.0969756093706
5599,179168,1272.2757353315756,1001.1514558355194
5600,179200,184.3549818298899,991.5070093393897
5601,179232,5127.151166694964,1041.3813993494316
5602,179264,1208.9151313847306,1048.8426591349219
5603,179296,1545.1075842980952,1062.5574389251678
5604,179328,1831.965210238756,1073.133797686675
5605,179360,740.8744868527358,1075.336240965768
5606,179392,502.9043331970115,1077.9810787389838
5607,179424,137.33564662089847,1076.6008779760546
5608,179456,314.3271587900269,1071.262137548812
5609,179488,194.72379714991195,1070.9997086321898
5610,179520,619.1366645125744,1074.1451098507393
5611,179552,50.88612135349882,1070.3734422092155
5612,179584,135.61968488957717,1034.5751509214629
5613,179616,923.5985982596309,1041.7957875521638
5614,179648,4444.05535529683,1077.1703598706583
5615,179680,176.61913826707473,1071.89192473368
5616,179712,5934.705575610546,1117.8801614379354
5617,179744,2226.4553773789908,1133.7322963168906
5618,179776,951.905991555485,1125.0517193876808
5619,179808,801.4033011256556,1123.9915370781798
5620,179840,7030.056786974952,1181.3440978009196
5621,179872,400.14009967841514,1183.324447302723
5622,179904,486.82908141337873,1186.5575091481894
5623,179936,1595.6012400806692,1199.4942530771739
5624,179968,745.3313202219316,1206.3245230047771
5625,180000,339.31619231325635,1207.9738171958318
5626,180032,14344.932611861823,1343.4865574814182
5627,180064,5442.378363249693,1397.16009227508
5628,180096,2006.6549541213121,1414.5178121975157
5629,180128,1043.6308760609645,1423.6332016872316
5630,180160,609.1237395885444,1428.244387757201
5631,180192,556.4936680854375,1432.5635588380198
5632,180224,364.1225655890815,1431.968829722604
5633,180256,688.690696692815,1433.582883902717
5634,180288,1345.7554486484757,1427.6726683704007
5635,180320,801.0205004476745,1414.2516597335416
5636,180352,1522.7689835483773,1424.8689945744313
5637,180384,630.9430715635845,1429.7671133469614
5638,180416,1061.264854178271,1435.1870710752685
5639,180448,126.53343009265954,1427.4848000059212
5640,180480,690.0336040982859,1421.462168495614
5641,180512,465.9579343742351,1421.3205088611824
5642,180544,53.411394482146946,1420.9214867361356
5643,180576,2168.4918566540873,1439.939346421609
5644,180608,1520.3837052200483,1416.3852320013611
5645,180640,384.4359184498452,1390.7370077372316
5646,180672,400.00182989617224,1392.9194509650802
5647,180704,242.40841433029945,1390.2146277966192
5648,180736,312.84237823122055,1390.0837380250437
5649,180768,317.7781532858455,1387.3253582203704
5650,180800,4113.118074118337,1422.573945568686
5651,180832,580.1012687994938,1423.6487464480397
5652,180864,1053.8720400433463,1429.494532555209
5653,180896,1598.9039213556678,1441.3872855776929
5654,180928,347.6494863033371,1443.1531768072184
5655,180960,3905.5280188113848,1478.3423357494587
5656,180992,250.96653567631438,1470.3401120202834
5657,181024,528.9897882094873,1468.902253869837
5658,181056,854.7225365170804,1472.3855698376813
5659,181088,141.45439561402242,1469.5878688209664
5660,181120,669.6096967457039,1468.489663279692
5661,181152,14598.067744429225,1612.0566408061627
5662,181184,111.88621535655925,1610.199641501095
5663,181216,704.2214561041221,1613.9900766205308
5664,181248,431.60830109593246,1615.697384894507
5665,181280,227.40169624368085,1610.940774050652
5666,181312,14937.345219670104,1750.6077887349613
5667,181344,291.91806230159426,1731.7291840087214
5668,181376,157.15586473083923,1729.7007817325464
5669,181408,937.0037520636829,1738.1209859666806
5670,181440,1110.2368906826775,1738.818561809813
5671,181472,424.8785072420372,1735.1723554517298
5672,181504,201.70582698028585,1732.8304831782466
5673,181536,296.37711902742166,1733.048431162093
5674,181568,1191.899476413412,1698.285544886704
5675,181600,2087.2681921894136,1714.1878808583763
5676,181632,472.8280680320648,1700.8956475042683
5677,181664,322.065014873931,1693.9995143739939
5678,181696,2850.858100407184,1715.807527163755
5679,181728,713.0098481964451,1709.1639343798151
5680,181760,1517.0839373089118,1702.089699649906
5681,181792,1387.8658232504938,1708.2466364675795
5682,181824,963.5732471483465,1710.0340511309796
5683,181856,198.88059237505033,1512.4295500779103
5684,181888,542.0587168236164,1512.1442512549706
5685,181920,481.7949036609391,1515.1871712579675
5686,181952,189.6120702515124,1501.9149182132307
5687,181984,1456.59483678548,1511.5217409151062
5688,182016,2157.5478819737177,1531.0922411916222
5689,182048,400.00363158171854,1528.5176103124277
5690,182080,452.9895168133473,1530.1001825293122
5691,182112,3641.270583028267,1551.1474301471223
5692,182144,4008.614179036739,1570.9537258278388
5693,182176,168.0984114795788,1560.767655856113
5694,182208,887.0230783232421,1546.1819832482372
5695,182240,1070.8155509253436,1543.6319411600387
5696,182272,3322.4430820797884,1573.9750487961899
5697,182304,1738.3278556927723,1588.0162282650654
5698,182336,705.7496687847142,1584.2465339963032
5699,182368,293.73776470333274,1574.4611542900209
5700,182400,786.0848339389287,1580.4784528111113
5701,182432,3682.9175794412768,1566.0361169385744
5702,182464,236.28469599405082,1556.3098125846675
5703,182496,191.64086401095645,1542.775145381796
5704,182528,625.7260418950654,1530.7127536983592
5705,182560,190.03742137537358,1525.2043830435857
5706,182592,716.7138070097078,1527.3424777817127
5707,182624,1554.2345399381777,1541.5114667148853
5708,182656,509.0329390844761,1543.4585245178298
5709,182688,750.1613708353517,1549.0129002546842
5710,182720,799.6042989408318,1550.8175765989668
5711,182752,210.76612025515635,1552.4163765879835
5712,182784,6004.447826429769,1611.1046580033853
5713,182816,463.25674773554744,1606.5012394981445
5714,182848,1272.8632381546015,1574.7893183267222
5715,182880,154.24394796727358,1574.5655664237242
5716,182912,1406.697040580168,1529.2854810734207
5717,182944,360.6770911511068,1510.6276982111417
5718,182976,1585.4296134936267,1516.962934430523
5719,183008,143.25332113137623,1510.38143463058
5720,183040,565.2906469344066,1445.7337732301748
5721,183072,690.018270604275,1448.6325549394332
5722,183104,404.5134805064569,1447.8093989303643
5723,183136,2036.6517151198125,1452.2199036807556
5724,183168,2955.5647042796054,1474.3222375213322
5725,183200,1868.3640116566696,1489.6127157147666
5726,183232,133.8504009328331,1347.5018936054764
5727,183264,304.2649941833545,1296.120759914813
5728,183296,217.85745873096016,1278.2327849609098
5729,183328,172.97269922322022,1269.5262031925322
5730,183360,439.9383367185359,1267.8343491638323
5731,183392,1542.1072795249906,1277.690485278228
5732,183424,365.877215642479,1277.708031778762
5733,183456,1739.791591031049,1288.2190407221442
5734,183488,334.4282960936803,1278.1057691965962
5735,183520,2693.9762164640174,1297.0353263567597
5736,183552,42227.98618111977,1704.0874983324736
5737,183584,1596.2385000917604,1713.740452617755
5738,183616,673.6608058633724,1709.8644121346058
5739,183648,347.2543804964123,1712.0716216386434
5740,183680,244.23193093867317,1707.6136049070471
5741,183712,1939.4821368934877,1722.3488469322397
5742,183744,50522.80291466941,2227.0427621341123
5743,183776,514.7211286902138,2210.505054854474
5744,183808,2162.460886789737,2216.925826670171
5745,183840,330.8791289024572,2216.390258774697
5746,183872,702.776504296009,2219.4180055186957
5747,183904,1617.2857139758837,2233.1667785151512
5748,183936,588.3266916592082,2235.9216216494315
5749,183968,317.9903688429558,2235.9237438050022
5750,184000,335.95317373932505,2198.152094801212
5751,184032,2417.026327678472,2216.521345390002
5752,184064,2907.8235640069206,2235.0608606296373
5753,184096,265.2656130143319,2221.724477546224
5754,184128,2637.8197480082936,2244.626180163274
5755,184160,349.7233797020406,2209.0681337721803
5756,184192,304.69699621024284,2209.60543837752
5757,184224,309.13128934324277,2207.4068533888576
5758,184256,674.0311097437346,2205.5999391211235
5759,184288,575.5499427734561,2209.9408945927185
5760,184320,240.33406092677563,2205.648138234529
5761,184352,1240.686820982458,2072.074329000061
5762,184384,1060.053278149003,2081.555999627986
5763,184416,300.701892679449,2077.520803993739
5764,184448,437.1782311291115,2077.576503294071
5765,184480,550.5707226863935,2080.8081935584983
5766,184512,1456.823459181182,1946.0029759536085
5767,184544,612.388278797191,1949.2076781185647
5768,184576,777.964828850539,1955.4157677597616
5769,184608,778.7775807005845,1953.8335060461304
5770,184640,813.0171961593593,1950.8613091008972
5771,184672,35941.30270384903,2306.0255510669667
5772,184704,815.793248582555,2312.16642528299
5773,184736,87.54104483027943,2310.0780645410186
5774,184768,246.1005088525713,2300.6200748654105
5775,184800,335.745443229213,2283.1048473758087
5776,184832,1196.4246971658963,2290.340813667147
5777,184864,818.2677678460271,2295.3028411968676
5778,184896,876.2118150335367,2275.556378343131
5779,184928,1667.2919179838525,2285.099199041005
5780,184960,1083.6443953569976,2280.7648036214855
5781,184992,644.1105562104682,2273.3272509510857
5782,185024,338.75605977703975,2267.079079077373
5783,185056,72327.35524150227,2988.3638255686446
5784,185088,601.3881835287419,2988.957120235696
5785,185120,492.58631007590037,2989.065034299846
5786,185152,2520.8216620018284,3012.3771302173495
5787,185184,105.5304629221913,2998.866486478716
5788,185216,228.22633155158476,2979.5732709744952
5789,185248,1115.955747276437,2986.7327921314422
5790,185280,7484.676484204064,3057.0496618053494
5791,185312,2416.744958063373,3044.8044055557
5792,185344,631.2936719041427,3011.031200484374
5793,185376,781.6332139576966,3017.166548509155
5794,185408,2686.9580762552478,3035.1658984884752
5795,185440,1227.6206140635159,3036.733949119857
5796,185472,2022.644261671014,3023.7359609157697
5797,185504,669.1722321615741,3013.044404680458
5798,185536,614.6082620600829,3012.132990613211
5799,185568,573.9686762035865,3014.9352997282135
5800,185600,2701.8683658314058,3034.0931350471383
5801,185632,519.5708828434379,3002.4596680811596
5802,185664,1674.6639552343927,3016.843460673563
5803,185696,790.5880511275075,3022.832932544728
5804,185728,2121.8048940946487,3037.793721066724
5805,185760,87.55044617879484,3036.7688513147586
5806,185792,99.03562611371113,3030.5920695057985
5807,185824,1406.5521390617653,3029.1152454970347
5808,185856,1331.434271912215,3037.339258825312
5809,185888,272.6895158083637,3032.564540275042
5810,185920,491.7974401427768,3029.4864716870616
5811,185952,167.22217896432835,3029.051032274153
5812,185984,274.24559711432056,2971.7490099809984
5813,186016,157.9336082973712,2968.695778586617
5814,186048,389.1418444292474,2959.8585646493634
5815,186080,1757.2644141263013,2975.8887693109536
5816,186112,317.6189149505428,2964.9979880546575
5817,186144,3753.32254387165,2998.9244425818633
5818,186176,2715.5409357710073,3010.2255558046368
5819,186208,208.05841688151406,3010.873606762138
5820,186240,35398.60251030347,3359.2067253958285
5821,186272,705.3520712850127,3359.360063402636
5822,186304,5300.411062261008,3408.3190392201814
5823,186336,6233.456626180728,3450.2870883307905
5824,186368,681.1125006152989,3427.5425662941475
5825,186400,373.61844509506545,3412.5951106285315
5826,186432,929.989138558536,3420.556498004789
5827,186464,6030.1295888786735,3477.815143951742
5828,186496,466.03594352501534,3480.2969287996825
5829,186528,290.61837618236643,3481.473385569274
5830,186560,305.4773177204554,3480.1287753792926
5831,186592,429.7438632254173,3469.0051412162975
5832,186624,231.99871608187095,3467.6663562206913
5833,186656,150.96549361281214,3451.778095246509
5834,186688,205.92163699049854,3450.4930286554772
5835,186720,407.27040439587404,3427.625970534795
5836,186752,847.6909795010514,3013.823018518609
5837,186784,164.36827072529252,2999.5043162249444
5838,186816,144.9523489352493,2994.217231655663
5839,186848,1038.6819142014901,3001.1315069927136
5840,186880,1059.9789873705204,3009.2889775570316
5841,186912,863.1850918616726,2998.526007106713
5842,186944,189.16379555410498,2495.189615915561
5843,186976,867.8119736794489,2498.720524365453
5844,187008,1581.4977989593626,2492.910893487149
5845,187040,1576.5679272999319,2505.367781471124
5846,187072,534.9838426870067,2503.689854855034
5847,187104,653.9883163847925,2494.056880879123
5848,187136,521.9654762693785,2493.393268725225
5849,187168,548.9469823381138,2495.702834860176
5850,187200,166.9643845962708,2494.012946968746
5851,187232,83.78527797412751,2470.680536471702
5852,187264,700.4545532979448,2448.6068463646125
5853,187296,176.4412889034163,2447.7186031235037
5854,187328,290.2867318737791,2424.2432729621587
5855,187360,709.3008293301588,2427.8390474584394
5856,187392,580.1486492959874,2430.593563989297
5857,187424,323.98883170000323,2430.7421394128646
5858,187456,133.36505751365445,2425.335478890564
5859,187488,932.3273430602516,2428.903252893432
5860,187520,1320.861674456789,2439.708529028732
5861,187552,836.5270458490963,2435.666931277399
5862,187584,550.697109010778,2430.5733695860163
5863,187616,386.73866424666073,2431.4337373016883
5864,187648,165.0588529618065,2428.7125435200155
5865,187680,138.4863870126783,2424.5917001632783
5866,187712,1163.1648153069452,2421.655113724536
5867,187744,338.564352768169,2418.916874464246
5868,187776,160.70172563741627,2412.7442434321147
5869,187808,278.5131768336874,2407.7415993934446
5870,187840,890.3565799212025,2408.5149932310637
5871,187872,818.3759456462737,2057.285725649036
5872,187904,184.09789663593037,2050.9687721295695
5873,187936,211.68839158617442,2052.2102455971285
5874,187968,661.5830726358403,2056.3650712349613
5875,188000,418.0643025036121,2057.1882598277057
5876,188032,361.3250462742706,2048.837263318789
5877,188064,299.95183565304035,2043.6541039968592
5878,188096,2718.472086486123,2062.076706711385
5879,188128,106.65794432024342,2046.4703669747491
5880,188160,158.20895951607116,2037.21601261634
5881,188192,433.9240036951872,2035.1141470911873
5882,188224,513.1471838637343,2036.858058332054
5883,188256,283.9143617652769,1316.423649534684
5884,188288,1538.6518766496438,1325.796286465893
5885,188320,479.1733361899028,1325.6621567270329
5886,188352,318.4316092999857,1303.6382562000147
5887,188384,2202.916777387983,1324.6121193446727
5888,188416,3556.3469464587733,1357.8933254937444
5889,188448,437.6813997350778,1351.110582018331
5890,188480,3487.2076086240563,1311.135893262531
5891,188512,356.19254249148634,1290.530369106812
5892,188544,892.3475574510423,1293.1409079622808
5893,188576,248.41063389337955,1287.8086821616375
5894,188608,561.7984053396988,1266.5570854524822
5895,188640,5758.188232576835,1311.8627616376157
5896,188672,2091.0782587812314,1312.5471016087179
5897,188704,434.17098794996707,1310.1970891666017
5898,188736,384.01831074045947,1307.8911896534053
5899,188768,402.1065819515726,1306.172568710885
5900,188800,324.3378986911604,1282.3972640394827
5901,188832,757.6559227030385,1284.7781144380788
5902,188864,626.9406079556653,1274.3008809652915
5903,188896,554.1867822452391,1271.9368682764689
5904,188928,483.092615592813,1255.5497454914503
5905,188960,341.4957334856947,1258.0891983645192
5906,188992,191.1513997152624,1259.010356100535
5907,189024,2636.846991148245,1271.3133046214
5908,189056,373.3839959716394,1261.732801861994
5909,189088,89.14487080321258,1259.8973554119425
5910,189120,353.3752046356664,1258.5131330568713
5911,189152,1349.534848252272,1270.3362597497508
5912,189184,818.8090401846105,1275.7818941804537
5913,189216,255.0789212694238,1276.7533473101744
5914,189248,220.6952859681521,1275.0688817255632
5915,189280,279.14610513272055,1260.2876986356273
5916,189312,397.1438582812236,1261.0829480689342
5917,189344,1287.768774347616,1236.4274103736939
5918,189376,733.0563982614199,1216.602564998598
5919,189408,1343.5984860459685,1227.9579656902426
5920,189440,126.17439633039531,875.2336845505118
5921,189472,58.70533599828116,868.7672171976446
5922,189504,108.66920997934632,816.849798674828
5923,189536,226.70921648728302,756.7823245778934
5924,189568,707.2272042676004,757.0434716144164
5925,189600,316.15422126889064,756.4688293761546
5926,189632,70.36743091206459,747.8726122996899
5927,189664,867.2666379649528,696.2439827905528
5928,189696,3555.857501329947,727.1421983686021
5929,189728,711.3315972769567,731.349330579548
5930,189760,610.6830025945085,734.4013874282886
5931,189792,163.23361133535658,731.7362849093878
5932,189824,494.07630402267046,734.3570607887958
5933,189856,305.1892780354614,735.8992986330223
5934,189888,950.541847260809,743.3455007357254
5935,189920,3301.0715647973357,772.2835123397401
5936,189952,1461.3338064444756,778.4199406091744
5937,189984,598.2189419853728,782.7584473217753
5938,190016,103.9353195402418,782.3482770278252
5939,190048,218.3376462627777,774.1448343484379
5940,190080,651.4877301815019,770.0599217765479
5941,190112,226.84296288879273,763.696500486819
5942,190144,524.5934071404293,767.0507966026822
5943,190176,1176.0872707195356,770.1335495730832
5944,190208,240.00858834952766,756.718657466985
5945,190240,342.35322080451687,744.3765104020308
5946,190272,5242.330240306921,791.4499743782299
5947,190304,704.851202703148,791.9586032414134
5948,190336,58.903578908974026,787.3279842678093
5949,190368,1014.9894425980838,791.988408870409
5950,190400,362.13066804960107,793.9400717049423
5951,190432,381.2412233064181,796.9146311582653
5952,190464,468.84584463624003,794.5985440716481
5953,190496,180.8337982652366,794.6424691652662
5954,190528,3548.9785892467958,827.2293877389964
5955,190560,4359.152878949072,863.7279082351856
5956,190592,353.9402055562315,861.4658237977881
5957,190624,241.49242973182587,860.6408597781062
5958,190656,211.6354335312344,861.4235635382821
5959,190688,2064.8150502394346,872.7484406100741
5960,190720,149.01685569330982,861.0299924224394
5961,190752,1591.8932945589636,868.5836549095379
5962,190784,560.1604431757239,868.6782882511873
5963,190816,471.9262285818162,869.5301638945389
5964,190848,5786.0056440715725,925.7396318056366
5965,190880,467.32491536530307,929.0280170891629
5966,190912,1955.6111325736285,936.9524802618297
5967,190944,627.622220098183,939.8430589351298
5968,190976,1104.4468866767077,949.2805105455226
5969,191008,322.47365248932033,949.7201153020789
5970,191040,512.6240050480839,945.9427895533477
5971,191072,410.7560142544222,941.8665902394292
5972,191104,275.01300015582893,942.7757412746283
5973,191136,193.25042087727618,942.5913615675394
5974,191168,747.2781372890202,943.4483122140712
5975,191200,180.07758867435612,941.0684450757785
5976,191232,1956.2808995920227,957.018003608956
5977,191264,365.26767092181234,957.6711619616436
5978,191296,294.697028088652,933.433411377669
5979,191328,2397.454195918193,956.3413738936486
5980,191360,200.31118819939584,956.7623961804817
5981,191392,2575.9389795684365,978.1825459392143
5982,191424,823.7645187790393,981.2887192883672
5983,191456,651.8900043968767,984.9684757146832
5984,191488,4557.687586032973,1015.1588328085166
5985,191520,686.9953489275044,1017.2370529358927
5986,191552,192.24686286113305,1015.9752054715043
5987,191584,1665.1375620753272,1010.5974133183777
5988,191616,608.5148465413732,981.1190923192036
5989,191648,976.03424105868,986.5026207324395
5990,191680,675.3724071323344,958.3842687175222
5991,191712,3163.508043288568,986.4574237254931
5992,191744,599.6372135139071,983.5303202861218
5993,191776,79.62313998466972,981.8424453470346
5994,191808,937.7333197087195,985.601794490725
5995,191840,373.1253199276763,931.7511653642333
5996,191872,554.7370630115537,916.3877534065365
5997,191904,1182.2908957264483,923.8689524843014
5998,191936,1870.3679459889486,938.7324488367864
5999,191968,262.94329784578497,937.3408159957285
6000,192000,355.285336318334,937.6502903720002
6001,192032,678.0187381961982,936.8539185269318
6002,192064,182.29594275350942,932.4074718749104
6003,192096,715.5051443443019,934.0206554959009
6004,192128,692.3777886626657,936.1135072265995
6005,192160,264.16100727265723,935.340159964469
6006,192192,236.2993778145662,935.791639745462
6007,192224,1031.9194600053518,919.7423644340331
6008,192256,4545.55296554266,961.4640541297433
6009,192288,441.00405288602553,964.9826459505714
6010,192320,615.1862964505572,967.6007568687203
6011,192352,780.8319622281592,961.9137280084792
6012,192384,292.64571325987947,956.6520947392319
6013,192416,435.6775420702689,958.4580809472403
6014,192448,217.90756092264064,958.4302036967852
6015,192480,611.6756929967714,961.7554995754256
6016,192512,247.75945873647348,960.2616555799781
6017,192544,173.84789672762494,949.1224468037783
6018,192576,829.9819439305618,950.0917022604697
6019,192608,1242.323901470527,949.0789564147152
6020,192640,214.00104665349448,949.9572229179462
6021,192672,261.64825010849546,951.9866520590483
6022,192704,923.5349642594858,960.1353096018499
6023,192736,540.1162314685859,963.2693797516629
6024,192768,80.09754870593189,956.9980831960463
6025,192800,2470.501888041337,978.5415598637708
6026,192832,176.03324546091986,979.5982180092592
6027,192864,577.2111351808574,976.6976629814183
6028,192896,425.5556726712917,945.3946446948316
6029,192928,111.99044478209805,939.4012331698831
6030,192960,384.2825451760016,937.1372285956982
6031,192992,689.4346011547517,942.3992384938922
6032,193024,468.75917206134363,942.1460671742789
6033,193056,170.72304564941726,940.8014048504183
6034,193088,565.4330184262974,936.9503165620731
6035,193120,413.5173848571025,908.0747747626708
6036,193152,1204.4090008322898,905.505526706549
6037,193184,691.8094527071532,906.4414318137667
6038,193216,2572.107446085003,931.1231530792144
6039,193248,168.42767909659443,930.6240534075524
6040,193280,327.0762307190894,927.3799384129284
6041,193312,1663.9133359135003,941.7506421431755
6042,193344,478.7181230864555,941.2918893026358
6043,193376,306.91209192191883,932.6001375146597
6044,193408,416.7195934125949,934.3672475652903
6045,193440,744.4426675765324,938.3881420330105
6046,193472,865.7335185662772,894.622174815604
6047,193504,13353.476249196901,1021.1084252805415
6048,193536,210.02041410767333,1022.6195936325284
6049,193568,1861.8153830345127,1031.0878530368927
6050,193600,1727.4114813016226,1044.740661169413
6051,193632,328.0762811984775,1044.2090117483335
6052,193664,981.9359495685189,1049.3399127976563
6053,193696,1254.3314839629595,1060.0748896546334
6054,193728,304.9265194487179,1027.6343689566527
6055,193760,522.0851925238683,989.2636920924007
6056,193792,231.93627042751174,988.0436527411135
6057,193824,4334.432833244528,1028.9730567762406
6058,193856,451.5311098642396,1031.3720135395706
6059,193888,508.47901661333384,1015.8086532033096
6060,193920,17977.255794464872,1194.0910425910254
6061,193952,859.6107010728017,1186.7682166561638
6062,193984,444.2911323308681,1185.609523547715
6063,194016,631.4119698104364,1187.2043809600013
6064,194048,1380.965904280548,1143.1539835620908
6065,194080,440.0813982176572,1142.8815483906144
6066,194112,1230.288488686465,1135.628321951743
6067,194144,1026.2971277563906,1139.6150710283246
6068,194176,845.5873007902318,1137.0264751694601
6069,194208,127.93498811272197,1135.0810885256942
6070,194240,638.4546052758883,1136.3393945279724
6071,194272,785.9890762688309,1140.0917251481164
6072,194304,1197.3433267920868,1149.315028414479
6073,194336,1072.0681440510907,1158.1032056462172
6074,194368,328.06853778400205,1153.911109651167
6075,194400,232.64360450623258,1154.4367698094857
6076,194432,431.86962216761253,1139.1926570352418
6077,194464,696.7599479160286,1142.507579805184
6078,194496,512.5390574912637,1144.6860000992099
6079,194528,3056.373533974467,1151.275193479773
6080,194560,855.4344706440045,1157.826426304219
6081,194592,496.63201413693014,1137.0333566499037
6082,194624,138.49184956991968,1130.1806299578125
6083,194656,1460.8748749687309,1138.270478663531
6084,194688,781.7124881217327,1100.5107276844185
6085,194720,417.38736707676776,1097.8146478659112
6086,194752,1083.0571225363817,1106.722750462664
6087,194784,5090.865679797791,1140.9800316398887
6088,194816,764.7653738686427,1142.5425369131613
6089,194848,793.930292817054,1140.7214974307449
6090,194880,416.0215744314857,1138.1279891037364
6091,194912,1014.7715536481895,1116.6406242073324
6092,194944,1280.545088651631,1123.4497029587098
6093,194976,667.4466007455921,1129.3279375663192
6094,195008,842.4054474480388,1128.3746588437125
6095,195040,999.1398998462909,1134.6348046428989
6096,195072,723.2593689330627,1136.3200277021137
6097,195104,155.78946832923046,1126.0550134281414
6098,195136,1221.6122611028313,1119.5674565792801
6099,195168,507.1966765092059,1122.0099903659143
6100,195200,947.7637248159219,1127.9347742508903
6101,195232,7102.040794618563,1192.1749948151141
6102,195264,900.8482165282516,1199.3605175528612
6103,195296,880.6660417087508,1201.0121265265057
6104,195328,184.46317879700402,1195.9329804278489
6105,195360,5046.675163398259,1243.758121989105
6106,195392,204.96243110578183,1243.4447525220173
6107,195424,278.2862602891942,1235.9084205248557
6108,195456,404.7644514696796,1194.500535384126
6109,195488,450.6578673803213,1194.597073529069
6110,195520,959.1473874370525,1198.0366844389337
6111,195552,1955.1045139315097,1209.7794099559671
6112,195584,237.6442402405235,1209.2293952257737
6113,195616,1052.1441086032626,1215.3940608911037
6114,195648,1031.7591483254682,1223.5325767651323
6115,195680,288.87766044165136,1220.304596439581
6116,195712,63.67237700553764,1218.4637256222716
6117,195744,410.4388409308076,1220.8296350643036
6118,195776,3801.794171799012,1250.5477573429878
6119,195808,389.9638730431695,1242.0241570587143
6120,195840,2368.211536155147,1263.5662619537306
6121,195872,823.0615547461116,1269.180395000107
6122,195904,1495.3488628834614,1274.8985339863466
6123,195936,767.7953489526582,1277.1753251611872
6124,195968,885.9884508148594,1285.2342341822766
6125,196000,448.0933788407404,1265.0101490902705
6126,196032,1601.0841908690716,1279.260658544352
6127,196064,151.5297470255442,1275.0038446627989
6128,196096,1516.8410547637798,1285.916698483724
6129,196128,467.6194334515166,1289.4729883704185
6130,196160,601.6391928256996,1291.6465548469155
6131,196192,273.8429778953304,1287.490638614321
6132,196224,300.5898048382296,1285.8089449420897
6133,196256,109.05686945824206,1285.1922831801778
6134,196288,420.7659108133851,1283.7456121040489
6135,196320,6772.547928575893,1347.3359175412365
6136,196352,131.44409655084175,1336.606268498422
6137,196384,1569.9936917427767,1345.3881108887783
6138,196416,1008.9044988348151,1329.7560814162766
6139,196448,1201.5302139992214,1340.0871067653027
6140,196480,1229.5158339232578,1349.1115027973444
6141,196512,838.3038144676045,1340.8554075828856
6142,196544,10446.142743658569,1440.5296537886068
6143,196576,634.5810196851304,1443.8063430662387
6144,196608,256.57581528849875,1442.2049052849977
6145,196640,393.7660812193068,1438.6981394214258
6146,196672,964.7535428498322,1439.6883396642613
6147,196704,1348.3336223314614,1319.6369133956068
6148,196736,83.0103615205538,1318.3668128697357
6149,196768,1351.1296849643413,1313.259955889034
6150,196800,349.0586344029349,1299.4764274200475
6151,196832,226.55496153753379,1298.461214223438
6152,196864,631.3060153668214,1294.9549148814208
6153,196896,947.177755342297,1291.8833775952141
6154,196928,513.5946535527062,1293.970058936254
6155,196960,538.4493656684006,1294.1337006676993
6156,196992,168.4589785912441,1293.4989277493366
6157,197024,1565.047259909814,1265.8050720159895
6158,197056,661.475278172944,1267.9045136990767
6159,197088,1525.728654562353,1278.077010078567
6160,197120,2284.772028470964,1121.1521724186275
6161,197152,9171.827576956079,1204.2743411774602
6162,197184,227.21129258180102,1202.1035427799695
6163,197216,166.9800630938969,1197.459223712804
6164,197248,127.70534987304187,1184.9266181687287
6165,197280,997.1079818874421,1190.4968840054269
6166,197312,697.080877945676,1185.164807898019
6167,197344,249.64913937150405,1177.3983280141704
6168,197376,3817.9553678165757,1207.1220086844337
6169,197408,1208.445313128238,1217.927111934589
6170,197440,663.1765293334486,1218.1743311751645
6171,197472,286.0416157231382,1213.1748565697073
6172,197504,244.5632877442478,1203.647056179229
6173,197536,63.57107052729466,1193.562085443991
6174,197568,295.16498715899587,1193.233049937741
6175,197600,1845.9177697789958,1209.365791590469
6176,197632,1062.2001973129331,1215.669097341922
6177,197664,148.87321918816312,1210.1902300546433
6178,197696,315.7957625126518,1208.2227971048571
6179,197728,240.14246891910994,1180.0604864543034
6180,197760,124.96864702885154,1172.755828218152
6181,197792,938.7778373207391,1177.1772864499899
6182,197824,264.6503374002787,1178.4388713282935
6183,197856,2867.1517778130014,1192.5016403567363
6184,197888,407.6913088064721,1188.7614285635836
6185,197920,975.2405027412079,1194.3399599202282
6186,197952,2595.155834272484,1209.4609470375892
6187,197984,372.1029975482374,1162.273320215094
6188,198016,729.7419101960329,1161.9230855783678
6189,198048,2880.6253190003417,1182.7900358402005
6190,198080,299.33836172453346,1181.623203713131
6191,198112,161.12608008416674,1173.0867489774907
6192,198144,335.74854826175016,1163.638783573592
6193,198176,1381.6644982676826,1170.7809625488126
6194,198208,1690.9191455702428,1179.2660995300348
6195,198240,112.28132116348402,1170.397513743207
6196,198272,988.6034894367301,1173.0509549482438
6197,198304,994.7795141544233,1181.4408554064958
6198,198336,2816.5126071722643,1197.3898588671898
6199,198368,6095.350912323736,1253.2714012253352
6200,198400,862.9934231865369,1252.423698209041
6201,198432,2351.7683571827233,1204.9209738346829
6202,198464,2372.3684463814902,1219.6361761332153
6203,198496,240.58604773397656,1213.2353761934673
6204,198528,551.2073310239894,1216.9028177157372
6205,198560,821.507275125701,1174.6511388330116
6206,198592,4126.377866399166,1213.8652931859456
6207,198624,384.99758433546293,1214.9324064264083
6208,198656,352.59193142785676,1214.41068122599
6209,198688,965.0151322576575,1219.5542538747636
6210,198720,516.9833173953707,1215.132613174347
6211,198752,1209.241964809572,1207.6739876831273
6212,198784,444.71728846316483,1209.744718165354
6213,198816,464.6635958110436,1203.8699130374316
6214,198848,997.8612397807254,1203.530933951984
6215,198880,238.04174190588745,1203.0225747666263
6216,198912,1439.4480037728986,1216.7803310343
6217,198944,679.531080710489,1219.4712534320968
6218,198976,3423.8713849326887,1215.6920255634336
6219,199008,826.3532725728924,1220.055919558731
6220,199040,399.07185348441374,1200.3645227320235
6221,199072,611.807944382615,1198.2519866283885
6222,199104,897.7831277429511,1192.2763292769835
6223,199136,162.2998973844329,1186.221374761301
6224,199168,322.9271022409564,1180.5907612755623
6225,199200,683.5847965221395,1182.945675452376
6226,199232,20.57332746000089,1167.1405668182854
6227,199264,461.81992267926,1170.2434685748226
6228,199296,1021.9009383560077,1165.2940674107447
6229,199328,422.3709826327066,1164.8415829025566
6230,199360,103.05192819997502,1159.8557102562993
6231,199392,3139.0765739413087,1188.508046216759
6232,199424,2764.670677261315,1213.1488549409903
6233,199456,380.99703741429516,1215.8682566205507
6234,199488,2839.721077037218,1240.057808282789
6235,199520,519.5440875626539,1177.5277698726568
6236,199552,435.0204251844336,1180.5635331589926
6237,199584,2816.9848787877986,1193.0334450294429
6238,199616,250.5236852024133,1185.4496368931188
6239,199648,581.0140716979602,1179.2444754701062
6240,199680,4423.259764049426,1211.181914771368
6241,199712,274.24969882396846,1205.5413736149314
6242,199744,502.21555264604376,1106.1021017048063
6243,199776,475.7471819543818,1104.5137633274987
6244,199808,529.1185512254435,1107.2391906868681
6245,199840,1023.6696568901601,1113.5382264435766
6246,199872,249.61622985998324,1106.386853313678
6247,199904,252.27308353411203,1095.4262479257045
6248,199936,2486.4908889211592,1119.4610531997105
6249,199968,233.19231358941113,1108.2816794859614
6250,200000,466.27614270869543,1109.453854569019
6251,200032,686.5883979964564,1114.0541889336082
6252,200064,1746.029716399486,1125.201425943935
6253,200096,671.346981617134,1122.4431182066833
6254,200128,18830.653057094594,1305.6137022421021
6255,200160,1106.4106472546782,1311.2933150579652
6256,200192,110.87210597984992,1310.717446331851
6257,200224,1474.507884493784,1309.8120525776908
6258,200256,255.2040042468174,1305.7493398384295
6259,200288,306.0717206157863,1293.5527704989638
6260,200320,418.5059071311248,1274.8901092855656
6261,200352,451.1379207440662,1187.6832127234456
6262,200384,691.4879860052157,1192.32597965768
6263,200416,236.4476527016512,1193.0206555537573
6264,200448,449.20501882279257,1196.2356522432547
6265,200480,4972.33501106494,1235.9879225350294
6266,200512,190.40718858344542,1230.921185641407
6267,200544,587.0139529032036,1234.294833776724
6268,200576,2689.8594799919824,1223.0138748984782
6269,200608,1870.4004529962517,1229.6334262971584
6270,200640,379.6443932401274,1226.7981049362252
6271,200672,672.1383432430343,1230.6590722114242
6272,200704,253.82828316416325,1230.7517221656233
6273,200736,185.08918785686478,1231.9669033389189
6274,200768,600.5087309797492,1235.0203407771266
6275,200800,269.30259615064296,1219.2541890408431
6276,200832,716.2824758231824,1215.7950118259457
6277,200864,270.3838758145536,1217.0101183922095
6278,200896,1056.4010698780269,1224.4161714658633
6279,200928,187.44874424899055,1223.889234219162
6280,200960,186.67369362734425,1224.5062846851467
6281,200992,645.3099421119974,1221.5716057330594
6282,201024,843.0445474784113,1227.3555478338408
6283,201056,1268.9360236685409,1211.3733902923962
6284,201088,327.2362357290927,1210.5688395616223
6285,201120,418.57348950597765,1205.00216942927
6286,201152,1269.5261331855486,1191.7458724184007
6287,201184,4887.053184075353,1236.8953742836718
6288,201216,3487.2119020023797,1264.4700742017353
6289,201248,291.30631339116354,1238.5768841456436
6290,201280,415.71605456331935,1239.7406610740313
6291,201312,336.653531078271,1241.4959355839724
6292,201344,1046.8815767912663,1248.6072658692674
6293,201376,404.2500894130854,1238.8331217807215
6294,201408,439.0114653393146,1226.314044978412
6295,201440,592.0571774171098,1231.1118035409486
6296,201472,304.4568353602978,1224.270337000184
6297,201504,672.3508654700248,1221.04605051334
6298,201536,291.9324374522294,1195.8002488161399
6299,201568,189.56737311647075,1136.742413424067
6300,201600,984.0133313371099,1137.952612505573
6301,201632,928.1465125832511,1123.7163940595783
6302,201664,514.7619924517528,1105.1403295202808
6303,201696,596.9874324138908,1108.70434336708
6304,201728,525.6198695632511,1108.4484687524725
6305,201760,646.7565806044518,1106.7009618072602
6306,201792,530.1922791435538,1070.739105934704
6307,201824,553.2878178251175,1072.4220082696006
6308,201856,441.216536779281,1073.3082543231149
6309,201888,300.33839303705406,1066.6614869309087
6310,201920,475.2910105075588,1066.2445638620306
6311,201952,462.7921812007535,1058.7800660259427
6312,201984,1069.6632388504277,1065.0295255298151
6313,202016,407.042932012223,1064.453318891827
6314,202048,119.9061693965281,1055.673768187985
6315,202080,531.2384067724446,1058.6057348366503
6316,202112,5266.164010057638,1096.8728948994976
6317,202144,239.6787457264866,1092.4743715496577
6318,202176,646.3578330926995,1064.6992360312581
6319,202208,303.589994610129,1059.4716032516305
6320,202240,1543.5909484054812,1070.9167942008412
6321,202272,339.19904441901343,1068.1907052012052
6322,202304,313.61008794260914,1062.3489748032018
6323,202336,1227.0015242428274,1072.9959910717857
6324,202368,411.34899880155706,1073.8802100373916
6325,202400,784.3037719420976,1074.8873997915912
6326,202432,444.8527215490157,1079.1301937324813
6327,202464,793.6320563585429,1082.4483150692743
6328,202496,66.41433636314358,1072.8934490493455
6329,202528,728.1680037032884,1075.9514192600514
6330,202560,2066.4795010143134,1095.5856949881947
6331,202592,200.28780462102927,1066.197807294992
6332,202624,329.386144924355,1041.8449619716223
6333,202656,275.5503241197044,1040.7904948386763
6334,202688,12250.502451289816,1134.8983085812024
6335,202720,686.5603377024164,1136.5684710826
6336,202752,5462.900711633825,1186.847273947094
6337,202784,597.7822440759436,1164.6552475999754
6338,202816,955.5612665252632,1171.705623413204
6339,202848,774.1230985935888,1173.6367136821605
6340,202880,348.3118549108711,1132.8872345907748
6341,202912,2312.7648551371854,1153.2723861539068
6342,202944,748.9634416157535,1155.7398650436037
6343,202976,1269.351331353825,1163.6759065375982
6344,203008,1432.9354088616672,1172.7140751139602
6345,203040,3365.5719073540076,1196.1330976185989
6346,203072,145.93440172604218,1195.0962793372596
6347,203104,400.6001428324759,1196.5795499302433
6348,203136,323.0108614519907,1174.9447496555515
6349,203168,1641.5805618915067,1189.0286321385727
6350,203200,1734.0746511240407,1201.706617222726
6351,203232,494.2678960303361,1199.7834122030647
6352,203264,423.95401255438753,1186.5626551646137
6353,203296,1019.8079930909958,1190.0472652793524
6354,203328,1396.0624958089377,1015.701359666496
6355,203360,284.4586433020598,1007.4818396269698
6356,203392,460.99421402677535,1010.983060707439
6357,203424,61.34519824435917,996.8514338449447
6358,203456,703.6796470932485,1001.3361902734091
6359,203488,194.99044661076076,1000.2253775333588
6360,203520,331.35009717100064,999.3538194337575
6361,203552,964.5082836131286,1004.4875230624481
6362,203584,560.4865482595999,1003.177508684992
6363,203616,80.18643505402608,1001.6148965085158
6364,203648,443.36736598418395,1001.5565199801297
6365,203680,344.00203141550435,955.2731901836353
6366,203712,1207.9070308209868,965.4481886060107
6367,203744,206.66676813195616,961.6447167582983
6368,203776,549.0011862394422,940.236133820773
6369,203808,553.2821827660686,927.0649511184711
6370,203840,867.010031942681,931.9386075054966
6371,203872,447.58461350946016,929.6930702081607
6372,203904,1078.2003149759128,937.9367905262782
6373,203936,183.36700647703532,937.9195687124799
6374,203968,516.49521394727,937.079433542155
6375,204000,3898.26239600928,973.3690315407415
6376,204032,158.8557837940517,967.7947646204502
6377,204064,370.4144348540267,968.795070210845
6378,204096,471.5308161050112,962.9463676731148
6379,204128,2025.7207739093524,981.3290879697182
6380,204160,3738.293266381968,1016.8452836972646
6381,204192,480.99001022657416,1015.2020843784103
6382,204224,510.84708309463565,1011.8801097345726
6383,204256,595.670208610888,1005.1474515839961
6384,204288,823.6192339232865,1010.1112815659379
6385,204320,1469.136868211661,1020.6169153529947
6386,204352,118.40272989219727,1009.1056813200613
6387,204384,145.4503233201194,961.689652712509
6388,204416,795.3902714492979,934.7714364069783
6389,204448,1777.8447231177938,949.6368205042445
6390,204480,1468.548062041644,960.1651405790278
6391,204512,1111.7085227703697,967.9156904959488
6392,204544,243.7874321141659,959.8847490491776
6393,204576,871.0642077591518,964.5528902326382
6394,204608,1238.5201216112537,972.5479767953577
6395,204640,578.9799303824799,972.4172043250115
6396,204672,1771.65382491091,987.0891742205177
6397,204704,302.99831340998503,983.3956486999174
6398,204736,613.7028959062118,986.6133532844572
6399,204768,667.5185148325031,991.3928647016174
6400,204800,393.0843540755841,985.4835749290022
6401,204832,766.9684902881227,983.871794706051
6402,204864,253.1377967619868,981.2555527491531
6403,204896,457.4190565632038,979.8598689906464
6404,204928,200.34340770368615,976.6071043720508
6405,204960,823.3747413612833,978.373285979619
6406,204992,151.83574606539835,974.5897206488374
6407,205024,174.10977363846288,970.7979402069709
6408,205056,131.166253639365,967.6974373755718
6409,205088,250.76622274393003,967.2017156726405
6410,205120,1001.8323847271274,972.4671294148362
6411,205152,300.93434844865357,970.8485510873152
6412,205184,287.70531899018374,963.0289718887127
6413,205216,59.42639355414173,959.552806504132
6414,205248,100.88676217817189,959.3626124319485
6415,205280,2452.14616236094,978.5716899878335
6416,205312,923.2314377455409,935.1423642647125
6417,205344,592.5695461194825,938.6712722686424
6418,205376,1783.2804467446429,950.0404984051618
6419,205408,504.3478283231936,952.0480767422923
6420,205440,460.362397406058,941.2157912322981
6421,205472,1469.3046166361398,952.5168469544694
6422,205504,321.32153208307955,952.5939613958742
6423,205536,263.4705783710834,942.9586519371567
6424,205568,1215.511063835911,951.0002725875003
6425,205600,714.1218331821125,950.2984531999006
6426,205632,309.8934023293174,948.9488600077035
6427,205664,586.3160105895645,946.8756995500137
6428,205696,551.9203384954942,951.7307595713372
6429,205728,488.2115875671327,949.3311954099755
6430,205760,317.9706078025493,931.8461064778577
6431,205792,514.3436947351365,934.9866653789989
6432,205824,364.9046504511053,935.3418504342663
6433,205856,324.8858410996384,935.8352056040658
6434,205888,210.67258594169013,815.4369069505844
6435,205920,525.7681827840712,813.828985401401
6436,205952,1839.1664323660152,777.591642608723
6437,205984,402.8785850412843,775.6426060183763
6438,206016,224.71300640261202,768.33412341715
6439,206048,371.0918302856914,764.303810734071
6440,206080,5740.827037317982,818.228962558142
6441,206112,4641.1082335195215,841.5123963419654
6442,206144,183.77796328339383,835.8605415586419
6443,206176,2200.2735896903914,845.1697641420076
6444,206208,2082.7259512585774,851.6676695659767
6445,206240,115.28210510827634,819.1647715435194
6446,206272,411.21364238317625,821.8175639500906
6447,206304,4166.223177265901,859.4737942944249
6448,206336,452.2413189730875,860.7660988696358
6449,206368,266.5725250426123,847.0160185011468
6450,206400,706.1265660675011,836.7365376505813
6451,206432,324.54812089404925,835.0393398992186
6452,206464,197.25666035809544,832.7723663772557
6453,206496,1209.7166897841482,834.6714533441872
6454,206528,305.0514107574363,823.7613424936723
6455,206560,489.5826702678485,825.81258276333
6456,206592,330.249037299816,824.5051309960605
6457,206624,280.29669218956025,826.6946459355125
6458,206656,431.8557836892677,823.9764073014727
6459,206688,245.6041253177048,824.4825440885421
6460,206720,3163.816859857947,852.8072117154115
6461,206752,383.43897300299426,846.9965186093102
6462,206784,783.2626276987604,849.2242794037019
6463,206816,292.8666305748409,851.3510813589098
6464,206848,438.5616189587711,851.3030238886558
6465,206880,63.40738068701187,848.4970773813709
6466,206912,1157.3123273128813,847.9911303462898
6467,206944,2757.3268536397554,873.4977312013679
6468,206976,621.1815776075974,874.2195351150493
6469,207008,131.68156445590114,870.0035289319476
6470,207040,313.0556862997791,864.4639854755186
6471,207072,2255.0518837044197,882.5386581774683
6472,207104,871.0919613833114,880.4675746415422
6473,207136,1374.7162787916027,892.381067364688
6474,207168,963.0705385472005,896.8468206106872
6475,207200,765.3215963638864,865.5174126142333
6476,207232,352.4635134155159,867.453489910448
6477,207264,1176.8948091816173,875.5182936537238
6478,207296,1463.8921999201873,885.4419074918757
6479,207328,421.34110850746737,869.3981108378567
6480,207360,959.6878931009353,841.6120571050465
6481,207392,1066.2976135825145,847.4651331386058
6482,207424,1057.4386874177417,852.9310491818369
6483,207456,1971.3296506190986,866.687643601919
6484,207488,453.67753068961446,862.9882265695825
6485,207520,1391.0918370554382,862.2077762580201
6486,207552,770.8225640077517,868.7319745991757
6487,207584,137.41877332530484,868.6516590992276
6488,207616,691.4701991521631,867.6124583762561
6489,207648,183.8760976450633,851.672772121529
6490,207680,1425.8579280310755,851.2458707814232
6491,207712,1130.9308975322608,851.438094529042
6492,207744,4948.699350056844,898.4872137084689
6493,207776,366.6837574274501,893.4434092051519
6494,207808,842.3201165538684,889.4814091545782
6495,207840,479.8448665601083,888.4900585163542
6496,207872,884.3741405653964,879.6172616728992
6497,207904,1495.5380781995555,891.5426593207949
6498,207936,895.5893647548178,894.3615240092809
6499,207968,376.7651847359736,891.4539907083155
6500,208000,748.0709555968515,895.0038567235282
6501,208032,1003.3122202341152,897.3672940229882
6502,208064,221.38230316730858,897.0497390870413
6503,208096,879.8283729309376,901.2738322507187
6504,208128,283.6535390321522,902.1069335640034
6505,208160,924.1736809525081,903.1149229599156
6506,208192,456.81215687025406,906.1646870679641
6507,208224,686.8713776284267,911.2923031078636
6508,208256,199.1346108702077,911.9719866801721
6509,208288,130.58614922719923,910.7701859450049
6510,208320,985.5936778973389,910.607798876707
6511,208352,244.76944657122377,910.0461498579328
6512,208384,902.6830990890608,916.1959276589216
6513,208416,2914.6166085236105,944.7478298086163
6514,208448,1035.0571528847936,954.0895337156826
6515,208480,1143.8690697762122,941.0067627898352
6516,208512,450.86310619765663,936.2830794743563
6517,208544,729.5227178991477,937.6526111921529
6518,208576,347.2439153867499,923.292245878574
6519,208608,1298.811036724595,931.236877962588
6520,208640,1027.77903328507,936.9110443213781
6521,208672,124.89795003802773,923.466977655397
6522,208704,721.3243586563625,927.46700592113
6523,208736,2337.525074596038,948.2075508833794
6524,208768,3307.8505024995357,969.1309452700156
6525,208800,3067.4952238504225,992.6646791766988
6526,208832,1607.6826533467638,1005.6425716868732
6527,208864,637.1263030234627,1006.1506746112124
6528,208896,957.2871279436554,1010.204342505694
6529,208928,674.3152393877558,1012.0653790239002
6530,208960,725.7019178615222,1016.1426921244898
6531,208992,6631.343008909427,1077.3126852662326
6532,209024,1356.3061192074667,1087.2266999537965
6533,209056,342.5225409121318,1087.4030669519213
6534,209088,270.52419645162047,1088.0015830570208
6535,209120,136.59073589841728,1084.109808588164
6536,209152,383.9710835789061,1069.557855100293
6537,209184,740.0057677495506,1072.9291269273756
6538,209216,2586.374955592226,1096.5457464192716
6539,209248,858.4561656412542,1101.4193897728271
6540,209280,1903.9887782969151,1063.0510071826168
6541,209312,1537.9088155298778,1032.0190130027204
6542,209344,678.4437059827092,1036.9656704297133
6543,209376,419.70498636277387,1019.1599843964372
6544,209408,108.59602129574574,999.4186850968089
6545,209440,922.1686732756483,1007.4875507784826
6546,209472,115.84596560022436,1004.5338740106531
6547,209504,305.3304995153014,965.9249472331471
6548,209536,557.2857963860384,966.9753920072767
6549,209568,1123.7195552989544,975.5468623098402
6550,209600,1835.2717248872573,986.8383138980377
6551,209632,337.6535815576591,986.9693685046738
6552,209664,485.0744696937163,989.8475465980298
6553,209696,2041.0226809225476,998.1606065094139
6554,209728,245.48099736079763,997.5649023754476
6555,209760,280.1560073820106,995.4706357465891
6556,209792,2067.2366689485693,1012.8405120630767
6557,209824,352.0058469530268,1013.5576036107113
6558,209856,211.75010889956812,1011.3565468628144
6559,209888,306.0606805000985,1011.9611124146383
6560,209920,296.4251511974107,983.2871953280329
6561,209952,353.31057395841066,982.9859113375871
6562,209984,2883.7558051375986,1003.9908431119754
6563,210016,665.8704708962161,1007.7208815151891
6564,210048,1141.0337533986644,1014.7456028595881
6565,210080,194.22691527649013,1016.0537982054828
6566,210112,549.3283646678989,1009.9739585790331
6567,210144,370.9565505347806,986.1102555479833
6568,210176,2393.451693976539,1003.8329567116728
6569,210208,666.5875417436339,1009.1820164845502
6570,210240,319.67287480703214,1009.2481883696228
6571,210272,7048.1294563559095,1057.1789640961376
6572,210304,243.1952717423341,1050.899997199728
6573,210336,293.43327984601217,1040.0871672102721
6574,210368,512.4310330259573,1035.5807721550595
6575,210400,113.50361147169201,1029.0625923061375
6576,210432,855.6988200807517,1034.09494537279
6577,210464,1700.7427018432388,1039.333424299406
6578,210496,882.8378778004486,1033.5228810782087
6579,210528,143.9569464212332,1030.7490394573463
6580,210560,260.4820420546322,1023.7569809468833
6581,210592,162.89042857252608,1014.7229090967834
6582,210624,1465.8367936306443,1018.8068901589127
6583,210656,439.0737959924687,1003.4843316126463
6584,210688,1004.1340955130972,1008.9888972608811
6585,210720,546.8123683031273,1000.546102573358
6586,210752,78.21896089547481,993.6200665422351
6587,210784,342.8711478984686,995.6745902879668
6588,210816,371.8610350127461,992.4784986465727
6589,210848,1550.9905859452408,1006.1496435295745
6590,210880,364.15679761446074,995.5326322254083
6591,210912,695.2455353800464,991.1757786038861
6592,210944,442.26465776239314,946.1114316809416
6593,210976,3078.8018356641487,973.2326124633086
6594,211008,1514.330041784562,979.9527117156155
6595,211040,359.3550756312257,978.7478138063267
6596,211072,443.5205859230874,974.3392782599036
6597,211104,1576.3469716512354,975.1473671944204
6598,211136,883.0872004130651,975.022345551003
6599,211168,188.68293718192447,973.1415230754624
6600,211200,51.63904861831759,966.1772040056769
6601,211232,1144.5559336404285,967.58964113974
6602,211264,248.46811532905275,967.8604992613575
6603,211296,7435.692717576739,1033.4191427078156
6604,211328,644.694915667222,1037.0295564741662
6605,211360,335.08288295300383,1031.1386484941713
6606,211392,1016.417527562785,1036.7347022010965
6607,211424,1258.6595159824642,1042.452583584637
6608,211456,209.6869489466722,1042.5581069654017
6609,211488,934.1805491464038,1050.5940509645939
6610,211520,1508.0960564595075,1055.8190747502153
6611,211552,620.758641509043,1059.5789666995936
6612,211584,258.56884367316246,1053.1378241454343
6613,211616,3827.345906218705,1062.2651171223854
6614,211648,347.8280831748286,1055.3928264252856
6615,211680,469.32731634818094,1048.6474088910054
6616,211712,519.9938572757274,1049.338716401786
6617,211744,376.1043111441057,1045.8045323342358
6618,211776,2172.8773892761324,1064.0608670731297
6619,211808,991.1506894618138,1060.9842636005021
6620,211840,2770.5274586337027,1078.4117478539883
6621,211872,380.0940479519958,1080.963708833128
6622,211904,347.4047637389238,1077.2245128839538
6623,211936,522.5075919501323,1059.0743380574945
6624,211968,136.55570844803623,1027.3613901169795
6625,212000,334.06148058320554,1000.0270526843073
6626,212032,840.1304936091179,992.3515310869307
6627,212064,260.7947494981161,988.5882155516773
6628,212096,197.8411348160543,980.9937556204013
6629,212128,280.3984682560573,977.0545879090843
6630,212160,1274.6999607346922,982.5445683378159
6631,212192,1024.0986880525838,926.4721251292476
6632,212224,334.33641013082024,916.2524280384811
6633,212256,142.49427484410376,914.2521453778007
6634,212288,1760.358406547812,929.1504874787628
6635,212320,117.82505967220574,928.9628307165007
6636,212352,101.01215182544568,926.133241398966
6637,212384,303.0988052963587,921.7641717744341
6638,212416,66.0187657596816,896.5606098761086
6639,212448,996.592316483857,897.9419713845348
6640,212480,219.83245109329363,881.1004081124986
6641,212512,1201.1910371117012,877.7332303283166
6642,212544,694.6027553111112,877.8948208216007
6643,212576,669.8892263415217,880.3966632213882
6644,212608,2265.509173284884,901.9657947412796
6645,212640,3538.80174927179,928.132125501241
6646,212672,1724.628145468772,944.2199472999265
6647,212704,3067.836547427104,971.8450077790445
6648,212736,903.872594886953,975.3108757640538
6649,212768,1025.3377110361314,974.3270573214254
6650,212800,892.3935579330748,964.8982756518836
6651,212832,558.9395137151095,967.1111349734581
6652,212864,470.3797690433512,966.9641879669543
6653,212896,275.92518971453484,949.3132130548742
6654,212928,450.35790590373387,951.3619821403036
6655,212960,176.74247705952456,950.3278468370786
6656,212992,251.87134599102757,932.1741936075032
6657,213024,63.47588307150538,929.2888939686881
6658,213056,474.19297900144124,931.9133226697069
6659,213088,242.09735523742168,931.2736894170802
6660,213120,115.08755181957983,929.4603134233018
6661,213152,471.2052476934257,930.6392601606519
6662,213184,233.38356059346154,904.1355377152106
6663,213216,4318.111555549492,940.6579485617433
6664,213248,1794.5375313727138,947.1929863414837
6665,213280,224.31044468422445,947.4938216355613
6666,213312,625.7604272553847,948.2581422614362
6667,213344,196.5804149384816,946.5143809054731
6668,213376,386.11443770547874,926.4410083427624
6669,213408,225.20340987481427,922.0271670240742
6670,213440,710.5124053594267,925.9355623295982
6671,213472,653.3502130315306,861.9877698963545
6672,213504,558.1839557977245,865.1376567369084
6673,213536,790.2635943942377,870.1059598823907
6674,213568,259.6946671371747,867.5785962235028
6675,213600,807.701073785795,874.5205708466437
6676,213632,1017.4740819676032,876.1383234655123
6677,213664,50.858257519850966,859.6394790222784
6678,213696,397.53539905079083,854.7864542347817
6679,213728,1988.3288220843556,873.230172991413
6680,213760,6251.313399966012,933.1384865705269
6681,213792,3096.5325681286636,962.4749079660883
6682,213824,976.7386617735388,957.5839266475173
6683,213856,124.20296900541936,954.4352183776467
6684,213888,424.6623433102191,948.640500855618
6685,213920,1691.3901905062564,960.086279077649
6686,213952,866.1871599865884,967.9659610685602
6687,213984,4178.33909089352,1006.3206404985108
6688,214016,265.91885819292946,1005.2612187303125
6689,214048,336.1009886215897,993.112322757076
6690,214080,535.7254854585768,994.8280096355172
6691,214112,793.1706715237561,995.8072609969544
6692,214144,482.21799309443367,996.2067943502748
6693,214176,629.7149736945198,971.7159257305785
6694,214208,505.9517117967293,961.6321424307002
6695,214240,727.204293604706,965.3106346104352
6696,214272,376.9189796809025,964.6446185480132
6697,214304,602.9390897804701,954.9105397293055
6698,214336,229.01027559975736,948.3697704811725
6699,214368,754.7703891326053,954.0306450006792
6700,214400,897.9625296228782,962.4938798107247
6701,214432,185.59189645801075,952.9042394389007
6702,214464,465.14368750852356,955.0709951606954
6703,214496,539.8694005487461,886.1127619904154
6704,214528,127.25385514189217,880.9383513851622
6705,214560,3073.277791111797,908.32030046675
6706,214592,273.86053474597287,900.894730538582
6707,214624,339.38212633750305,891.7019566421325
6708,214656,2691.2983750699614,916.5180709033652
6709,214688,595.2820028762682,913.1290854406637
6710,214720,836.6076233601234,906.41420110967
6711,214752,399.2874040764714,904.1994887353443
6712,214784,2349.8489104024443,925.1122894026371
6713,214816,521.3677000053652,892.0525073405038
6714,214848,309.802474709833,891.6722512558537
6715,214880,174.2997556292574,888.7219756486645
6716,214912,407.7256174993214,887.5992932509005
6717,214944,269.7102562557891,886.5353527020173
6718,214976,424.74706086462913,869.0540494179023
6719,215008,432.14876842608015,863.464030207545
6720,215040,427.06042510604715,840.0293598722684
6721,215072,802.9507573412313,844.2579269661607
6722,215104,1328.7619505760028,854.0714988345316
6723,215136,210.62012622530548,850.9526241772834
6724,215168,2897.9957143556016,878.5670242363591
6725,215200,1298.5246070564722,888.2116555010917
6726,215232,415.84385923589986,883.9687891573595
6727,215264,660.287622394333,887.9637178863215
6728,215296,264.63452473458005,888.6316517855068
6729,215328,2236.609983787681,908.1937669408231
6730,215360,601.9337875793832,901.46610520927
6731,215392,1911.7456862471279,910.3425751912155
6732,215424,580.3821017423027,912.8030321073303
6733,215456,464.53993118184604,916.0234886707077
6734,215488,101.55227415197814,899.4354273467494
6735,215520,798.679612584507,906.2439728758724
6736,215552,668.899525970591,911.922846617324
6737,215584,1668.7708334811998,925.5795668991724
6738,215616,879.7313885813189,933.7166931273887
6739,215648,169.33647611975044,925.4441347237475
6740,215680,615.6559230383748,929.4023694431983
6741,215712,236.36176596832289,919.7540767317645
6742,215744,336.42272365967256,916.1722764152502
6743,215776,2972.5241619953745,939.1986257717887
6744,215808,413.9236841146552,920.6827708800864
6745,215840,209.79344006257762,887.3926877879943
6746,215872,758.6166427702888,877.7325727610095
6747,215904,439.2191191819566,851.4463984785581
6748,215936,767.38847468908,850.0815572765794
6749,215968,1171.7864556519003,851.546044722737
6750,216000,502.2165876568895,847.6442750199752
6751,216032,563.8222348804568,847.6931022316286
6752,216064,292.4286676521558,845.9135912177167
6753,216096,667.0986837664858,849.8253261582361
6754,216128,606.5848579839616,851.3875956790383
6755,216160,701.7644170238223,856.6378150786813
6756,216192,441.30209767586155,858.5321225955297
6757,216224,3032.8516474919315,888.225880239734
6758,216256,1241.5550800808226,895.8995012505278
6759,216288,220.6882133940396,895.685409832094
6760,216320,457.6019084792833,899.1105533986911
6761,216352,242.2969014951055,896.8214699367078
6762,216384,209.5451524608068,896.5830858553812
6763,216416,275.802598429918,856.1599962841855
6764,216448,877.5521157450258,846.9901421279086
6765,216480,1082.7930797695149,855.5749684787614
6766,216512,432.33181201083477,853.640682326316
6767,216544,120.8860659147257,852.8837388360784
6768,216576,678.7205522170751,855.8097999811944
6769,216608,1010.2257860137307,863.6600237425836
6770,216640,366.8352906820124,860.2232525958095
6771,216672,3045.6192346150124,884.1459428116444
6772,216704,270.90688212839643,881.273172074951
6773,216736,349.93218355673343,876.869857966576
6774,216768,1403.8790510508527,888.3117018057127
6775,216800,403.5268851680633,884.2699599195355
6776,216832,2295.068163029375,897.0459007301532
6777,216864,1118.7796402009465,907.725114556964
6778,216896,859.616834470406,912.3459289111602
6779,216928,1079.1006977442303,903.253647667759
6780,216960,961.5115055436465,850.3556287235353
6781,216992,718.0344041813929,826.5706470840627
6782,217024,269.83965177837325,819.5016569841109
6783,217056,22865.284188759317,1046.91246918165
6784,217088,361.7543457728396,1046.283389206276
6785,217120,1108.6428973127788,1040.4559162743415
6786,217152,808.8710960462935,1039.8827556349383
6787,217184,345.34221712578835,1001.5527868972611
6788,217216,517.7135367139027,1004.0707336824709
6789,217248,946.0837872120924,1010.170561668376
6790,217280,383.36449055583654,1008.6469517193485
6791,217312,270.2287775226338,1003.4175327793372
6792,217344,1210.3602365277839,1010.6989552136708
6793,217376,1908.3856577045285,1023.4856620537707
6794,217408,92.5635307935358,1019.351780243739
6795,217440,342.46040192765275,1015.5043413269685
6796,217472,393.9750384089397,1015.6749019142488
6797,217504,322.498569417088,1012.870496710615
6798,217536,639.9928997287925,1016.9803229519054
6799,217568,938.5172445900246,1018.8177915064796
6800,217600,874.0235721032473,1018.5784019312833
6801,217632,379.9048709696368,1020.5215316763996
6802,217664,501.0951342386704,1020.881046143701
6803,217696,274.1628345803969,1018.2239804840176
6804,217728,321.50541901000474,1020.1664961226986
6805,217760,2638.8023183045093,1015.8217413946256
6806,217792,473.939861349057,1017.8225346606566
6807,217824,256.2361017286882,1016.9910744145684
6808,217856,218.43211975275207,992.2624118613962
6809,217888,740.6382743774985,993.7159745764086
6810,217920,234.68173253015576,987.6967156681089
6811,217952,95.2862705747425,984.6567043330916
6812,217984,819.0441026477969,969.348656255545
6813,218016,668.4196642755212,970.8191758982467
6814,218048,419.9109151873397,971.9202603030217
6815,218080,213.9192999635491,972.3164557463646
6816,218112,790.4506630211702,976.1437062015831
6817,218144,749.4107196360502,980.9407108353857
6818,218176,291.1651110781911,979.6048913375214
6819,218208,248.9479003566525,977.7728826568272
6820,218240,463.61041477490784,978.1383825535157
6821,218272,121.34038775883366,971.3222788576918
6822,218304,6056.5344789051305,1018.6000041409831
6823,218336,404.08303099583713,1020.5346331886883
6824,218368,1329.839588535086,1004.8530719304831
6825,218400,768.838793220097,999.5562137921193
6826,218432,421.02569853566405,999.6080321851169
6827,218464,1291.5164336188097,1005.9203202973617
6828,218496,112.47066106421684,1004.3986816606582
6829,218528,266.30664225646404,984.6956482453461
6830,218560,573.139095843864,984.4077013279908
6831,218592,266.12377117351707,967.9514821772548
6832,218624,1166.0179952050155,973.8078411118819
6833,218656,143.67915142692524,970.5992333143327
6834,218688,5148.649338637947,1021.0702039591923
6835,218720,780.9373799994838,1020.8927816333422
6836,218752,685.0318950194142,1021.0541053238304
6837,218784,279.8092404149551,1007.164489393168
6838,218816,6541.021369108351,1063.7773891984382
6839,218848,3967.573468976919,1101.7597591270098
6840,218880,586.6530407879231,1101.4697303045054
6841,218912,336.46734412724413,1102.4707860860947
6842,218944,447.91351695599303,1103.5856940190577
6843,218976,811.9768185907226,1081.9802205850115
6844,219008,732.4048014334285,1085.1650317581991
6845,219040,2537.522443673634,1108.4423217943095
6846,219072,196.86456374937032,1102.8248010041004
6847,219104,1638.098632071521,1114.813596132996
6848,219136,736.3221258158522,1114.5029326442639
6849,219168,620.9256232588211,1108.994324320333
6850,219200,1706.5350825407802,1121.0375092691718
6851,219232,1840.0004211052658,1133.79929113142
6852,219264,297.3333348808062,1133.8483378037065
6853,219296,871.5336426782942,1135.8926873928244
6854,219328,336.5602267672149,1133.1924410806569
6855,219360,5434.927511839937,1180.5240720288182
6856,219392,284.27715223357376,1178.9538225743952
6857,219424,1142.7305578459059,1160.052611677935
6858,219456,137.02884257260874,1149.0073493028528
6859,219488,653.7429804806188,1153.3378969737187
6860,219520,3538.791935835623,1184.149797247282
6861,219552,1073.9803840891848,1192.466632073223
6862,219584,309.34354323408803,1193.4646159809556
6863,219616,179.52025450079648,1192.5017925416644
6864,219648,1582.225526585118,1199.5485266500655
6865,219680,588.3812788978869,1194.6044086413492
6866,219712,503.9237805463233,1195.3203283267042
6867,219744,465.2190516315869,1198.763658183873
6868,219776,238.80970078655375,1194.3645496695676
6869,219808,299.10659596255937,1187.2533577690558
6870,219840,1055.0623025159389,1194.135627887395
6871,219872,678.5137033828687,1170.4645725750736
6872,219904,357.35439966642406,1171.329047750454
6873,219936,591.6394547065189,1173.746120461952
6874,219968,2663.5033504764797,1186.342363456208
6875,220000,271.1630664795828,1185.0187252693233
6876,220032,4208.523073853893,1204.1532743775686
6877,220064,1529.3767994574164,1208.2592459701332
6878,220096,129.01904697242207,1200.9532680951531
6879,220128,584.294442739173,1196.0052055451029
6880,220160,418.5170622480177,1190.5752611121466
6881,220192,291.28586234352656,1186.3077756937678
6882,220224,639.743615449911,1190.006815330483
6883,220256,352.0594375145947,964.8745678180359
6884,220288,287.21566302581454,964.1291809905655
6885,220320,235.23883670130525,955.3951403844508
6886,220352,364.41624033312445,950.9505918273192
6887,220384,809.7366717832064,955.5945363738934
6888,220416,1077.3754496655986,961.1911555034104
6889,220448,854.3540726559995,960.2738583578495
6890,220480,1132.021568961253,967.7604291419036
6891,220512,2629.1710440464094,991.3498518071412
6892,220544,849.1900585430229,987.7381500272936
6893,220576,288.31426953795744,971.5374361456279
6894,220608,1188.5419778973246,982.4972206166659
6895,220640,672.166020199724,985.7942767993867
6896,220672,842.13879798719,990.2759143951691
6897,220704,262.1142733252205,989.6720714342505
6898,220736,190.61100905258473,985.1782525274884
6899,220768,845.4023788524609,984.2471038701128
6900,220800,331.4665167242781,978.8215333163231
6901,220832,866.3841187171579,983.6863257937983
6902,220864,594.584213897569,984.6212165903871
6903,220896,165.3911297770218,983.5334995423534
6904,220928,183.52482646414208,982.153693616895
6905,220960,714.2545445727765,962.9082158795777
6906,220992,111.59287603269779,959.2847460264139
6907,221024,198.25523498868503,958.7049373590139
6908,221056,280.5206762033239,959.3258229235196
6909,221088,5682.501492799482,1008.7444551077393
6910,221120,145.79169481396988,1007.8555547305775
6911,221152,410.42818415247007,1011.0069738663549
6912,221184,591.4402726193179,1008.7309355660701
6913,221216,257.68488691030404,1004.6235877924178
6914,221248,896.4974909376108,1009.3894535499204
6915,221280,370.01534233865914,1010.9504139736716
6916,221312,364.08043681428666,1006.6867117116028
6917,221344,453.62198510756014,1003.728824366318
6918,221376,268.35577206234,1003.5007309761595
6919,221408,1447.8771321005472,1015.4900232935986
6920,221440,521.6530946626423,1016.0704500924759
6921,221472,498.299723279286,1019.8400434476803
6922,221504,412.9069201267952,963.4037678598969
6923,221536,672.2852381156584,966.0857899310951
6924,221568,918.0216531529419,961.9676105772736
6925,221600,419.15938231213255,958.4708164681941
6926,221632,768.1770762860584,961.9423302456979
6927,221664,311.6474198760869,952.1436401082707
6928,221696,374.3547978112019,954.7624814757406
6929,221728,2003.4283269766074,972.133698322942
6930,221760,567.9727433730508,972.0820347982338
6931,221792,686.1362132580762,976.2821592190794
6932,221824,3945.590758623193,1004.0778868532612
6933,221856,190.22633002158736,1004.5433586392079
6934,221888,265.61464167175404,955.7130116695458
6935,221920,2074.8272084887644,968.6519099544387
6936,221952,794.6506603656841,969.7480976079015
6937,221984,566.7936360173509,972.6179415639253
6938,222016,186.52313788302516,909.072959251672
6939,222048,611.6051589243215,875.5132761511462
6940,222080,15530.154044963625,1024.9482861929032
6941,222112,374.8369595303733,1025.3319823469344
6942,222144,1226.4823321356198,1033.1176704987308
6943,222176,1436.0849085314971,1039.3587513981388
6944,222208,223.48205267028789,1034.2695239105071
6945,222240,1148.1008841207986,1020.3753083149786
6946,222272,601.2238468066805,1024.418901145552
6947,222304,1070.5472914476238,1018.7433877393129
6948,222336,194.10095062319093,1013.3211759873864
6949,222368,2107.5950385249066,1028.1878701400472
6950,222400,490.3836536612407,1016.0263558512518
6951,222432,303.34968042524383,1000.6598484444515
6952,222464,508.70326896324264,1002.7735477852758
6953,222496,656.8116726370117,1000.6263280848631
6954,222528,539.6941003784669,1002.6576668209756
6955,222560,509.2923818031398,953.4013155206076
6956,222592,1209.3037587904357,962.6515815861763
6957,222624,413.367001614591,955.3579460238632
6958,222656,292.2250388516916,956.9099079866538
6959,222688,2072.032525870345,971.092803440551
6960,222720,748.481279896582,943.1896968811607
6961,222752,1293.0385895692675,945.3802789359615
6962,222784,246.83394820484563,944.7551829856691
6963,222816,152.89594217504407,944.4889398624116
6964,222848,220.6016366534808,930.8727009630951
6965,222880,2502.542450456545,950.0143126786817
6966,222912,400.4487245791187,948.9795621190096
6967,222944,200.1436697773272,946.328808300467
6968,222976,4297.450285709621,986.9152141496979
6969,223008,340.4923479713592,987.329071669786
6970,223040,3297.636248799143,1009.754811132618
6971,223072,1009.9634299312049,1013.0693083981013
6972,223104,260.31645948618245,1012.0989289962989
6973,223136,403.71690549259284,1010.2197035041596
6974,223168,312.4300989110036,986.7089709885047
6975,223200,706.8524536739751,991.0658648604488
6976,223232,391.33445740533,952.8939786959633
6977,223264,4439.560494862488,981.9958156500139
6978,223296,388.75498037535345,984.5931749840432
6979,223328,706.1586897374539,985.811817454026
6980,223360,815.3530239695033,989.7801770712408
6981,223392,652.1560405179652,993.3888788529854
6982,223424,357.20370975403233,990.5634797960264
6983,223456,1487.2084642480372,1001.9149700633608
6984,223488,563.3628433998915,1004.6764418671016
6985,223520,454.86944151281347,1006.8727479152167
6986,223552,933.0726275366493,1012.5593117872518
6987,223584,690.5728830826476,1011.3676739002462
6988,223616,394.6481787960164,1004.5404011915505
6989,223648,2011.980429926223,1016.1166647642527
6990,223680,314.46997111987054,1007.9411487858388
6991,223712,737.5412152571855,989.0248504979465
6992,223744,746.2215062167319,987.9951649746837
6993,223776,1294.5831324209812,998.0578536035139
6994,223808,1772.9732720705445,1003.9021665452461
6995,223840,125.29005623018662,998.4334069055509
6996,223872,429.7156495964373,994.3091754216434
6997,223904,511.4691629466561,996.8027243178577
6998,223936,702.2169850995527,1001.9187840783273
6999,223968,497.1159392079128,998.4359196818818
7000,224000,268.3850207021657,997.8051047216608
7001,224032,394.12093660445305,993.0824729005337
7002,224064,2483.4410569623997,1011.971041331182
7003,224096,344.6248012747553,1013.7633780461593
7004,224128,424.3992588867278,1016.1721223703852
7005,224160,249.1810461330876,1011.5213873859883
7006,224192,375.8559852085998,1014.1640184777474
7007,224224,147.97008597435737,1013.6611669876041
7008,224256,1472.4775765518066,1025.5807359910889
7009,224288,1559.008316628578,984.34580422938
7010,224320,709.522934990906,989.9831166311493
7011,224352,274.8905238724172,988.6277400283487
7012,224384,697.7527149857616,989.6908644520131
7013,224416,213.30333434226543,989.2470489263327
7014,224448,578.88842775697,986.0709582945263
7015,224480,1143.4234784402565,993.8050396555423
7016,224512,576.2355032906815,995.9265903203061
7017,224544,556.7058836425479,996.957429305656
7018,224576,856.824835213439,1002.8421199371671
7019,224608,136.73705576501587,989.730719173812
7020,224640,736.3657496063131,991.8778457232486
7021,224672,120.1751955489486,988.0966004459451
7022,224704,2880.064726459305,1012.7681785092703
7023,224736,804.4308995180994,1014.0896351232948
7024,224768,2689.5212231141027,1031.8046308229063
7025,224800,982.4786019215632,1037.4378230190007
7026,224832,2690.190683462617,1056.657959090766
7027,224864,2284.2186426721123,1076.3836713187263
7028,224896,12901.957597796545,1201.6596993185797
7029,224928,287.5193812084346,1184.5006098608978
7030,224960,347.5671837742338,1182.2965542649097
7031,224992,2966.314096920977,1205.0983331015386
7032,225024,1207.2601873761387,1177.7150273890682
7033,225056,563.4191173229113,1181.4469552620815
7034,225088,479.35752978670826,1183.5843841432313
7035,225120,4408.5000493844545,1206.921112552188
7036,225152,845.9234109789498,1207.4338400583208
7037,225184,284.79783935644747,1204.613882091712
7038,225216,886.8926669566797,1211.6175773824484
7039,225248,509.8573060562348,1210.6000988537673
7040,225280,193.75583200674154,1057.2361167241984
7041,225312,1112.7945941511587,1064.6156930704062
7042,225344,1608.3771072905156,1068.4346408219553
7043,225376,121.63020996250637,1055.2900938362654
7044,225408,447.1066301674067,1057.5263396112366
7045,225440,1146.2633948660075,1057.5079647186888
7046,225472,109.39952513221596,1052.589721501944
7047,225504,298.2506228262707,1044.8667548157305
7048,225536,439.24150608321247,1047.3181603703308
7049,225568,3972.832857422643,1065.9705385593081
7050,225600,813.5856854498118,1069.2025588771937
7051,225632,2095.311683142689,1087.1221789043684
7052,225664,104.53760960155452,1083.0805223107516
7053,225696,494.726750838611,1081.4596730927676
7054,225728,952.7106933211749,1085.5898390221948
7055,225760,819.5695814875489,1088.6926110190388
7056,225792,526.4632884013183,1081.8642063151478
7057,225824,392.3083642774296,1081.653619941776
7058,225856,323.4410042927303,1081.9657795961864
7059,225888,236.07859466767738,1063.6062402841596
7060,225920,179.5978419804914,1057.9174059049985
7061,225952,4135.39181418839,1086.34093815119
7062,225984,793.0854939645259,1091.8034536087866
7063,226016,1931.008848103088,1109.584582668067
7064,226048,530.7488849761479,1112.6860551512937
7065,226080,834.8157512500146,1096.0087881592283
7066,226112,688.1402242578251,1098.8857031560156
7067,226144,227.985174024529,1099.1641181984876
7068,226176,1698.2347555628228,1073.1719628970195
7069,226208,368.3369764179657,1073.4504091814856
7070,226240,1170.0503207925208,1052.1745499014194
7071,226272,392.86447177146835,1046.0035603198219
7072,226304,716.6945634747242,1050.5673413597074
7073,226336,511.9006474681217,1051.6491787794628
7074,226368,217.6345097280423,1050.701222887633
7075,226400,8832.793597600092,1131.960634326894
7076,226432,499.6408673329457,1133.0436984261703
7077,226464,1614.4316907356429,1104.7924103849018
7078,226496,1322.5121717521174,1114.1299822986696
7079,226528,533.9994323715096,1112.40838972501
7080,226560,189.0518418809582,1106.1453779041246
7081,226592,613.889542862059,1105.7627129275656
7082,226624,1092.8835155057698,1113.1195109850828
7083,226656,1621.9368227141972,1114.4667945697445
7084,226688,123.54644629247699,1110.0686305986703
7085,226720,236.1024957514668,1107.880961141057
7086,226752,914.9097972109084,1107.6993328377996
7087,226784,5682.959657600526,1157.6232005829784
7088,226816,1395.1227059610123,1167.6279458546285
7089,226848,541.2750219447214,1152.9208917748133
7090,226880,432.70579592975963,1154.103250022912
7091,226912,8201.638157144458,1228.7442194417847
7092,226944,552.6331159645889,1226.8083355392635
7093,226976,337.3656568738702,1217.2361607837925
7094,227008,306.9142769448154,1202.575570832535
7095,227040,553.0246950678912,1206.852917220912
7096,227072,230.84310730574268,1204.864191798005
7097,227104,1524.7721512059559,1214.9972216805982
7098,227136,163.51245092394402,1209.610176338842
7099,227168,659.5840450216448,1211.2348573969794
7100,227200,1974.0395390156375,1228.2914025801142
7101,227232,2308.2710680474233,1247.4329038945439
7102,227264,141.93048143619205,1224.017798139282
7103,227296,6591.759287450518,1286.4891430010396
7104,227328,195.91359961768444,1284.2042864083492
7105,227360,103.35752473561142,1282.7460511943743
7106,227392,144.0695613513092,1280.4281869558013
7107,227424,393.6517316877208,1282.8850034129348
7108,227456,199.46188513300194,1270.1548464987468
7109,227488,763.918428326953,1262.2039476157306
7110,227520,1638.5288899134657,1271.4940071649562
7111,227552,1361.4045059660768,1282.359146985893
7112,227584,2867.3820868930443,1304.0554407049658
7113,227616,1025.7514853720143,1312.179922215263
7114,227648,236.28994771574952,1308.753937414851
7115,227680,541.6758394781652,1302.73646102523
7116,227712,2286.270570840645,1319.8368117007294
7117,227744,1289.7914155425883,1327.1676670197303
7118,227776,996.1330016707617,1328.5607486843032
7119,227808,692.6409114198921,1334.119787240852
7120,227840,845.6966286025292,1335.2130960308143
7121,227872,6366.540927419043,1397.6767533495154
7122,227904,342.8287507875286,1372.3043935927976
7123,227936,397.981910396387,1368.2399037015805
7124,227968,275.42650615556676,1344.098956531995
7125,228000,412.59557353090474,1338.400126248088
7126,228032,240.40724002694245,1313.9022918137314
7127,228064,524.2569902818311,1296.3026752898288
7128,228096,1639.7686029042436,1183.6807853409057
7129,228128,3060.766886678458,1211.413260395606
7130,228160,1173.4677732701907,1219.6722662905654
7131,228192,89.58999255091402,1190.9050252468649
7132,228224,409.7364135701702,1182.9297875088052
7133,228256,627.9294266506905,1183.574890602083
7134,228288,312.6699147573334,1181.9080144517895
7135,228320,5499.051570453583,1192.8135296624807
7136,228352,1891.4648403936671,1203.268943956628
7137,228384,601.9672912637969,1206.4406384757015
7138,228416,748.0257984569895,1205.0519697907046
7139,228448,107.68524050180208,1201.03024913516
7140,228480,469.85214351443756,1203.7912122502369
7141,228512,841.3033525660084,1201.0762998343853
7142,228544,468.2887021313555,1189.6754157827936
7143,228576,601.0976904847062,1194.4700905880156
7144,228608,324.02179871212655,1193.2392422734629
7145,228640,860.8322438731766,1190.3849307635346
7146,228672,692.7384324418011,1196.2183198366306
7147,228704,332.11497018599727,1196.556963310228
7148,228736,971.2196772742109,1201.8767450221378
7149,228768,844.2448533895813,1170.5908649818073
7150,228800,130.32733901516346,1163.7582815174608
7151,228832,763.3243321015023,1150.438408007049
7152,228864,427.08710538562605,1153.6639029648898
7153,228896,130.08337354201697,1150.0174691919237
7154,228928,97.9583331582433,1141.4699455902944
7155,228960,2433.766056425065,1157.6119103396697
7156,228992,623.3446352739741,1158.5807238083962
7157,229024,1250.6239984460742,1167.1638801500826
7158,229056,192.42607307238495,1165.853730837879
7159,229088,740.4378656107766,1170.89732354731
7160,229120,2974.4209152045173,1198.8455542795502
7161,229152,303.6259899873195,1160.5278960375394
7162,229184,223.64399353391005,1154.8334810332335
7163,229216,650.386325306702,1142.0272558052695
7164,229248,580.9462976544322,1142.5292299320524
7165,229280,465.7853558991429,1138.838925978544
7166,229312,170.4792047609096,1133.6623157835747
7167,229344,522.4846683765861,1136.6073107270954
7168,229376,252.42912100254,1122.1492543814925
7169,229408,1778.81364660434,1136.2540210833563
7170,229440,610.6152285509805,1130.6596701609408
7171,229472,212.18711347887756,1128.852896578015
7172,229504,349.5711564402478,1125.18166250767
7173,229536,1433.8962055963875,1134.4016180889528
7174,229568,433.96206909406914,1136.5648936826128
7175,229600,232.1812613280702,1050.5587703198926
7176,229632,297.5315586246316,1048.5376772328095
7177,229664,235.24723178927619,1034.7458326433457
7178,229696,2442.527768237809,1045.9459886082027
7179,229728,1838.371084031672,1058.9897051248045
7180,229760,685.0883222773741,1063.9500699287685
7181,229792,192.63422525358234,1059.7375167526836
7182,229824,569.660769394971,1054.5052892915758
7183,229856,738.2327558370752,1045.6682486228044
7184,229888,512.7633865086426,1049.560418024966
7185,229920,784.0131255631218,1055.0395243230826
7186,229952,241.48997637278413,1048.3053261147013
7187,229984,2232.2798050790147,1013.7985275894864
7188,230016,1126.4412504858817,1011.1117130347352
7189,230048,921.3911117943577,1014.9128739332315
7190,230080,1196.2327218208802,1022.5481431921426
7191,230112,435.9083878226023,944.890845498924
7192,230144,638.1928241993879,945.7464425812722
7193,230176,1340.3939391326394,955.7767254038598
7194,230208,220.13465509338013,954.9089291853454
7195,230240,515.0351969812913,954.5290342044796
7196,230272,2846.885192108971,980.6894550525118
7197,230304,834.7881509607951,973.7896150500602
7198,230336,602.2918629982718,978.1774091708036
7199,230368,1475.7951313159956,986.339520033747
7200,230400,264.10350667011653,969.2401597102918
7201,230432,4414.00109369579,990.2974599667756
7202,230464,500.1360241882913,993.8795153942965
7203,230496,696.3491636114778,934.925414155906
7204,230528,1784.2860172818748,950.8091383325478
7205,230560,2404.7165986865557,973.8227290720574
7206,230592,57.48314152441073,972.9568648737885
7207,230624,132.55864989675595,970.3459340558788
7208,230656,1094.8871431681684,979.3001866362305
7209,230688,1528.7403061210255,986.9484054141712
7210,230720,244.21966414346448,973.0053131564712
7211,230752,267.0769586618345,962.0620376834287
7212,230784,455.536793505901,937.9435847495573
7213,230816,574.9238378792578,933.4353082746297
7214,230848,548.3308825487576,936.5557176229598
7215,230880,209.31486254763124,933.2321078536545
7216,230912,1304.6748715042272,923.4161508602904
7217,230944,447.74446518452334,914.9956813567096
7218,230976,403.39655046897104,909.0683168446917
7219,231008,625.6891648419692,908.3987993789124
7220,231040,899.3305072910568,908.9351381657976
7221,231072,139.46698312154015,846.6643987228227
7222,231104,2622.0170490807036,869.4562817057545
7223,231136,1198.3917544450792,877.4603801462413
7224,231168,587.4756827416056,880.5808719121018
7225,231200,244.15052925234303,878.8964214693161
7226,231232,873.4491794176006,885.2268408632227
7227,231264,2557.9254974743612,905.563525935148
7228,231296,313.3397201094627,892.2992371072004
7229,231328,514.7793959674551,866.8393622000904
7230,231360,395.62400235486734,859.0609244909372
7231,231392,284.6752864055657,861.0117774294835
7232,231424,263.5775869924116,859.5501891637058
7233,231456,1650.6412768374623,869.7773076655735
7234,231488,5226.531834757654,918.9159268655768
7235,231520,453.10030130757576,868.4564141741167
7236,231552,728.5479676848774,856.8272454470289
7237,231584,492.8444877813082,855.736017412204
7238,231616,3270.979582801028,880.9655552556443
7239,231648,172.6732552520557,881.6154354031468
7240,231680,535.6288461125733,882.2732024291281
7241,231712,660.7740774918275,880.4679096783864
7242,231744,761.3426313355391,883.3984489704281
7243,231776,91.80960205988946,878.3055680861801
7244,231808,1124.3158748810367,886.3085088478692
7245,231840,1719.9945169136308,894.9001315782738
7246,231872,684.7775890212441,894.8205231440683
7247,231904,527.6583042570545,896.7759564847788
7248,231936,1708.2912276098439,904.1466719881352
7249,231968,2311.559795842872,918.819821412668
7250,232000,2083.773075564579,938.3542787781622
7251,232032,778.4595640347993,938.5056310974951
7252,232064,2424.70580148393,958.4818180584782
7253,232096,1146.9638288724236,968.6506226117823
7254,232128,352.90776307074543,971.2001169109074
7255,232160,413.2914458228525,950.9953708048852
7256,232192,199.26985228738346,946.7546229750192
7257,232224,589.5140024342039,940.1435230149006
7258,232256,1236.4142195438023,950.5834044796146
7259,232288,178.44422655858455,944.9634680890929
7260,232320,1951.050491449979,934.7297638515474
7261,232352,701.5088843461314,938.7085927951356
7262,232384,1728.171869269621,953.7538715524927
7263,232416,793.4603212256212,955.1846115116819
7264,232448,514.9852481245508,954.5250010163829
7265,232480,4677.545522007403,996.6426026774656
7266,232512,674.9051955698236,1001.6868625855546
7267,232544,397.40709603965496,1000.4360868621856
7268,232576,804.2713545129164,1005.9545091972892
7269,232608,2736.0093102562205,1015.5264658338081
7270,232640,1983.216788516076,1029.252481433459
7271,232672,831.6060676161918,1035.4466709748322
7272,232704,362.58369613015185,1035.5767963717312
7273,232736,579.8753297652439,1027.0365876134197
7274,232768,784.317035414417,1030.5401372766232
7275,232800,626.938767936384,1034.4877123427063
7276,232832,170.37564617573378,1033.2161532182174
7277,232864,168.74195822321448,1032.5511004825569
7278,232896,489.8787600371982,1013.0246104005506
7279,232928,344.12768939892334,998.0821764542231
7280,232960,2268.8002011044346,1013.9192952424936
7281,232992,522.3128182424595,1017.2160811723825
7282,233024,5863.074238329184,1070.1502158617247
7283,233056,406.33410291783605,1066.8312293325323
7284,233088,1247.5318460438448,1074.1789139278844
7285,233120,557.9298798019645,1071.918081470273
7286,233152,401.94987364278165,1073.5226804429728
7287,233184,415.66407401862256,1055.3565231323687
7288,233216,741.5717774928795,1051.5078284024387
7289,233248,1385.5073785366837,1056.148991069862
7290,233280,1055.3445154732087,1054.7401090063854
7291,233312,537.2146743969113,1055.7531718721284
7292,233344,405.88398820114736,1053.430083512146
7293,233376,3170.484783063508,1071.7309919514546
7294,233408,366.5773046452797,1073.1954184469737
7295,233440,179.1447755662056,1069.836514232823
7296,233472,717.4927485054594,1048.5425897967878
7297,233504,195.83976884402216,1042.1531059756203
7298,233536,39697.20894146151,1433.1022767602526
7299,233568,1670.59291257451,1435.0502545728375
7300,233600,847.875364766532,1440.8879731538018
7301,233632,485.44377689696785,1401.6023999858137
7302,233664,621.2040411763234,1402.8130801556938
7303,233696,1875.55281365378,1414.605116656117
7304,233728,2896.018000298081,1425.7224364862789
7305,233760,993.8992949307301,1411.6142634487205
7306,233792,501.9110294549881,1416.0585423280263
7307,233824,651.7513129435486,1421.2504689584944
7308,233856,1560.0784411755958,1425.9023819385684
7309,233888,991.9208141985091,1420.5341870193433
7310,233920,350.45996242058715,1421.5965900021147
7311,233952,649.7568853775563,1425.423389269272
7312,233984,19405.254278259865,1614.9205641168116
7313,234016,1150.6143504590584,1620.6774692426097
7314,234048,202.22570909472398,1617.2164175080695
7315,234080,2197.9090115789772,1637.102358998383
7316,234112,707.0740993299021,1631.1263512766398
7317,234144,419.5755333395872,1630.8446619581903
7318,234176,813.2629154008832,1634.9433256075095
7319,234208,504.4961032102786,1633.7313949911922
7320,234240,617.173018935809,1630.9098201076397
7321,234272,776.6587984981643,1637.281738261406
7322,234304,1329.2001818348333,1624.3535695889475
7323,234336,312.31536604206735,1615.4928057049176
7324,234368,479.8307214118833,1614.4163560916202
7325,234400,647.2789160779316,1618.447639959876
7326,234432,565.1266552159605,1615.3644147178593
7327,234464,1351.701164286126,1603.302171385977
7328,234496,1874.463828909129,1618.9134124739735
7329,234528,703.8369687417999,1620.803988201717
7330,234560,1327.608258486626,1630.123830763035
7331,234592,247.30917151797712,1629.7501696141592
7332,234624,736.0528696610216,1634.4749224408451
7333,234656,107.85386101875272,1619.047048282658
7334,234688,851.4849459241578,1575.2965793943229
7335,234720,531.816709499064,1576.0837434762377
7336,234752,3582.799063646784,1604.6262544358567
7337,234784,153.08970003873878,1601.228706558431
7338,234816,742.8793411946554,1575.9477041423675
7339,234848,621.4963742396403,1580.4359353322432
7340,234880,1526.5033026797817,1590.344679897915
7341,234912,905.0424638125114,1592.787363761122
7342,234944,707.9480318210509,1592.253417765977
7343,234976,551.2384963505664,1596.8477067088838
7344,235008,277.18497041559937,1588.3763976642297
7345,235040,788.8713131380518,1579.0651656264738
7346,235072,219.5749442282488,1574.4131391785438
7347,235104,1669.2881855691262,1585.8294379916645
7348,235136,368.7300888706691,1572.4338266042728
7349,235168,230.65895204267227,1551.6248181662709
7350,235200,634.5873064176749,1537.1329604748018
7351,235232,389.9381894407013,1533.2477467288609
7352,235264,296.97662030951113,1511.9704549171167
7353,235296,1060.056114845395,1511.1013777768467
7354,235328,249.11394292992256,1510.0634395754382
7355,235360,2435.240371874209,1530.282928835952
7356,235392,942.448062447178,1537.7147109375499
7357,235424,7280.387116817888,1604.6234420813867
7358,235456,310.21782072885213,1595.3614780932369
7359,235488,314.32311458098155,1596.7202669734609
7360,235520,154.06514026023947,1578.7504134615635
7361,235552,431.7556176396418,1576.0528807944986
7362,235584,762.9721217440729,1566.4008833192433
7363,235616,1036.7758842284704,1568.8340389492719
7364,235648,980.1655443500254,1573.4858419115264
7365,235680,1621.9543028973694,1542.9299297204261
7366,235712,650.1642196459547,1542.6825199611876
7367,235744,1680.1455260083342,1555.5099042608742
7368,235776,594.8397849089951,1553.415588564835
7369,235808,180.08839878763376,1527.856379450149
7370,235840,3714.502737084362,1545.1692389358318
7371,235872,441.67393490562483,1541.2699176087262
7372,235904,802.5225695209781,1545.6693063426349
7373,235936,558.9529305223689,1545.460082350206
7374,235968,233.07244399998123,1539.9476364360617
7375,236000,319.0481115935597,1536.8687298726334
7376,236032,612.3244914621058,1541.288218325497
7377,236064,266.0354502480145,1542.261153245745
7378,236096,146.8932242734086,1538.831297888107
7379,236128,1217.3711699943683,1547.5637326940614
7380,236160,2264.581190227347,1547.5215425852907
7381,236192,716.6378295468841,1549.4647926983348
7382,236224,584.3463849501347,1496.6775141645444
7383,236256,561.1313600164915,1498.2254867355311
7384,236288,488.29274008418514,1490.6330956759346
7385,236320,1622.4373079587115,1501.278169957502
7386,236352,1113.9159325681726,1508.397830546756
7387,236384,229.91976263014385,1506.5403874328713
7388,236416,1821.621695183852,1517.340886609781
7389,236448,659.6888494532091,1510.082701318946
7390,236480,958.2706182495117,1509.111962346709
7391,236512,323.29261440444026,1506.972741746784
7392,236544,155.43956757933643,1504.468297540566
7393,236576,351.8332684779346,1476.2817823947103
7394,236608,572.2913836274738,1478.3389231845324
7395,236640,307.80335126129995,1479.6255089414833
7396,236672,285.15775479461735,1475.302159004375
7397,236704,252.91130188857895,1475.8728743348204
7398,236736,775.5296399992047,1086.6560813201972
7399,236768,1515.9598388629759,1085.109750583082
7400,236800,388.04446459662535,1080.5114415813828
7401,236832,264.87805895320747,1078.3057844019454
7402,236864,63.0007891347296,1072.7237518815296
7403,236896,2973.7670950198944,1083.7058946951906
7404,236928,524.5286231282334,1059.991000923492
7405,236960,17307.63229757456,1223.1283309499304
7406,236992,125.66505599308965,1219.3658712153115
7407,237024,335.4536851719214,1216.202894937595
7408,237056,200.25221174805657,1202.6046326433197
7409,237088,287.0197393060908,1195.5556218943955
7410,237120,319.6804265528325,1195.2478265357179
7411,237152,277.9194064449844,1191.5294517463924
7412,237184,357.10657206947354,1001.0479746844884
7413,237216,3076.0068463758494,1020.3018996436563
7414,237248,140.01220383483124,1019.6797645910573
7415,237280,1297.9591077973516,1010.680265553241
7416,237312,340.7007301549667,1007.0165318614917
7417,237344,127.09680182948597,1004.0917445463907
7418,237376,165.98185263379008,997.6189339187198
7419,237408,1786.7544031477428,1010.4415169180945
7420,237440,739.0371509328847,1011.6601582380652
7421,237472,399.1661161388455,1007.8852314144721
7422,237504,121.25381101827485,995.8057677063066
7423,237536,258.5129147537579,995.2677431934234
7424,237568,2612.2376532704593,1016.5918125120091
7425,237600,930.9756955631944,1019.4287803068619
7426,237632,781.2689668074687,1021.5902034227769
7427,237664,3219.3066279940786,1040.2662580598562
7428,237696,758.045010113564,1029.1020698719008
7429,237728,377.57778325107904,1025.8394780169936
7430,237760,267.1668129367381,1015.2350635614946
7431,237792,408.47872205766464,1016.8467590668915
7432,237824,1284.3441151277611,1022.3296715215589
7433,237856,669.4421016561652,1027.9455539279331
7434,237888,759.9871504649792,1027.0305759733412
7435,237920,2021.9335542236108,1041.9317444205867
7436,237952,237.49841871248023,1008.4787379712436
7437,237984,152.26805476216697,1008.4705215184779
7438,238016,1723.4864135047233,1018.2765922415787
7439,238048,960.975446593027,1021.6713829651125
7440,238080,248.31765541907123,1008.8895264925053
7441,238112,17503.829873501327,1174.8774005893936
7442,238144,1062.47827022682,1178.4227029734511
7443,238176,172.21353793474267,1174.632453389293
7444,238208,96.85588368916392,1172.8291625220286
7445,238240,338.3964510087501,1168.3244139007359
7446,238272,380.85186755974735,1169.9371831340507
7447,238304,825.8350771427955,1161.5026520497872
7448,238336,446.0800910771148,1162.2761520718518
7449,238368,357.2235282950414,1163.5417978343758
7450,238400,303.67678218623047,1160.232692592061
7451,238432,497.1177792271941,1161.304488489926
7452,238464,628.778787217687,1164.6225101590078
7453,238496,446.36583073800716,1158.4856073179337
7454,238528,558.0988932396992,1161.5754568210316
7455,238560,634.4135012630618,1143.5671881149203
7456,238592,145.76634663168318,1135.6003709567653
7457,238624,523.501355696976,1068.0315133455563
7458,238656,447.65139087587744,1069.4058490470263
7459,238688,213.91067487316798,1068.4017246499482
7460,238720,1700.4242251726332,1083.865315499072
7461,238752,722.6046287387991,1086.7738056100636
7462,238784,269.0418117512533,1081.8345025101353
7463,238816,4022.393163424776,1111.6906753020985
7464,238848,361.7661142294929,1105.5066810008934
7465,238880,919.686870602521,1098.4840066779448
7466,238912,122.99256215506979,1093.2122901030357
7467,238944,241.93610438103002,1078.8301958867628
7468,238976,265.15804855384573,1075.5333785232112
7469,239008,343.1855995268963,1077.164350530604
7470,239040,697.0185472925218,1046.9895086326858
7471,239072,298.10669881811134,1045.5538362718105
7472,239104,196.3702310693278,1039.492312887294
7473,239136,5298.399921186544,1086.8867827939357
7474,239168,865.4738458452033,1093.210796812388
7475,239200,429.7069095048511,1094.3173847915007
7476,239232,956.5159298623793,1097.7592991755034
7477,239264,344.72623233763716,1098.5462069963996
7478,239296,523.4512918390305,1102.3117876720557
7479,239328,893.0485281297487,1099.0685612534096
7480,239360,1365.7932586218644,1090.0806819373552
7481,239392,336.91236045717426,1086.283427246458
7482,239424,283.74561666368743,1083.2774195635934
7483,239456,948.0127407586582,1087.1462333710153
7484,239488,617.7686485106608,1088.44099245528
7485,239520,478.13004525740405,1076.9979198282667
7486,239552,2389.504699283204,1089.753807495417
7487,239584,867.9756587280148,1096.1343664563956
7488,239616,2108.3554264929053,1099.001703769486
7489,239648,988.6265663452165,1102.2910809384061
7490,239680,355.3234017172159,1096.2616087730833
7491,239712,251.4427748334241,1095.543110377373
7492,239744,718.2358862926956,1101.1710735645067
7493,239776,156.90668586972905,1099.221807738425
7494,239808,248.1643971464327,1095.9805378736146
7495,239840,360.6782028294226,1096.5092863892958
7496,239872,246.69715427140127,1096.1246803840636
7497,239904,273.4488687655164,1096.3300560528328
7498,239936,346.2539083459389,1092.0372987363
7499,239968,674.127634088533,1083.618976688556
7500,240000,383.75376963503714,1083.57606973894
7501,240032,1422.871576737521,1095.156004916783
7502,240064,405.9192169036373,1098.5851891944722
7503,240096,79.70022433409243,1069.6445204876143
7504,240128,516.4829854857963,1069.56406411119
7505,240160,277.88937196359063,899.2666348550799
7506,240192,260.89389970376385,900.6189232921867
7507,240224,453.62892351360006,901.8006756756034
7508,240256,88.29555815338495,900.6811091396567
7509,240288,1184.4365882108575,909.6552776287044
7510,240320,172.4684764395407,908.1831581275716
7511,240352,497.4702195870336,910.3786662589922
7512,240384,2552.071476130896,932.3283152996063
7513,240416,420.462115963295,905.7728679954805
7514,240448,765.4675712268698,912.0274216694011
7515,240480,303.26580621300445,902.0804886535576
7516,240512,711.0049938545254,905.7835312905532
7517,240544,631.0085455830108,910.8226487280884
7518,240576,527.055927944838,914.4333894811989
7519,240608,751.987819974455,904.085723649466
7520,240640,5085.513677048241,947.5504889106196
7521,240672,500.4117970780765,948.562945720012
7522,240704,336.97323442839735,950.7201399541132
7523,240736,472.43514724803657,952.859362279056
7524,240768,402.9468574233676,930.766454320585
7525,240800,2300.028701676827,944.4569843817214
7526,240832,122.46229159843931,937.868917629631
7527,240864,407.5109869169044,909.7509612188593
7528,240896,3043.908936693041,932.609600484654
7529,240928,1055.7056959246345,939.3908796113897
7530,240960,2043.8357637337795,957.1575691193601
7531,240992,5043.113192739537,1003.5039138261789
7532,241024,284.12291645069206,993.5017018394082
7533,241056,943.59485446425,996.2432293674891
7534,241088,1284.202663645511,1001.4853844992944
7535,241120,249.3095791466336,983.7591447485245
7536,241152,1674.6538351283455,998.1306989126832
7537,241184,109.28222390303289,997.7008406040917
7538,241216,609.7632229562672,986.5636086986071
7539,241248,524.6313575381062,982.2001678080579
7540,241280,595.9844685706406,985.6768359395737
7541,241312,645.7804503757206,817.0963417083177
7542,241344,713.9063209237898,813.6106222152873
7543,241376,212.4994184181437,814.0134810201214
7544,241408,1735.2363166303032,830.3972853495327
7545,241440,254.8012700266222,829.5613335397114
7546,241472,394.86150603144245,829.7014299244283
7547,241504,199.98130724261975,823.4428922254266
7548,241536,606.7937385061246,825.0500286997167
7549,241568,406.76240573929437,825.5454174741592
7550,241600,918.801437990864,831.6966640322055
7551,241632,116.40561896475315,827.8895424295812
7552,241664,3053.6383453128105,852.1381380105324
7553,241696,535.9481277916144,853.0339609810686
7554,241728,418.03497719631633,851.6333218206348
7555,241760,330.8920473711613,848.5981072817158
7556,241792,1050.1129573191145,857.6415733885901
7557,241824,4495.781977332817,897.3643796049485
7558,241856,206.5415701533575,894.9532813977232
7559,241888,456.67085872294405,897.380883236221
7560,241920,231.68970784381713,882.6935380629328
7561,241952,5045.632792475401,925.9238197002987
7562,241984,197.78819592798183,925.2112835420661
7563,242016,2384.473933233182,908.8320912401502
7564,242048,1418.8473012343713,919.402903110199
7565,242080,383.48317179948054,914.0408661221686
7566,242112,546.3838354792589,918.2747788554105
7567,242144,1207.1011790432462,927.9264296020326
7568,242176,2155.903671410934,946.8338858306035
7569,242208,8398.55150057165,1027.387544841051
7570,242240,394.84191749284355,1024.3657785430541
7571,242272,400.341850125863,1025.3881300561316
7572,242304,562.4259669158281,1029.0486874145968
7573,242336,4981.555654353429,1025.8802447462656
7574,242368,449.2443875686654,1021.7179501635001
7575,242400,808.863352631818,1025.5095145947698
7576,242432,297.30469958074093,1018.9174022919534
7577,242464,832.9992688820183,1023.8001326573972
7578,242496,579.1955576420075,1024.357575315427
7579,242528,976.4750790114922,1025.1918408242445
7580,242560,337.5634589466103,1014.9095428274921
7581,242592,159.5118273353062,1013.1355374962733
7582,242624,777.3041852610812,1018.0711231822472
7583,242656,901.2609175195538,1017.6036049498562
7584,242688,294.1086052559853,1014.3670045173094
7585,242720,243.63536218731323,1012.0220576866085
7586,242752,738.2811330106795,995.5098220238833
7587,242784,5068.845555718678,1037.51852099379
7588,242816,484.98411708025736,1021.2848078996636
7589,242848,629.7825944031077,1017.6963681802424
7590,242880,582.6785224728388,1019.9699193877987
7591,242912,623.1072344529509,1023.6865639839939
7592,242944,731.4634782361019,1023.8188399034279
7593,242976,1465.6675118567643,1036.9064481632984
7594,243008,1236.8266138652245,1046.7930703304862
7595,243040,367.7492052587945,1046.86378035478
7596,243072,2109.2570359407437,1065.4893791714733
7597,243104,264.95254140036525,1065.4044158978218
7598,243136,623.811923503955,1068.179996049402
7599,243168,481.54347269289605,1066.2541544354456
7600,243200,6002.215269701788,1122.438769436113
7601,243232,228.02805030715686,1110.4903341718095
7602,243264,172.03482606204614,1108.1514902633937
7603,243296,486.26373548919844,1112.2171253749448
7604,243328,1365.9447535426916,1120.7117430555136
7605,243360,6883.204848134168,1186.7648978172194
7606,243392,657.295061035704,1190.7289094305388
7607,243424,334.8907542730478,1189.5415277381333
7608,243456,665.7644397851311,1195.3162165544509
7609,243488,1445.5501210494594,1197.9273518828368
7610,243520,853.2237641449891,1204.7349047598912
7611,243552,138.77877757659786,1201.1479903397867
7612,243584,382.7542174942044,1179.4548177534195
7613,243616,1931.6132944369958,1194.5663295381567
7614,243648,335.3847611163426,1190.2655014370514
7615,243680,641.1849255531965,1193.6446926304534
7616,243712,142.61023439256087,1187.9607450358337
7617,243744,508.2181555464741,1186.7328411354686
7618,243776,513.12694365164,1186.5935512925366
7619,243808,340.25839718648854,1182.476257064657
7620,243840,905.7041040790799,1140.6781613349654
7621,243872,324.84382732604865,1138.9224816374451
7622,243904,296.98030034807374,1138.5225522966418
7623,243936,536.1744118294797,1139.1599449424564
7624,243968,432.1974906032997,1139.4524512742557
7625,244000,1006.4076693375571,1126.516240950863
7626,244032,335.70262444718765,1128.6486442793503
7627,244064,344.38218706576856,1128.017356280839
7628,244096,167.43470119131882,1099.2526139258218
7629,244128,6411.661880235153,1152.8121757689269
7630,244160,1465.1357462844678,1147.025175594434
7631,244192,149.9954776148178,1098.0939984431866
7632,244224,632.261522046108,1101.575384499141
7633,244256,199.3443155676737,1094.132879110175
7634,244288,496.5233763318632,1086.2560862370383
7635,244320,286.63682362690463,1086.629358681841
7636,244352,198.14140296252194,1071.864234360183
7637,244384,838.6874584877561,1079.1582867060304
7638,244416,250.0000080482075,1075.5606545569499
7639,244448,1023.1147377419072,1080.545488358988
7640,244480,1475.81567819797,1089.343800455261
7641,244512,697.7097812025313,1089.8630937635294
7642,244544,384.3483258653082,1086.5675138129445
7643,244576,872.2044063737991,1093.1645636925007
7644,244608,2009.746033178961,1095.9096608579873
7645,244640,259.0240759434773,1095.9518889171559
7646,244672,418.250527788374,1096.1857791347252
7647,244704,484.17757529528626,1099.0277418152518
7648,244736,319.70465347336966,1096.1568509649244
7649,244768,450.22741786970147,1096.5915010862286
7650,244800,347.57220549352235,1090.879208761255
7651,244832,621.1327787629078,1095.9264803592366
7652,244864,1024.0061504162284,1075.6301584102705
7653,244896,3321.3476572676527,1103.4841537050308
7654,244928,414.2103054514531,1103.4459069875822
7655,244960,1391.7944177510155,1114.054930691381
7656,244992,1144.2820007699245,1114.9966211258893
7657,245024,361.8259531898703,1073.6570608844597
7658,245056,1427.603799659152,1085.8676831795176
7659,245088,412.8752564616628,1085.4297271569048
7660,245120,296.25962612956346,1086.075426339762
7661,245152,815.6862974618292,1043.7759613896264
7662,245184,150.91030261780682,1043.3071824565247
7663,245216,138.34876890393087,1020.8459308132324
7664,245248,429.74646991939915,1010.9549225000825
7665,245280,723.9707663876964,1014.3597984459647
7666,245312,209.9254422791436,1010.9952145139636
7667,245344,464.6882827364011,1003.5710855508952
7668,245376,190.37067570083207,983.9157555937942
7669,245408,507.2871057901349,905.003111645979
7670,245440,508.3638620733123,906.1383310917837
7671,245472,229.40904227837723,904.4290030133089
7672,245504,1239.8378054190766,911.2031213983414
7673,245536,3348.855638853251,894.8761212433395
7674,245568,385.2837073337055,894.2365144409899
7675,245600,554.3173086130065,891.6910540008017
7676,245632,135.93455818909013,890.0773525868852
7677,245664,182.0374967119564,883.5677348651848
7678,245696,974.3428033343423,887.5192073221082
7679,245728,654.5579556872959,884.3000360888662
7680,245760,982.9731837708833,890.7541333371088
7681,245792,1167.0882730869735,900.8298977946255
7682,245824,369.85974570818394,896.7554533990966
7683,245856,283.4382951099748,890.5772271750008
7684,245888,144.0118115794908,889.0762592382358
7685,245920,2715.7644981136855,913.7975505974995
7686,245952,647.670533514969,912.8914446025425
7687,245984,741.9485981081963,869.6224750264375
7688,246016,389.65934985211385,868.6692273541562
7689,246048,642.9945078488879,868.8013464886141
7690,246080,354.76645088100656,866.5222257726956
7691,246112,1680.5417434935746,877.0965708631019
7692,246144,142.84926439732263,871.210428724714
7693,246176,365.6664184335647,860.210417790482
7694,246208,459.8924641483602,852.4410762933134
7695,246240,322.2751604093498,851.9863358448189
7696,246272,398.0248441796174,834.8740139272077
7697,246304,1219.4770720618194,844.4192592338222
7698,246336,425.66664883419526,842.4378064871246
7699,246368,488.25080297806545,842.5048797899764
7700,246400,597.3932333328881,788.4566594262873
7701,246432,2523.8454270207694,811.4148331934234
7702,246464,277.9062004732676,812.4735469375356
7703,246496,629.5674271484004,813.9065838541277
7704,246528,480.9323179553583,805.0564594982543
7705,246560,880.2396939077788,745.0268079559903
7706,246592,669.3291704727752,745.1471490503611
7707,246624,956.3612149078098,751.3618536567087
7708,246656,874.4856469452644,753.4490657283102
7709,246688,773.4312513438189,746.7278770312538
7710,246720,7639.550907111329,814.5911484609172
7711,246752,326.81096127270155,816.4714702978782
7712,246784,498.6029814570857,817.6299579375071
7713,246816,608.803959570948,804.4018645888465
7714,246848,1338.6016070177102,814.4340330478601
7715,246880,824.4972297903481,816.2671560902318
7716,246912,446.6959225303259,819.3080129716094
7717,246944,658.6487785544525,820.8123192016892
7718,246976,157.15213677510783,817.2525711329238
7719,247008,899.270016657184,822.8426873276306
7720,247040,236.23762216743748,816.1480225085143
7721,247072,319.0170229344527,816.0897544645984
7722,247104,213.9589753793022,815.2595412149107
7723,247136,536.4002741962596,815.2617998385786
7724,247168,347.8789520412096,814.4186144529575
7725,247200,277.1170238702638,807.1257079982846
7726,247232,3482.951337356523,838.598195127378
7727,247264,1049.727013274861,845.651643389469
7728,247296,1009.7584211162797,854.0748805887184
7729,247328,85.6615801356336,790.8148775877233
7730,247360,1365.1918789867586,789.8154389147462
7731,247392,495.13538845400035,793.2668380231381
7732,247424,312.49967464007784,790.069219549078
7733,247456,247.4833983436755,790.5506103768379
7734,247488,522.5555474526514,790.8109320880457
7735,247520,925.8665753587768,797.2032296053643
7736,247552,695.1045439026165,802.1728610147653
7737,247584,1084.8788949598118,804.6347753794859
7738,247616,860.0001718206775,810.7347770172106
7739,247648,217.2016643589833,802.6756462833813
7740,247680,1735.450372206695,805.2719932234685
7741,247712,1218.6555034527178,810.4814504459704
7742,247744,270.347017928325,809.3414373666006
7743,247776,813.6894165367953,808.7562874682305
7744,247808,529.958136690008,793.9584085033409
7745,247840,1244.09361668179,803.8091039107242
7746,247872,708.7039730757862,806.7136383635983
7747,247904,276.47922718688216,804.6366548825142
7748,247936,242.74722704733685,803.8670806182539
7749,247968,1074.4523490348388,810.1093299299052
7750,248000,357.6955315744306,810.2105631907142
7751,248032,529.0340253397087,809.2895756564823
7752,248064,141.7005461100655,800.4665196134206
7753,248096,470.29991987328964,771.956042239477
7754,248128,95.79788218584851,768.771918006821
7755,248160,594.2763556715661,760.7967373860265
7756,248192,732.5227160023719,756.679144538351
7757,248224,1276.4219121121114,765.8251041275734
7758,248256,214.8718549452386,753.6977846804343
7759,248288,169.2183698821318,751.2612158146388
7760,248320,763.8491209340239,755.9371107626836
7761,248352,599.0652741873021,753.7709005299382
7762,248384,570.323061335035,757.9650281171105
7763,248416,286.414219627602,759.4456826243473
7764,248448,3332.308652126374,788.471304446417
7765,248480,145.57558838275435,782.6873526663676
7766,248512,266.38033886205375,783.2519016321968
7767,248544,380.1962840233131,782.4069816450659
7768,248576,282.00948180430805,783.3233697061007
7769,248608,214.6971681147199,780.3974703293466
7770,248640,784.2218144166095,783.1560498527795
7771,248672,590.3858265699263,786.7658176956949
7772,248704,1176.2242754885226,786.1296823963894
7773,248736,149.9465350186219,754.1405913580431
7774,248768,188.15372080300725,752.1692914927362
7775,248800,605.8868390028524,752.6849867966348
7776,248832,591.0205565545057,757.2358467802889
7777,248864,2363.7146823665826,779.0526186368352
7778,248896,199.53322421388745,771.3045228456306
7779,248928,313.0893816528679,767.8898371052861
7780,248960,575.1607786954605,763.811713054532
7781,248992,356.2416096723211,755.7032464203854
7782,249024,243.3374515655498,754.438023478959
7783,249056,673.204021076789,758.3356807386272
7784,249088,1222.6463519389235,769.1220261422214
7785,249120,221.86939077143097,744.1830750687989
7786,249152,129.63788762383277,739.0027486098876
7787,249184,492.5354412095194,736.5086170409008
7788,249216,502.5015989768163,737.6370395321478
7789,249248,384.98378419085316,735.0569322955677
7790,249280,654.7411142732556,738.0566789294901
7791,249312,134.76237007256262,722.59888519528
7792,249344,864.8438692437672,729.8188312437445
7793,249376,10227.62696052912,828.4384366647
7794,249408,3936.4636496481703,863.2041485196982
7795,249440,370.1382402931562,863.6827793185362
7796,249472,1384.5100880862176,873.5476317576021
7797,249504,1411.8857416185022,875.471718453169
7798,249536,250.75311260655076,873.7225830908927
7799,249568,936.6267014459559,878.2063420755715
7800,249600,1651.324383995646,888.745653582199
7801,249632,675.1657883005381,870.2588571949966
7802,249664,1288.8125252849352,880.3679204431133
7803,249696,339.8248043095965,877.4704942147252
7804,249728,143.6197724713682,874.0973687598853
7805,249760,193.13528550412215,867.2263246758489
7806,249792,977.7897727879831,870.3109306990009
7807,249824,1939.8184004171458,880.1455025540943
7808,249856,648.7994620115184,877.8886407047568
7809,249888,537.1324485352781,875.5256526766714
7810,249920,340.84984838422235,802.5386420894002
7811,249952,1685.5935164303917,816.1264676409772
7812,249984,360.9274104408341,814.7497119308148
7813,250016,3834.0000292796567,847.0016726279018
7814,250048,243.3162913438148,836.0488194711629
7815,250080,1551.7022134022848,843.3208693072822
7816,250112,1921.7302442072378,858.0712125240515
7817,250144,156.21635280249274,853.0468882665318
7818,250176,554.5380725930278,857.0207476247109
7819,250208,598.3747302845231,854.0117947609843
7820,250240,1206.0792016674225,863.7102105559842
7821,250272,554.8143821551034,866.0681841481905
7822,250304,500.41747047086056,868.9327690991062
7823,250336,288.93286102009046,866.4580949673446
7824,250368,1627.8736449253208,879.2580418961855
7825,250400,221.56316172916664,878.7025032747746
7826,250432,801.0025602596818,851.8830155038062
7827,250464,1358.3580473759996,854.9693258448176
7828,250496,140.72358212259743,846.2789774548808
7829,250528,366.14651013104464,849.083826754835
7830,250560,173.65670722417707,837.1684750372091
7831,250592,124.63083098892483,833.4634294625585
7832,250624,117.75468851812965,831.515979601339
7833,250656,2941.43396953896,858.4554853132918
7834,250688,362.3497453452812,856.8534272922182
7835,250720,984.1188257759046,857.4359497963893
7836,250752,1192.4004216627468,862.4089085739906
7837,250784,1581.1796289586373,867.3719159139789
7838,250816,885.5507562283195,867.6274217580553
7839,250848,2059.587555461253,886.0512806690781
7840,250880,171.27913397658853,870.409568286777
7841,250912,136.2563028106067,859.5855762803558
7842,250944,359.4485332772219,860.4765914338448
7843,250976,166.63381363226424,854.0060354047995
7844,251008,482.6836329738084,853.5332903676375
7845,251040,2641.040395090334,867.5027581517229
7846,251072,156.75545928504695,861.9832730138155
7847,251104,20342.047348115837,1062.638954223105
7848,251136,737.6207960911019,1067.5876899135426
7849,251168,567.2639526123988,1062.5158059493183
7850,251200,281.82302651713604,1061.7570808987452
7851,251232,2646.8309357685944,1082.9350500030341
7852,251264,299.41092748493986,1084.512153816783
7853,251296,473.6504799833371,1084.5456594178838
7854,251328,359.36151569871026,1087.1812957530124
7855,251360,368.9158158168756,1084.9276903544655
7856,251392,953.0340000423937,1087.1328031948653
7857,251424,1170.3172002557799,1086.071756076302
7858,251456,121.80483929242253,1085.1410859197738
7859,251488,532.2437856410014,1088.7713400773625
7860,251520,678.3676518524153,1087.9165253865463
7861,251552,587.7635690916594,1087.80350833559
7862,251584,1186.7247288546278,1093.967525010786
7863,251616,2040.5821496396156,1111.5092043109062
7864,251648,167.8964693634558,1079.8650824832769
7865,251680,149.33226566511317,1079.9026492561006
7866,251712,424.71961391034966,1081.4860420065836
7867,251744,912.2234457276762,1086.8063136236271
7868,251776,546.0546636965807,1089.44676544255
7869,251808,2331.0774936994126,1110.610568698397
7870,251840,211.22072001884325,1104.8805577544192
7871,251872,360.00122906884326,1102.5767117794082
7872,251904,664.6100576885236,1097.4605696014082
7873,251936,662.877756202647,1102.5898818132484
7874,251968,766.1838753995871,1108.3701833592143
7875,252000,4439.202917782155,1146.7033441470073
7876,252032,291.77477080006275,1143.7108862894631
7877,252064,704.4308349648404,1127.1180478154456
7878,252096,888.9035780287337,1134.0117513535938
7879,252128,997.5120194546282,1140.8559777316113
7880,252160,86.90008561375808,1135.9733708007943
7881,252192,292.92449534786437,1135.3401996575499
7882,252224,711.8094656178051,1140.0249197980727
7883,252256,214.1439931514107,1135.434319518819
7884,252288,2657.032922673778,1149.7781852261676
7885,252320,472.5705036664174,1152.285196355117
7886,252352,563.9812432133494,1156.6286299110125
7887,252384,2037.708652861981,1172.0803620275371
7888,252416,1730.1423765849563,1184.3567698036186
7889,252448,1624.689184889146,1196.7538238106015
7890,252480,3477.741936101274,1224.9838320288818
7891,252512,210.05639031799632,1225.736772231336
7892,252544,764.9711493582683,1224.7380450324808
7893,252576,1187.7598163678308,1134.339373590868
7894,252608,294.30887985463465,1097.9178258929328
7895,252640,437.41823864411646,1098.5906258764421
7896,252672,287.9873019450434,1087.6253980150307
7897,252704,107.55229910872795,1074.582063589933
7898,252736,890.0425499638601,1080.974957963506
7899,252768,1547.6530976388376,1087.085221925435
7900,252800,442.03135865101797,1074.9922916719886
7901,252832,1034.841793961411,1078.5890517285973
7902,252864,992.9616517719661,1075.6305429934675
7903,252896,875.3931597882971,1080.9862265482545
7904,252928,437.4329971321019,1083.924358794862
7905,252960,13230.91869826692,1214.30219292249
7906,252992,179.20932957599132,1206.31638849037
7907,253024,352.6128999809166,1190.4443334860075
7908,253056,429.94741535841143,1188.2558130194764
7909,253088,581.4463228941263,1188.698951763065
7910,253120,2235.246989505056,1207.6429231742732
7911,253152,381.20254456777565,1194.599013455647
7912,253184,328.23946790848805,1194.2721340303237
7913,253216,402.667749498635,1159.9588112325137
7914,253248,425.1738686704213,1161.7773870057795
7915,253280,818.4683299476892,1154.4450481712336
7916,253312,1230.39444313008,1147.531690160462
7917,253344,153.6760240994127,1147.5062868734312
7918,253376,586.3356374618984,1147.8242625221199
7919,253408,1001.0891702724211,1151.851406921999
7920,253440,3675.867852234845,1176.549293427673
7921,253472,496.4670257413733,1175.9658198635354
7922,253504,988.3908905422696,1180.8455540642497
7923,253536,5935.114059890994,1237.3073660529587
7924,253568,731.6207998846533,1228.344837602552
7925,253600,1592.7786505031504,1242.056992490292
7926,253632,4387.1913994274455,1277.9188808819697
7927,253664,1138.1116494450155,1275.71641690266
7928,253696,734.8796273667808,1281.657977355102
7929,253728,901.4479094790162,1287.0109913485817
7930,253760,619.644433166744,1291.470868608007
7931,253792,629.8822237804433,1296.5233825359223
7932,253824,861.7169098101331,1303.9630047488424
7933,253856,956.6178209300814,1284.1148432627535
7934,253888,2695.450991917982,1307.4458557284806
7935,253920,934.4122382409079,1306.9487898531308
7936,253952,462.4505892879266,1299.6492915293827
7937,253984,695.8076612704843,1290.795571852501
7938,254016,129.4444555968858,1283.2345088461866
7939,254048,395.2681502926104,1266.5913147945
7940,254080,981.3701436395183,1274.6922248911292
7941,254112,730.7929445430071,1280.6375913084532
7942,254144,449.86892077972766,1281.5417951834784
7943,254176,522.2775895399695,1285.0982329425556
7944,254208,822.1614019802042,1288.4930106326194
7945,254240,588.8652806363395,1267.9712594880793
7946,254272,175.74438160062283,1268.1611487112352
7947,254304,493.37356999215285,1069.6744109299982
7948,254336,250.8421427061513,1064.8066243961487
7949,254368,1150.5187461239007,1070.6391723312636
7950,254400,976.8647030943081,1077.5895890970357
7951,254432,910.7607837339805,1060.2288875766897
7952,254464,276.29541692742697,1059.9977324711147
7953,254496,571.9082379458774,1060.98031005074
7954,254528,766.7414779092919,1065.0541096728457
7955,254560,209.56362932108988,1063.4605878078878
7956,254592,243.25660571837756,1056.3628138646477
7957,254624,417.3445099610074,1048.8330869616998
7958,254656,125.03401563050657,1048.8653787250807
7959,254688,644.5348339897486,1049.988289208568
7960,254720,900.4741559418567,1052.2093542494624
7961,254752,337.2639574748432,1049.7043581332946
7962,254784,6504.318504504202,1102.8802958897904
7963,254816,850.8052121346566,1090.9825265147406
7964,254848,581.002571577452,1095.1135875368805
7965,254880,934.4220516770748,1102.964485397
7966,254912,155.69727569649018,1100.2742620148615
7967,254944,456.69830567722346,1095.719010614357
7968,254976,765.9942000786727,1097.9184059781778
7969,255008,1304.5640103425287,1087.6532711446089
7970,255040,974.7968280920038,1095.2890322253406
7971,255072,702.1153240342608,1098.710173174995
7972,255104,753.2850335677736,1099.5969229337875
7973,255136,294.956892478401,1095.9177142965448
7974,255168,709.4300906846703,1095.3501764493956
7975,255200,1293.657602722486,1063.894723298799
7976,255232,1176.1354945581998,1072.7383305363803
7977,255264,406.9917948096968,1069.763940134829
7978,255296,6405.3199471122625,1124.928103825664
7979,255328,1383.5890051009853,1128.7888736821276
7980,255360,234.08932298904628,1130.2607660558804
7981,255392,1239.6864638331895,1139.7283857407338
7982,255424,2418.9292142852196,1156.7995832274082
7983,255456,5628.979625284704,1210.9479395487413
7984,255488,1618.2566308166513,1200.5601766301697
7985,255520,2471.799101634656,1220.552462609852
7986,255552,870.0903008870522,1223.6135531865891
7987,255584,1022.72335030728,1213.4637001610422
7988,255616,2164.83819170118,1217.8106583122044
7989,255648,1445.6375219653214,1216.0201416829661
7990,255680,347.06942022490637,1184.7134165242023
7991,255712,1162.2204254108165,1194.2350568751306
7992,255744,1009.7973681910673,1196.6833190634584
7993,255776,534.8136025697511,1190.1538569254776
7994,255808,323.8296700321705,1190.449064827253
7995,255840,526.548925965369,1191.3403717004655
7996,255872,1580.8337053337523,1204.2688357343527
7997,255904,261.665921960343,1205.8099719628688
7998,255936,340.7711492262116,1200.3172579554923
7999,255968,570.7054403419307,1190.5477813825235
8000,256000,1964.2908101934145,1205.7703758979474
8001,256032,1062.430046388156,1206.0462584222148
8002,256064,220.09469217461432,1198.3175888262415
8003,256096,1372.5907498518177,1203.2895647268767
8004,256128,937.9640121261128,1208.294874876817
8005,256160,1208.4979836801651,1088.0706677309493
8006,256192,984.2346703231566,1096.1209211384212
8007,256224,113.25585095877783,1093.7273506481997
8008,256256,182.52719101006065,1091.2531484047163
8009,256288,1623.8226891425925,1101.6769120672009
8010,256320,653.7732641312903,1085.8621748134628
8011,256352,226.04889873457293,1084.310638355131
8012,256384,379.847255365891,1084.826716229705
8013,256416,506.98817932439323,1085.8699205279627
8014,256448,166.87433865269205,1083.2869252277853
8015,256480,381.5635333505263,1078.9178772618136
8016,256512,670.407805108969,1073.3180108816025
8017,256544,246.50523642698786,1074.2463030048782
8018,256576,103.50480294558571,1069.417994659715
8019,256608,605.1479179264692,1065.4585821362557
8020,256640,535.4285906807916,1034.0541895207152
8021,256672,498.23183423455293,1034.0718376056468
8022,256704,443.4653470109133,1028.6225821703333
8023,256736,632.6164157649893,975.5976057290732
8024,256768,457.7093196048294,972.858490926275
8025,256800,944.9087815660404,966.3797922369039
8026,256832,119.47315152566148,923.7026097578861
8027,256864,194.12510087625802,914.2627442721986
8028,256896,353.93365048754185,910.4532845034062
8029,256928,933.0205703244825,910.7690111118609
8030,256960,364.2706871412264,908.2152736516057
8031,256992,92.61144796231973,902.8425658934244
8032,257024,1823.2249653176273,912.4576464484993
8033,257056,650.4825429816201,909.3962936690147
8034,257088,331.0880860920901,885.7526646107556
8035,257120,1408.0903951809346,890.4894461801559
8036,257152,1588.3259571773376,901.7481998590499
8037,257184,202.2743162707384,896.8128664090525
8038,257216,457.8746146702664,900.0971679997864
8039,257248,262.9838166037087,898.7743246628974
8040,257280,371.6226375146122,892.6768496016483
8041,257312,231.9270128305027,887.6881902845233
8042,257344,202.13566315114522,885.2108577082375
8043,257376,1842.1201233173267,898.4092830460111
8044,257408,456.0690957504879,894.748359983714
8045,257440,711.1097982860897,895.9708051602115
8046,257472,2080.026949642786,915.0136308406331
8047,257504,356.56016301039665,913.6454967708155
8048,257536,159.7392038846197,912.7344673826003
8049,257568,194.25035635545922,903.1717834849159
8050,257600,7794.465197103023,971.347788425003
8051,257632,393.4001473847377,966.1741820615107
8052,257664,926.5864829025866,972.6770927212622
8053,257696,769.0544588133597,974.6485549299368
8054,257728,664.243280511784,973.6235729559618
8055,257760,245.76436033011825,973.9855802660521
8056,257792,212.63799487026682,973.6793941575711
8057,257824,202.28564388943892,971.5288054968554
8058,257856,352.6268917942015,973.8047342584923
8059,257888,1619.8011736683648,983.5573976552785
8060,257920,4057.774587515069,1015.1304019710104
8061,257952,684.6892680957416,1018.6046550772195
8062,257984,451.75639722499415,958.0790340044274
8063,258016,736.4028566618194,956.9350104496991
8064,258048,689.237335754302,958.0173580914676
8065,258080,799.17818114227,956.6649193861194
8066,258112,3580.6986816371764,990.9149334455265
8067,258144,634.186450550496,992.6898148942593
8068,258176,333.5757154929416,988.365630048402
8069,258208,1099.4654944774004,986.3146448897506
8070,258240,742.0723394048639,983.9874000028792
8071,258272,851.277560417661,985.4790223667131
8072,258304,244.82253879423638,980.3943974189776
8073,258336,417.59827928688713,981.6208112870627
8074,258368,784.374919354308,982.370259573759
8075,258400,1023.6386832322582,979.6700703788568
8076,258432,770.9758989478603,975.6184744227534
8077,258464,2049.440769134508,992.0429641660014
8078,258496,1615.4706882898186,944.1444715777769
8079,258528,636.1088106946372,936.6696696337134
8080,258560,613.5303557648547,940.4640799614714
8081,258592,1429.3441512293841,942.3606568354335
8082,258624,1130.036034821787,929.4717250407992
8083,258656,243.9927667658388,875.6218564556106
8084,258688,795.7362717416528,867.3966528648606
8085,258720,1592.616728806396,858.604829136578
8086,258752,515.1487798381767,855.0554139260893
8087,258784,304.96230399036574,847.8778034629202
8088,258816,780.0169103540121,834.0295906494484
8089,258848,212.14387302576694,821.6946541600528
8090,258880,158.88700662123128,819.8128300240161
8091,258912,18743.075499381703,995.6213807637249
8092,258944,680.7090763878732,992.3304978456929
8093,258976,205.09238246752383,989.0332856446706
8094,259008,635.5744767620939,992.15073371197
8095,259040,1479.6625451754142,1001.6818699040705
8096,259072,2321.7694494950615,1009.0912273456836
8097,259104,275.85546065052046,1009.2331227325853
8098,259136,396.1278226343291,1009.7866894666665
8099,259168,1020.6307117121484,1014.2859421803687
8100,259200,950.6982488997198,1004.1500165674317
8101,259232,487.71581737202666,998.4028742772705
8102,259264,295.9951808584787,999.1618791641091
8103,259296,975.8976196270432,995.1949478618614
8104,259328,2401.5457854600504,1009.8307655952008
8105,259360,429.84054090515576,1002.0441911674508
8106,259392,280.19135108570566,995.003757975076
8107,259424,249.42038280772957,996.3654032935656
8108,259456,669.6408237385459,1001.2365396208504
8109,259488,1561.4745558052844,1000.6130582874773
8110,259520,1780.0217725974555,1011.875543372139
8111,259552,478.1050899959014,1014.3961052847523
8112,259584,338.7618865047639,1013.9852515961411
8113,259616,389.51214830960964,1012.8104912859933
8114,259648,656.4023450143919,1017.7057713496104
8115,259680,309.03668168519573,1016.980502832957
8116,259712,249.6126456557582,1012.7725512384249
8117,259744,369.8901443600605,1014.0064003177555
8118,259776,93.71402201603796,1013.90849250846
8119,259808,200.706121504513,1009.8640745442405
8120,259840,994.0848302082615,1014.4506369395152
8121,259872,234.63994875897617,1011.8147180847595
8122,259904,5162.799700250926,1059.0080616171597
8123,259936,532.3192647652698,1058.0050901071622
8124,259968,1127.7356273828082,1064.705353184942
8125,260000,1060.6144073623304,1065.862409442905
8126,260032,2462.545031329223,1089.2931282409404
8127,260064,479.7856409394914,1092.1497336415728
8128,260096,4111.524310750849,1129.7256402442058
8129,260128,1973.7500426487125,1140.1329349674481
8130,260160,513.0876515732372,1141.6211046117683
8131,260192,265.511408923326,1143.3501042213782
8132,260224,618.4585407399443,1131.3024399756014
8133,260256,361.5194749783283,1128.4128092955686
8134,260288,357.5211130800571,1128.6771395654484
8135,260320,713.5566405928722,1121.731802019568
8136,260352,1184.513332348382,1117.6936757712783
8137,260384,237.69928748402248,1118.0479254834113
8138,260416,651.143263238548,1119.980611969094
8139,260448,13395.00793773495,1251.3008531804064
8140,260480,246.60208660853394,1250.0506476713456
8141,260512,304.1518138306868,1250.7728956813476
8142,260544,659.5654914938916,1255.3471939647748
8143,260576,349.7965971359424,1240.4239587029608
8144,260608,392.49221287061977,1239.7881898741623
8145,260640,608.7088535743455,1238.764180427045
8146,260672,300.90469730461007,1220.972957903663
8147,260704,1436.7036150148353,1231.7743924237072
8148,260736,8581.376429701666,1315.9907646818779
8149,260768,512.3438237787705,1319.1716993561108
8150,260800,721.0290355617134,1248.437337740698
8151,260832,877.5996495764595,1253.2793327626152
8152,260864,290.39059712883517,1246.9173739048776
8153,260896,111.4054815690176,1240.3408841324342
8154,260928,845.8245099425798,1242.1566964267422
8155,260960,246.0573259000632,1242.159626082442
8156,260992,1105.6704994987742,1251.0899511287269
8157,261024,925.1569412559543,1258.3186641023922
8158,261056,151.50476301374025,1256.3074428145874
8159,261088,1420.4674382115586,1254.3141054600192
8160,261120,447.22335639056433,1218.208593148774
8161,261152,368.3953970301471,1215.0456544381182
8162,261184,799.4206036825817,1218.522296502694
8163,261216,4120.604499234199,1252.3643129284176
8164,261248,1070.4038466111522,1256.1759780369864
8165,261280,716.6409729131562,1255.3506059546953
8166,261312,236.42495913051513,1221.907868729629
8167,261344,800.0271200381811,1223.5662754245056
8168,261376,418.898712913948,1224.4195053987155
8169,261408,256.4725442063356,1215.989575896005
8170,261440,849.770584626274,1217.0665583482187
8171,261472,1269.1803628956038,1221.2455863729983
8172,261504,3815.771571599549,1256.9550767010517
8173,261536,547.1288899532465,1258.2503828077151
8174,261568,1015.6154324910771,1260.562787939083
8175,261600,212.3014246767285,1252.4494153535277
8176,261632,396.92052594095543,1248.7088616234587
8177,261664,204.88012857667854,1230.2632552178804
8178,261696,528.6324027978293,1219.3948723629603
8179,261728,444.39589842869725,1217.477743240301
8180,261760,480.88520579500994,1216.1512917406026
8181,261792,292.37848879300526,1204.7816351162387
8182,261824,7543.518460800849,1268.9164593760295
8183,261856,234.0020754081245,1268.8165524624524
8184,261888,127.70973908570248,1262.1362871358926
8185,261920,78.12876161695594,1246.9914074639983
8186,261952,1307.5972821277564,1254.915892486894
8187,261984,409.0555681023531,1255.956825128014
8188,262016,382.0595335480425,1251.9772513599542
8189,262048,875.3428659279415,1258.6092412889764
8190,262080,232.1021404989742,1259.3413926277537
8191,262112,478.8789714386294,1076.6994273483228
8192,262144,193.05194796417314,1071.8228560640857
8193,262176,396.1618246572982,1073.7335504859834
8194,262208,3348.7544377927793,1100.8653500962903
8195,262240,2595.0153794673442,1112.0188784392096
8196,262272,1142.7889017906173,1100.2290729621654
8197,262304,703.0919909352823,1104.5014382650131
8198,262336,183.24648521410998,1102.3726248908108
8199,262368,3799.649015986893,1130.1628079335583
8200,262400,452.10807091013316,1125.1769061536622
8201,262432,3470.4468729906685,1155.0042167098486
8202,262464,278.38107878278385,1154.8280756890917
8203,262496,482.7838373571694,1149.896937866393
8204,262528,361.81088803200464,1129.4995888921126
8205,262560,686.4249429503005,1132.065432912564
8206,262592,1470.076044719826,1143.9642798489049
8207,262624,445.56833571450244,1145.9257593779728
8208,262656,669.3798476704811,1145.9231496172922
8209,262688,153.9249346243777,1131.8476534054835
8210,262720,1613.9295188067872,1130.1867308675767
8211,262752,109.9548851184217,1126.5052288188017
8212,262784,1107.0562640200053,1134.188172593954
8213,262816,234.56803467206527,1132.6387314575786
8214,262848,958.0219089766556,1135.6549270972012
8215,262880,440.7795705337066,1136.9723559856864
8216,262912,1223.2819252656736,1146.7090487817857
8217,262944,1183.8196450793307,1154.8483437889784
8218,262976,915.2196104573977,1163.0633996733918
8219,263008,1499.6276743871913,1176.0526152022187
8220,263040,1730.0937694089419,1183.4127045942255
8221,263072,1020.4348263261596,1191.2706533698974
8222,263104,529.2398008293344,1144.9350543756814
8223,263136,509.00660380851247,1144.7019277661138
8224,263168,229.47882884299415,1135.7193597807156
8225,263200,1802.1559778720084,1143.1347754858123
8226,263232,374.6786795384462,1122.2561119679046
8227,263264,220.5597187142286,1119.663852745652
8228,263296,767.216202883868,1086.2207716669823
8229,263328,1006.2767979661744,1076.546039220157
8230,263360,456.9938587742827,1075.9851012921674
8231,263392,1341.826854147954,1086.7482557444137
8232,263424,305.0956095539226,1083.6146264325532
8233,263456,802.66655102974,1088.0260971930675
8234,263488,327.5969561756981,1087.726855624024
8235,263520,2923.0905106537707,1109.8221943246326
8236,263552,646.1793512224131,1104.438854513373
8237,263584,969.6699210345334,1111.7585608488782
8238,263616,1334.0391258747795,1118.5875194752405
8239,263648,420.92626082700366,988.846702706161
8240,263680,797.2388774872468,994.3530706149481
8241,263712,582.8603393780725,997.140155870422
8242,263744,380.7061993666442,994.3515629491495
8243,263776,997.1856460346071,1000.8254534381362
8244,263808,188.88936434504566,998.7894249528805
8245,263840,347.2357503011891,996.174693920149
8246,263872,428.10889109277457,997.4467358580307
8247,263904,2481.0580786581722,1007.8902804944639
8248,263936,416.1458524004437,926.2379747214516
8249,263968,626.4250575532852,927.3787870591968
8250,264000,672.737959526329,926.895876298843
8251,264032,633.257125812233,924.4524510612007
8252,264064,636.4743995255911,927.9132890851683
8253,264096,753.7858254821681,934.3370925242999
8254,264128,209.32419681211036,927.9720893929951
8255,264160,790.110106119189,933.4126171951864
8256,264192,834.3420996200192,930.6993331963988
8257,264224,638.0782063316567,927.8285458471559
8258,264256,4985.207479287055,976.165573009889
8259,264288,299.0613046546248,964.9515116743197
8260,264320,1487.350759072458,975.3527857011387
8261,264352,793.2574590998576,979.6014063218357
8262,264384,791.5220142477087,979.5224204274871
8263,264416,346.0132491574385,941.7765079267194
8264,264448,280.51243445029303,933.8775938051109
8265,264480,837.9771343777031,935.0909554197563
8266,264512,469.2055684057347,937.4187615125085
8267,264544,2071.4033926110797,950.1325242382375
8268,264576,873.7556959628776,954.6810940687268
8269,264608,285.626116369179,954.9726297903552
8270,264640,490.6176044461114,951.3810999885536
8271,264672,571.3034466083542,944.402330825681
8272,264704,198.72593492108334,908.2318744588964
8273,264736,2096.0562776118563,923.7211483354823
8274,264768,1641.5176945660621,929.9801709562323
8275,264800,219.02619681133524,930.0474186775783
8276,264832,2127.537627500488,947.3535896931736
8277,264864,1313.5587912642377,958.4403763200492
8278,264896,1947.8885716500001,972.6329380085709
8279,264928,1324.8516029333541,981.4374950536177
8280,264960,1118.752039911727,987.8161633947849
8281,264992,399.6368544049788,988.8887470509046
8282,265024,357.0121177463667,917.0236836203596
8283,265056,1179.2107801170173,926.4757706674485
8284,265088,638.1329469052755,931.5800027456443
8285,265120,969.9548940207253,940.498264069682
8286,265152,1016.781774713013,937.5901089955346
8287,265184,510.0986552519657,938.6005398670306
8288,265216,236.80864148440182,937.1480309463943
8289,265248,566.1190772820783,934.0557930599358
8290,265280,568.9234583354589,937.4240062383006
8291,265312,121.97287521991402,933.8549452761133
8292,265344,992.1186162712492,941.8456119591842
8293,265376,519.6273101013978,943.0802668136251
8294,265408,957.840207072627,919.1711245064236
8295,265440,2831.2315347431663,921.5332860591818
8296,265472,1536.043495983457,925.4658320011102
8297,265504,1400.100264786817,932.4359147396257
8298,265536,258.6964950108029,933.1904148375926
8299,265568,502.46732861770204,900.2185979639006
8300,265600,452.58662925821204,900.2233835473814
8301,265632,238.66893931153407,867.9056042105902
8302,265664,1459.7673366963265,879.7194667897256
8303,265696,258.79196517788796,877.4795480679327
8304,265728,510.49640608660735,878.9664032484787
8305,265760,128.86148573802677,873.3907686763561
8306,265792,136.3007699432382,860.0530159285901
8307,265824,368.9696747145887,859.287029318591
8308,265856,495.976583935436,857.5529966812404
8309,265888,1888.7357851296147,874.9011051862929
8310,265920,636.6164260138667,865.1279742583637
8311,265952,316.01177310952977,867.1885431382748
8312,265984,269.03102080484314,858.8082907061232
8313,266016,757.1003135475551,864.033613494878
8314,266048,692.4414993302809,861.3778093984141
8315,266080,316.20579930936964,860.1320716861708
8316,266112,9184.534750112756,939.7445999346415
8317,266144,726.1436758239751,935.167840242088
8318,266176,240.4205993335994,928.41985013085
8319,266208,114.08273837361459,914.5644007707142
8320,266240,1243.747616389435,909.7009392405191
8321,266272,195.81232188974272,901.454714196155
8322,266304,296.83005127363487,899.1306167005981
8323,266336,424.08887063421304,898.2814393688552
8324,266368,806.8489915236116,904.0551409956614
8325,266400,371.05564323982577,889.7441376493396
8326,266432,1260.820235291004,898.6055532068651
8327,266464,432.84441071561776,900.728400126879
8328,266496,650.9380244212126,899.5656183422526
8329,266528,414.5227637256594,893.6480779998473
8330,266560,2953.503882684546,918.6131782389501
8331,266592,224.252618244936,907.4374358799199
8332,266624,3878.046717505366,943.1669469594342
8333,266656,184.76754865311955,936.9879569356681
8334,266688,131.39102349469667,935.0258976088581
8335,266720,1761.208802125654,923.407080523577
8336,266752,3608.2643171602554,953.0279301829553
8337,266784,1251.2258380860003,955.8434893534699
8338,266816,1476.6044331298888,957.269142426021
8339,266848,629.3232029225425,959.3531118469764
8340,266880,580.6755464839355,957.1874785369433
8341,266912,918.7967612751908,960.5468427559146
8342,266944,3032.7893935062475,987.0676746973106
8343,266976,727.6608483888793,984.3724267208532
8344,267008,925.22164860068,991.7357495634094
8345,267040,152.07487190449768,989.7841407794425
8346,267072,1072.5169554207885,996.2282214227228
8347,267104,824.5728239158217,979.6633688752992
8348,267136,136.5722111209654,976.8676324625045
8349,267168,2156.0726465149332,992.164108352121
8350,267200,435.42162605522765,989.7909450174099
8351,267232,427.05927509399635,987.7289665102275
8352,267264,765.0938173103552,989.0151606880751
8353,267296,733.1367457700368,988.8086698909539
8354,267328,2636.899431697762,1013.0844222398105
8355,267360,4823.529891757053,1053.418620096189
8356,267392,265.727572855144,1047.7324748285403
8357,267424,243.56304559618454,1043.7873232211857
8358,267456,415.7288196970834,998.0925366252858
8359,267488,137.5692044849851,996.4776156235895
8360,267520,233.27636030345815,983.9368716358995
8361,267552,473.4618013395335,980.7389150582962
8362,267584,1809.3639467366324,990.9173343831854
8363,267616,1614.9412227416235,1003.6066141190272
8364,267648,211.4264188409989,1002.9157539629344
8365,267680,453.6497770654548,999.072480389812
8366,267712,1434.9230896902945,1008.7296556026575
8367,267744,253.95846452831543,990.5552063218298
8368,267776,1054.1024257908593,992.3586736201096
8369,267808,792.2738921265311,997.4251513776832
8370,267840,877.7180241502233,1001.2961555747245
8371,267872,183.10407538848415,997.4141618625258
8372,267904,375.49039637764594,999.1818064770912
8373,267936,391.99709434900916,982.1412146444627
8374,267968,586.1443137903779,971.5874808367058
8375,268000,1412.0829303514818,983.5180481721072
8376,268032,419.03387766365364,966.433010673739
8377,268064,504.1766298625624,958.3391890597223
8378,268096,1571.251191586607,954.5728152590883
8379,268128,375.76712761080694,945.081970505863
8380,268160,150.3807699855756,935.3982578066015
8381,268192,274.5573653812963,934.1474629163646
8382,268224,522.3792506052615,935.8011342449535
8383,268256,198.5781775394212,925.9948082191775
8384,268288,421.5361505512855,923.8288402556377
8385,268320,131.01874542698056,915.4394787697004
8386,268352,1651.3588843571706,921.7852498661417
8387,268384,1276.9316741205025,929.4535800548271
8388,268416,432.25663955644654,931.4080600355476
8389,268448,141.78908745454441,927.1647601372722
8390,268480,110.78643008206426,922.5833898547384
8391,268512,149.67581259842643,922.8604192285235
8392,268544,320.0911341899133,916.1401444077101
8393,268576,832.0309587352327,919.2641808940484
8394,268608,1686.4091049768292,926.5498698730902
8395,268640,1935.1628449655693,917.5891829753143
8396,268672,124.4524257861085,903.473272273341
8397,268704,335.16077710257895,892.8238773964986
8398,268736,933.5908229667463,899.572820676058
8399,268768,600.7102514247869,900.5552499041289
8400,268800,590.0102709678653,901.9294863212255
8401,268832,484.93903660786543,904.3921872941888
8402,268864,1628.7692743104951,906.0822066703304
8403,268896,984.1513327832076,913.3358003463836
8404,268928,1042.0760597682636,918.6515968832002
8405,268960,682.4611580810239,924.1875936066302
8406,268992,247.93044636156205,925.3038903708135
8407,269024,995.3271498930211,931.5674651225978
8408,269056,788.7004980147709,934.4947042633912
8409,269088,328.2477863289889,918.8898242753849
8410,269120,1120.6961736173637,923.7306217514199
8411,269152,1756.5443532475513,938.1359475528
8412,269184,3876.4462074005123,974.2100994187566
8413,269216,548.3877698115379,972.1229739813966
8414,269248,623.9542183283756,971.4381011713775
8415,269280,198.50135673442682,970.261056745628
8416,269312,4772.69966578094,926.14270590231
8417,269344,448.14359603362595,923.3627051044065
8418,269376,355.62228984922257,924.5147220095627
8419,269408,229.49138314121552,925.6688084572387
8420,269440,636.7264054996596,919.5985963483408
8421,269472,311.4875107004212,920.7553482364475
8422,269504,1617.116738871884,933.95821511243
8423,269536,640.7297891172193,936.1246242972602
8424,269568,4072.36379372664,968.7797723192905
8425,269600,454.58811023144926,969.6150969892068
8426,269632,297.5236810420835,959.9821314467176
8427,269664,352.55781440368264,959.1792654835982
8428,269696,490.70075031738526,957.5768927425598
8429,269728,259.60554120323656,956.0277205173355
8430,269760,1327.6990327711703,939.7696720182018
8431,269792,2139.291670669451,958.9200625424471
8432,269824,1533.3711746472447,935.4733071138659
8433,269856,530.6321587529902,938.9319532148646
8434,269888,13551.34456263109,1073.1314886062285
8435,269920,406.1225390342213,1059.5806259753142
8436,269952,1081.381094973525,1034.3117937534469
8437,269984,1127.2415822057783,1033.0719511946447
8438,270016,1296.7456150813325,1031.2733630141593
8439,270048,586.1349603590312,1030.841480588524
8440,270080,2096.92277335841,1046.0039528572688
8441,270112,1626.287854974718,1053.078863794264
8442,270144,640.7740645811756,1029.1587105050132
8443,270176,1553.7196412092933,1037.4192984332174
8444,270208,2201.4259017653076,1050.1813409648635
8445,270240,436.2302378618902,1053.0228946244376
8446,270272,263.1383590564706,1044.9291086607943
8447,270304,4608.600919546624,1082.7693896171024
8448,270336,939.7729810820438,1090.8013973167133
8449,270368,405.50375588341313,1073.2957084103982
8450,270400,325.0691530205382,1072.1921836800511
8451,270432,447.9336038331473,1072.4009269674425
8452,270464,253.32766375157627,1067.2832654318545
8453,270496,383.88636602449606,1063.7907616343991
8454,270528,1982.029516074815,1057.2420624781698
8455,270560,780.7886451075785,1016.8146500116753
8456,270592,1845.1250281386344,1032.6086245645101
8457,270624,1755.5600962669944,1047.7285950712183
8458,270656,256.39714174953724,1046.135278291743
8459,270688,2150.2969793258635,1066.2625560401518
8460,270720,79.72195477013594,1064.7270119848185
8461,270752,183.7610006056443,1061.8300039774795
8462,270784,426.2102595306152,1047.9984671054194
8463,270816,287.8936717972396,1034.7279915959757
8464,270848,673.4436835881787,1039.3481642434474
8465,270880,1008.3616931468307,1044.895283404261
8466,270912,662.2203326469315,1037.1682558338273
8467,270944,145.3951035748128,1036.0826222242922
8468,270976,285.2232863146462,1028.39383082953
8469,271008,1147.8041810116886,1031.9491337183817
8470,271040,1280.8861822259025,1035.9808152991386
8471,271072,2395.6460703044327,1058.1062352482982
8472,271104,371.10551542909604,1058.0623864388126
8473,271136,3152.086736939641,1085.663282864719
8474,271168,301.37250304001384,1082.8155647572153
8475,271200,2027.4566787663216,1088.9693022413637
8476,271232,347.0938004803836,1088.2499014695309
8477,271264,400.5215970094053,1087.213351140999
8478,271296,235.02067941526576,1073.8510460192858
8479,271328,577.4862947308823,1075.8682376904867
8480,271360,1263.0674355057654,1086.9951043456886
8481,271392,213.46535187335766,1086.3841842106092
8482,271424,124.29372412309613,1082.4033289457875
8483,271456,444.7515971560141,1084.8650631419534
8484,271488,201.22703862979682,1082.6619720227386
8485,271520,381.499554346766,1085.1667801119363
8486,271552,867.5574376788686,1077.3287656451532
8487,271584,795.9362971710244,1072.518811875659
8488,271616,297.6623724954117,1071.1728692050485
8489,271648,442.2370574731736,1074.1773489052348
8490,271680,5405.3976557340675,1127.123461161755
8491,271712,1486.1056793587763,1140.487759829358
8492,271744,355.87222580159954,1140.845570745475
8493,271776,1241.8894269177295,1144.9441554273
8494,271808,532.9754616414646,1133.4098189939461
8495,271840,366.21574085650366,1117.7203479528557
8496,271872,175.36434095156372,1118.2294671045104
8497,271904,441.2216734997746,1119.2900760684822
8498,271936,421.3739988521207,1114.167907827336
8499,271968,486.5551485428748,1113.0263567985169
8500,272000,4235.172686444763,1149.4779809532859
8501,272032,365.57522247793514,1148.2843428119866
8502,272064,380.35034730438724,1135.8001535419255
8503,272096,465.154267619391,1130.6101828902874
8504,272128,1868.1344692513271,1138.8707669851178
8505,272160,705.9224005947465,1139.1053794102552
8506,272192,812.4884206183948,1144.7509591528233
8507,272224,388.57358514120506,1138.6834235053052
8508,272256,1913.1217139996622,1149.9276356651537
8509,272288,1139.243491305427,1158.0375927149182
8510,272320,298.48175608161694,1149.815448539561
8511,272352,1409.6476648326773,1146.3464816554124
8512,272384,2204.528940948285,1129.6273089908902
8513,272416,301.31546244229344,1127.1565859171976
8514,272448,406.14281758005063,1124.9784719097142
8515,272480,337.0976273985604,1126.3644346163555
8516,272512,892.9314569029757,1087.566752527576
8517,272544,464.1424103496146,1087.7267406707358
8518,272576,849.8129050697439,1092.668646822941
8519,272608,3876.185538002328,1129.1355883715519
8520,272640,662.718134529994,1129.3955056618554
8521,272672,3604.0512863458325,1162.3211434183097
8522,272704,940.34660709299,1155.5534421005207
8523,272736,866.8218899711678,1157.8143631090604
8524,272768,311.8533678675202,1120.2092588504693
8525,272800,1771.2004134930091,1133.3753818830849
8526,272832,938.5010677538431,1139.7851557502026
8527,272864,635.6076737766274,1142.6156543439317
8528,272896,319.2556121012617,1140.9012029617707
8529,272928,1371.7788413439428,1152.0229359631776
8530,272960,175.5206659230044,1140.5011522946957
8531,272992,423.2183881792167,1123.3404194697935
8532,273024,1733.94630977917,1125.3461708211128
8533,273056,1586.7783476268216,1135.907632709851
8534,273088,1302.0908710935173,1013.4150957944753
8535,273120,582.9340168167947,1015.183210572301
8536,273152,451.5720119595136,1008.8851197421609
8537,273184,492.5787583301001,1002.5384915034043
8538,273216,289.6472485060563,992.4675078376516
8539,273248,260.9467619243663,989.2156258533049
8540,273280,230.63323010646906,970.5527304207855
8541,273312,277.72507357526433,957.067102606791
8542,273344,674.2214750718795,957.4015767116978
8543,273376,355.3212933617894,945.4175932332229
8544,273408,138.21459124790212,924.7854801280488
8545,273440,183.32963108538385,922.2564740602836
8546,273472,463.4428580191042,924.2595190499101
8547,273504,855.1747212554606,886.7252570669983
8548,273536,383.3692439389799,881.1612196955676
8549,273568,701.3073255673586,884.1192553924072
8550,273600,459.34701343265897,885.4620339965285
8551,273632,445.148274646075,885.4341807046578
8552,273664,373.4128996078499,886.6350330632205
8553,273696,159.0686989418262,884.3868563923938
8554,273728,445.7848829836708,869.0244100614823
8555,273760,1206.7372385628985,873.2838959960355
8556,273792,1012.1670830229752,864.9543165448789
8557,273824,738.0688407860991,854.77940399007
8558,273856,100.51972624872076,853.2206298350619
8559,273888,740.7697590886415,839.1253576326895
8560,273920,294.11655950600345,841.2693036800482
8561,273952,144.72309403291945,840.878924614321
8562,273984,181.84601970549582,838.4352822160698
8563,274016,183.07377257094518,837.3870832238068
8564,274048,605.5553288623377,836.7081996765485
8565,274080,228.87495751511156,828.9133323202312
8566,274112,4795.529091673946,870.2464199105015
8567,274144,768.7635057645036,876.4801039323984
8568,274176,240.94000227634967,876.0372710920153
8569,274208,177.13695035982138,866.3305987854967
8570,274240,1353.4318557551314,867.056055520789
8571,274272,277.26395707662283,845.8722343885108
8572,274304,159.10441639943772,843.7522233982143
8573,274336,141.67895463381143,813.648145575156
8574,274368,318.83189016113914,813.8227394463673
8575,274400,271.3415291830017,796.261587950534
8576,274432,100.51982208305832,793.7958481665607
8577,274464,101.19079661410593,790.8025401626078
8578,274496,518.8983557961217,793.6413169264164
8579,274528,802.69476465872,795.8934016256949
8580,274560,214.40092501043014,785.4067365207416
8581,274592,779.3760469718283,791.0658434717263
8582,274624,188.42853534941685,791.7071915839895
8583,274656,209.2881056005823,789.3525566684351
8584,274688,315.8337512440637,790.4986237945777
8585,274720,566.9004721368715,792.3526329724788
8586,274752,802.3572744555411,791.7006313402454
8587,274784,162.93754073287442,785.3706437758641
8588,274816,324.30424167180655,785.637062467628
8589,274848,464.1319069062171,785.8560109619583
8590,274880,196.1613888808999,733.7636482934266
8591,274912,267.7192787259493,721.5797842870984
8592,274944,332.3877530444504,721.344939559527
8593,274976,504.2747258904968,713.9687925492547
8594,275008,844.5780502144372,717.0848184349843
8595,275040,1671.8747926738176,730.1414089531575
8596,275072,695.3604599176577,735.3413701428184
8597,275104,226.93229965827348,733.1984764044033
8598,275136,187.05390677821097,730.8552754836643
8599,275168,1644.7253081781935,742.4369770800176
8600,275200,163.66601586646274,701.7219103742347
8601,275232,919.5916496047136,707.2620746455024
8602,275264,935.8851736755909,712.8174229092143
8603,275296,565.0343475820151,713.8162237088407
8604,275328,152.8954055027537,696.6638330713547
8605,275360,1861.0379748881621,708.2149888142889
8606,275392,239.68190825962634,702.4869236907012
8607,275424,252.96230492303255,701.1308108885195
8608,275456,489.78231235986993,686.8974168721218
8609,275488,243.8590203643291,677.9435721627108
8610,275520,354.5969774384515,678.5047243762791
8611,275552,2355.569837017895,687.9639460981313
8612,275584,521.9402910054656,671.138059598703
8613,275616,986.5369177814168,677.9902741520941
8614,275648,691.0642448982256,680.8394884252758
8615,275680,122.21060187768484,678.6906181700671
8616,275712,5335.7271656668145,723.1185752577055
8617,275744,253.3287179292895,721.0104383335022
8618,275776,215.08048629812382,714.663114145786
8619,275808,775.6304577223261,683.6575633429861
8620,275840,392.22947345074374,680.9526767321936
8621,275872,386.1645782308942,648.7738096510442
8622,275904,675.6790003450815,646.1271335835651
8623,275936,230.39611678845867,639.762875851738
8624,275968,536.608349709987,642.0104256701628
8625,276000,646.4037569072619,630.7624591043052
8626,276032,222.22144779392028,623.5996629047061
8627,276064,2882.9204363838867,646.0727905307788
8628,276096,573.0301513689169,648.6105359234551
8629,276128,579.1229535478661,640.6839770454944
8630,276160,3634.2760564002742,675.2715309502672
8631,276192,868.7431767707283,679.7267788361822
8632,276224,1526.3717413011684,677.6510331514022
8633,276256,432.3563839349872,666.1068135144839
8634,276288,4238.397320235246,695.4698780059011
8635,276320,765.5389486414904,697.2959273241481
8636,276352,1606.6113021202252,708.8463202257552
8637,276384,339.212537893743,707.3126580213916
8638,276416,680.0595495815733,711.2167810321469
8639,276448,2229.2759736022876,730.9000731489259
8640,276480,426.509415998767,732.8588350078489
8641,276512,540.3625257161352,735.4852095292578
8642,276544,938.5605617106053,738.1286003956451
8643,276576,690.4515951450218,741.4799034134774
8644,276608,1410.1110430216854,754.1988679312152
8645,276640,323.6830434956917,755.6024020553182
8646,276672,952.7924208442527,760.4958976835696
8647,276704,195.58392949645102,753.8999897659796
8648,276736,316.62411619285336,753.2325384885183
8649,276768,1048.01663868542,756.699631619699
8650,276800,483.0486851324719,756.9366483366971
8651,276832,140.66381982969014,753.8918037885333
8652,276864,839.7282193937431,758.5549569863922
8653,276896,1019.6798817485351,767.1610688144593
8654,276928,347.05220837787914,766.1737420684013
8655,276960,1120.8692120972762,765.315061803745
8656,276992,607.2355731360474,761.2657467048758
8657,277024,138.31879192313963,755.2682462162462
8658,277056,736.139580569653,761.6244447594555
8659,277088,572.6466606837054,759.9432137754063
8660,277120,157.33596620143052,758.5754078423605
8661,277152,612.4077906683198,763.2522548087145
8662,277184,234.20397919051248,763.7758344035647
8663,277216,330.9535730158799,765.254632408014
8664,277248,242.14013568571198,761.6204804762477
8665,277280,1105.6331624408576,770.3880625255052
8666,277312,172.85976803983024,724.1613692891641
8667,277344,490.850060215316,721.3822348336722
8668,277376,379.7255840909149,722.7700906518179
8669,277408,363.20704099542826,724.630791558174
8670,277440,614.8619930522276,717.2450929311449
8671,277472,650.3884719958635,720.9763380803373
8672,277504,238.04524944264244,721.7657464107692
8673,277536,477.2054739022844,725.121011603454
8674,277568,669.3013401811455,728.625706103654
8675,277600,1754.8726957304877,743.461017769129
8676,277632,2137.4787916725472,763.8306074650238
8677,277664,602.64947841234,768.8451942830062
8678,277696,605.3812553715793,769.7100232787609
8679,277728,893.8377430664875,770.6214530628386
8680,277760,233.740811837047,770.8148519311046
8681,277792,1048.4051127561852,773.5051425889483
8682,277824,770.525017556471,779.3261074110188
8683,277856,1039.450198918904,787.627728344202
8684,277888,451.4095919242036,788.9834867510033
8685,277920,424.24603894782433,787.5569424191127
8686,277952,2551.439122837888,805.0477609029363
8687,277984,421.69538888658826,807.6353393844734
8688,278016,415.13000842222436,808.5435970519776
8689,278048,2571.773789255327,829.6200158754688
8690,278080,261.15416659773064,830.269943652637
8691,278112,321.68083418148893,830.8095592071924
8692,278144,308.78220318521807,830.5735037086
8693,278176,321.3120061499253,828.7438765111942
8694,278208,876.7047101985157,829.0651431110352
8695,278240,405.16538400432853,816.3980490243404
8696,278272,141.61503313065367,810.8605947564703
8697,278304,349.07028785838315,812.0819746384715
8698,278336,3247.0927591610334,842.6823631622997
8699,278368,1186.8291499488416,838.1034015800062
8700,278400,566.2594170860126,842.1293355922016
8701,278432,817.1797031110167,841.1052161272646
8702,278464,418.76538818352356,835.934018272344
8703,278496,953.9430462348274,839.823105258872
8704,278528,1628.8071480407018,854.5822226842515
8705,278560,556.6011558784537,841.5378544941543
8706,278592,125.28771787234997,840.3939125902816
8707,278624,705.5227330733535,844.9195168717848
8708,278656,128.64697974024864,841.3081635455886
8709,278688,973.7612039065104,848.6071853810105
8710,278720,174.30502651782362,846.8042658718042
8711,278752,144.76092942939124,824.6961767959192
8712,278784,2225.9734456622296,841.7365083424867
8713,278816,322.08686510289647,835.0920078157014
8714,278848,95.48622892007783,829.1362276559202
8715,278880,411.83043217976297,832.0324259589408
8716,278912,210.82185750588582,780.7833728773317
8717,278944,507.7696891803916,783.3277825898427
8718,278976,2719.829407375964,808.375271800621
8719,279008,369.1518749571727,804.3104859729696
8720,279040,495.0650077164905,805.338841315627
8721,279072,209.76342474805136,803.5748297807985
8722,279104,354.8146747196707,800.3661865245444
8723,279136,285.38835137767313,800.9161088704366
8724,279168,194.83381496943986,797.4983635230311
8725,279200,842.2585525754148,799.4569114797126
8726,279232,429.8575610835078,801.5332726126086
8727,279264,333.1481026787138,776.0355492755568
8728,279296,508.6406316402083,775.3916540782698
8729,279328,1558.656719610909,785.1869917389001
8730,279360,1091.7282133995218,759.7615133088925
8731,279392,2457.801921626845,775.6521007574536
8732,279424,268.37869563588623,763.0721703008007
8733,279456,80.42110938814538,759.5528175553325
8734,279488,98.42328303038754,718.1530771832839
8735,279520,271.5931709865874,713.2136194067349
8736,279552,306.30590140306714,700.2105653995634
8737,279584,1236.3333353628952,709.1817733742549
8738,279616,477.58252452001136,707.1570031236394
8739,279648,344.80849653300544,688.3123283529465
8740,279680,314.9839498391145,687.1970736913498
8741,279712,779.1954184123804,689.5854026183123
8742,279744,2200.2579495265004,702.2023764964713
8743,279776,417.5777707386476,699.4736382524075
8744,279808,321.05208425957375,688.5830486647864
8745,279840,7461.978619689672,759.9660044267262
8746,279872,457.84785772321743,755.016558795516
8747,279904,367.459057218374,756.7353100727353
8748,279936,294.3887290246962,756.5129562010536
8749,279968,1293.879478380823,758.9715845980077
8750,280000,275.29164807574125,756.8940142274404
8751,280032,229.74913917553803,757.7848674208986
8752,280064,497.2233503334588,754.3598187302958
8753,280096,4888.838922787858,793.0514091406892
8754,280128,532.9013625316571,794.9099006822269
8755,280160,564.0982761063873,789.3421913223181
8756,280192,418.3393470524319,787.4532290614817
8757,280224,2436.787828089785,810.4379194231482
8758,280256,1504.4508249283065,818.1210318667347
8759,280288,762.2525208701434,820.017090468599
8760,280320,1143.107531796163,829.8748061245464
8761,280352,1372.7571182618356,837.4782994004815
8762,280384,421.70543232516536,839.3533139318281
8763,280416,275.11671207594486,838.7949453224288
8764,280448,225.31308269072693,838.626674792479
8765,280480,543.0596873126451,833.0009400411969
8766,280512,676.349227368296,838.0358346344816
8767,280544,1068.8937274534928,843.8162713068633
8768,280576,530.846405998057,845.3274795259348
8769,280608,5285.587253591071,894.5512816518913
8770,280640,314.8104321875141,891.5507660432442
8771,280672,578.8824093605708,890.8357054168912
8772,280704,2230.047095016094,910.7557238726257
8773,280736,1123.0924153939104,917.2145932875419
8774,280768,336.7766207014431,913.889346092745
8775,280800,347.63545615631716,899.8169736970033
8776,280832,225.62435261914732,880.6984293064693
8777,280864,169.8254995774917,876.3701895181209
8778,280896,619.2578374489952,876.508955338895
8779,280928,1478.9473910147476,882.3600518183774
8780,280960,549.6836417241304,885.5194801172482
8781,280992,899.9688406467288,884.0351173961535
8782,281024,895.8136171047266,885.2880033916362
8783,281056,1200.4427626039715,886.8979290284869
8784,281088,508.4260010577913,887.4680931198229
8785,281120,440.3752646303753,887.6293853766483
8786,281152,2254.75625393989,884.6625566876683
8787,281184,13848.902667367229,1018.9346294724749
8788,281216,1080.213372737128,1025.5854631156237
8789,281248,454.7711154824688,1004.4154363778952
8790,281280,171.89136205870705,1003.522808332505
8791,281312,141.9264276437129,1001.7252642671273
8792,281344,736.4330636450209,1006.0017728717253
8793,281376,305.1997814788589,1005.8406506250145
8794,281408,939.7847878724322,1006.4714514017537
8795,281440,547.6727689858116,1007.8965252515686
8796,281472,810.0439550031839,1014.580814470294
8797,281504,1129.5290328423182,1022.3854019201332
8798,281536,332.007329058041,993.2345476191033
8799,281568,1777.9689244192818,999.1459453638078
8800,281600,823.6706011282229,1001.7200572042299
8801,281632,346.087463268451,997.0091348058043
8802,281664,1853.1376987689482,1011.3528579116584
8803,281696,1706.8107787630954,1018.8815352369411
8804,281728,624.3013686327815,1008.8364774428619
8805,281760,1844.4483610479354,1021.7149494945565
8806,281792,1163.9896039497894,1032.1019683553309
8807,281824,168.119916704929,1026.727940191647
8808,281856,562.9149520398344,1031.070619914643
8809,281888,386.6605017609404,1025.199612893187
8810,281920,743.6497726012309,1030.8930603540211
8811,281952,851.722385078916,1037.9626749105164
8812,281984,297.4461127292561,1018.6774015811867
8813,282016,721.8936912889857,1022.6754698430475
8814,282048,212.0861807545511,1023.8414693613923
8815,282080,203.70201789808934,1021.7601852185755
8816,282112,239.52968499783356,1022.0472634934949
8817,282144,1315.6016726713042,1030.1255833284042
8818,282176,430.3439395135322,1007.2307286497797
8819,282208,233.97865349602293,1005.8789964351683
8820,282240,741.6857053533802,1008.3452034115372
8821,282272,412.6506974418738,1010.3740761384754
8822,282304,468.3545594881321,1011.5094749861601
8823,282336,744.7281772350145,1016.1028732447335
8824,282368,103.49651327538609,1015.1895002277929
8825,282400,71.78727891545185,1007.4847874911934
8826,282432,497.2291003937129,1008.1585028842954
8827,282464,1031.7510215736424,1015.1445320732447
8828,282496,5355.569320256624,1063.6138189594087
8829,282528,1466.3144319690825,1062.6903960829907
8830,282560,264.36961945867495,1054.416810143582
8831,282592,206.4617784838985,1031.9034087121524
8832,282624,1223.4529703913647,1041.4541514597072
8833,282656,595.9053860752796,1046.6089942265787
8834,282688,307.62626857234204,1048.7010240819982
8835,282720,266.88496414995103,1048.6539420136319
8836,282752,1933.9807859122723,1064.930690858724
8837,282784,858.3525112217408,1061.1508826173122
8838,282816,14048.814628883183,1196.8632036609438
8839,282848,75.43077584514302,1194.1694264540654
8840,282880,371.69286491718196,1194.736515604846
8841,282912,395.31372910355765,1190.897698711758
8842,282944,200.1199220284779,1170.8963184367778
8843,282976,809.6831578891084,1174.8173723082825
8844,283008,238.43435602003547,1173.991195025887
8845,283040,258.35269890821195,1101.9549358180727
8846,283072,486.2053148770171,1102.2385103896104
8847,283104,806.0035026638529,1106.623954844065
8848,283136,1280.9622363561964,1116.4896899173802
8849,283168,1962.5464719147394,1123.1763598527193
8850,283200,541.4847074753199,1125.838290446715
8851,283232,5312.492628862043,1176.66572534358
8852,283264,281.2024416807816,1174.5055162570534
8853,283296,1314.0201760990244,1138.757328790165
8854,283328,276.2463880803273,1136.1907790456519
8855,283360,331.4728801242926,1133.8645250858308
8856,283392,114.83571834731902,1130.8294887987795
8857,283424,401.82946738106136,1110.4799051916923
8858,283456,511.20504351231915,1100.5474473775323
8859,283488,455.074987000029,1097.4756720388314
8860,283520,416.0584514845818,1090.2051812357156
8861,283552,2927.451663020339,1105.7521266833005
8862,283584,1505.6430040876505,1116.5915024009253
8863,283616,1257.9471218507197,1126.419806498673
8864,283648,413.0787319271869,1128.2974629910375
8865,283680,858.9667709918157,1131.4565338278292
8866,283712,160.13038048370422,1126.2943453589835
8867,283744,867.0891527717771,1124.2762996121662
8868,283776,882.0370094082615,1127.7882056462684
8869,283808,189.04335095864968,1076.822766619944
8870,283840,1023.5760459092239,1083.9104227571613
8871,283872,2098.438489241383,1099.1059835559695
8872,283904,123.31701888833953,1078.038682794692
8873,283936,2503.5400475768915,1091.8431591165217
8874,283968,412.9378171172271,1092.6047710806795
8875,284000,353.0843665880155,1092.6592601849966
8876,284032,267.21614845371806,1093.0751781433423
8877,284064,1036.9112789805863,1101.7460359373733
8878,284096,564.0889993425108,1101.1943475563085
8879,284128,126.95559951651347,1087.674429641326
8880,284160,224.18281251345158,1084.4194213492194
8881,284192,2544.5507039884506,1100.8652399826365
8882,284224,184.75539685911593,1093.7546577801804
8883,284256,118.54333803227684,1082.9356635344636
8884,284288,291.2874915272652,1080.764278439158
8885,284320,486.8046628241665,1081.2285724210963
8886,284352,893.9065137871262,1067.6200750195685
8887,284384,170.12496271552376,930.8322979730513
8888,284416,107.58736489284402,921.1060378946084
8889,284448,1033.714858819083,926.8954753279746
8890,284480,1115.1349453420357,936.3279111608081
8891,284512,226.37709300700783,937.172417814441
8892,284544,444.10835708225864,934.2491707488133
8893,284576,113.13937390489785,932.3285666730737
8894,284608,3037.4345221818967,953.3050640161683
8895,284640,149.87679637117375,949.327104290022
8896,284672,279.6195650940408,944.0228603909305
8897,284704,605.2908644243854,938.7804787067512
8898,284736,6748.424662458251,1002.9446520407533
8899,284768,6601.876326798882,1051.1837260645493
8900,284800,132.17641464136653,1044.2687841996808
8901,284832,260.1865081244404,1043.4097746482405
8902,284864,407.3363767538558,1028.9517614280894
8903,284896,1118.9727655580134,1023.0733812960389
8904,284928,825.5733344000301,1025.0861009537114
8905,284960,689.5639391767332,1013.5372567349995
8906,284992,241.1044348327486,1004.3084050438289
8907,285024,1235.6561315999056,1014.9837671927787
8908,285056,1225.4212543500685,1021.6088302158811
8909,285088,1358.913426529073,1031.3313594635624
8910,285120,542.4005004051184,1029.3188667416011
8911,285152,455.65673976280095,1025.35821028844
8912,285184,343.37147980804286,1025.8174639592278
8913,285216,983.6664110351143,1028.4351911566894
8914,285248,86.53699805901472,1027.179699329734
8915,285280,2441.706659633528,1049.5597457470883
8916,285312,297.25595823665395,1050.1370084794764
8917,285344,406.9416926180163,1041.0504086789433
8918,285376,537.1582471389513,1042.1185517551976
8919,285408,147.7641475663578,1041.256406695901
8920,285440,693.3212585491538,1040.7727622278587
8921,285472,398.77867707892614,1040.634042024229
8922,285504,1399.1098744086555,1049.9415951734343
8923,285536,450.1319668694839,1046.995633069779
8924,285568,152.27642109983665,1047.4834321480234
8925,285600,297.2190428498228,1049.7377497873672
8926,285632,4892.558215095131,1093.6910409343816
8927,285664,3816.509726001232,1121.5386279786576
8928,285696,613.710140982132,1074.1200361859126
8929,285728,629.7835910802185,1065.754727777024
8930,285760,263.5055004036931,1065.7460865864741
8931,285792,220.17419634106062,1065.8832107650458
8932,285824,204.6059657037644,1055.69474071817
8933,285856,625.5975855489893,1055.9916627129069
8934,285888,236.52253765302672,1055.2806254037137
8935,285920,536.0989710389463,1057.972765472604
8936,285952,468.4890725643424,1043.3178483391246
8937,285984,330.0502002162302,1038.0348252290696
8938,286016,91.50224217244181,898.4617013619618
8939,286048,654.5305854004865,904.2526994575152
8940,286080,374.4303152692053,904.2800739610354
8941,286112,584.4615394901563,906.1715520649014
8942,286144,142.25698902428573,905.5929227348595
8943,286176,381.31217904995333,901.309212946468
8944,286208,282.8656274424043,901.7535256606917
8945,286240,144.91244351708605,900.6191231067805
8946,286272,408.0592743289977,899.8376627013005
8947,286304,360.1688241583819,895.3793159162457
8948,286336,257.22840879360086,885.1419776406198
8949,286368,530.7553633773675,870.824066555246
8950,286400,174.92472967827243,867.1584667772755
8951,286432,258.7376079416195,816.6209165680714
8952,286464,94.23721999855593,814.751264351249
8953,286496,1189.483301094651,813.5058956012053
8954,286528,196.7582068015375,812.7110137884175
8955,286560,112.38099845798835,810.5200949717544
8956,286592,4950.640570398618,858.8781434922673
8957,286624,4383.001675523919,898.6898655736959
8958,286656,279.968747086403,896.3775026094366
8959,286688,804.7703830754998,899.8744565701915
8960,286720,616.9024211002524,901.8828962663481
8961,286752,928.4734226755627,881.8931138629005
8962,286784,861.1787041703519,875.4484708637276
8963,286816,340.15830780433265,866.2705827232637
8964,286848,231.70994805591147,864.4568948845509
8965,286880,765.3613101133747,863.5208402757664
8966,286912,217.62274127138897,864.0957638836431
8967,286944,1447.3976537428277,869.8988488933536
8968,286976,549.2709407328282,866.5711882065993
8969,287008,2428.3919734441397,888.9646744314542
8970,287040,223.89885537123803,880.9679025260743
8971,287072,79.68483333947903,860.7803659670554
8972,287104,2944.1786649669034,888.9889824278409
8973,287136,243.93593700366108,866.3929413221088
8974,287168,322.7332868766592,865.490896019703
8975,287200,1153.914348372605,873.4991958375489
8976,287232,4230.658812477846,913.1336224777903
8977,287264,1280.7778510907158,915.5722881988914
8978,287296,3548.238901495712,945.4137872204235
8979,287328,790.5699576045746,952.0499308013042
8980,287360,158.59752942117382,951.3940779703814
8981,287392,564.5261955904953,931.5938328864019
8982,287424,526.3535005842006,935.0098139236526
8983,287456,1106.1600979625407,944.8859815229551
8984,287488,331.89493454694144,945.2920559531519
8985,287520,3423.0265094126903,974.6542744190372
8986,287552,679.6971424506266,972.5121807056722
8987,287584,883.5794822382837,979.6467259008999
8988,287616,168.08294381749533,980.2516816901464
8989,287648,1331.206876196034,983.2266018639159
8990,287680,930.1880139758567,981.3771325502541
8991,287712,456.1788835676057,983.67515045586
8992,287744,572.4535353266385,984.9586022383039
8993,287776,210.78925466424525,985.9351010458975
8994,287808,275.21061055989384,958.3128619296773
8995,287840,427.5857506108592,961.0899514720741
8996,287872,833.6296288208048,966.6300521093418
8997,287904,446.3588539982322,965.0407320050803
8998,287936,3135.995768324647,928.916443063744
8999,287968,2651.486797890051,889.4125477746559
9000,288000,187.0064879479824,889.9608485077222
9001,288032,477.1646101407454,892.1306295278852
9002,288064,581.2283189430269,893.8695489497768
9003,288096,1379.6237635497775,896.4760589296944
9004,288128,133.7587066386482,889.5579126520805
9005,288160,2312.197975863604,905.7842530189494
9006,288192,1206.760545473795,915.4408141253598
9007,288224,478.6880694381942,907.8711335037428
9008,288256,431.23627219749403,899.9292836822171
9009,288288,608.5434435077035,892.4255838520033
9010,288320,292.5093218306529,889.9266720662587
9011,288352,139.83048276393507,886.76840949627
9012,288384,1017.8514392552104,893.5132090907416
9013,288416,429.73726982299263,887.9739176786204
9014,288448,702.3617332830153,894.1321650308603
9015,288480,4620.679419448857,915.9218926290137
9016,288512,948.2017260723421,922.4313503073705
9017,288544,738.3144833601531,925.7450782147919
9018,288576,224.59647184812948,922.6194604618837
9019,288608,427.95137777554805,925.4213327639758
9020,288640,237.44352480392138,920.8625554265234
9021,288672,651.5111904273385,923.3898805600074
9022,288704,3620.179055346452,945.6005723693854
9023,288736,741.9729783636736,948.5189824843274
9024,288768,1377.7757708515892,960.7739759818448
9025,288800,118.56481450732579,958.9874336984199
9026,288832,567.0592121336189,915.7324436688048
9027,288864,451.2953957275577,882.0803003660682
9028,288896,1161.5436816526474,887.5586357727732
9029,288928,1227.2421067638577,893.5332209296095
9030,288960,877.7095140610472,899.6752610661831
9031,288992,1295.8936861540892,910.4324559643135
9032,289024,224.91596436271323,910.6355559509029
9033,289056,631.395716306785,910.6935372584808
9034,289088,1656.2214419778936,924.8905263017294
9035,289120,1094.90347333929,930.4785713247329
9036,289152,708.058432977929,932.8742649288688
9037,289184,428.82032688114333,933.861966195518
9038,289216,147.97159057345718,934.4266596795281
9039,289248,318.57944334911787,931.0671482590145
9040,289280,1842.3726659636854,945.7465717659593
9041,289312,1040.2273003953744,950.3042293750113
9042,289344,2234.2210254207894,971.2238697389764
9043,289376,274.92659591707775,970.1600139076477
9044,289408,233.38712563081907,969.6652288895318
9045,289440,1135.2722696915548,979.5688271512764
9046,289472,1284.90754436519,988.3373098516383
9047,289504,232.9729679575858,987.0653512896305
9048,289536,70.73219556771538,985.2003891573717
9049,289568,2117.8304524470345,1001.0711400480683
9050,289600,420.402852008943,1003.525921271375
9051,289632,305.5759504206803,1003.9943046961656
9052,289664,212.1124776967797,1005.1730572731478
9053,289696,594.7195703159499,999.2254199653607
9054,289728,971.2231273103633,1006.970069170449
9055,289760,655.8370757576816,1012.404629943446
9056,289792,211.8151804147767,965.0163760436075
9057,289824,2330.1387771960676,944.487747060329
9058,289856,6099.714824719226,1002.6852078366571
9059,289888,241.43577247145572,997.0518617306168
9060,289920,1636.0718508331659,1007.2435560279459
9061,289952,8811.711270014684,1086.0759345013373
9062,289984,937.5596678890465,1086.839744138524
9063,290016,1015.2878323915351,1093.591039384396
9064,290048,173.09184047168458,1093.0048583085538
9065,290080,990.3291975201821,1095.254537182622
9066,290112,199.07716776826953,1095.0690814475909
9067,290144,259.85087710741027,1083.1936136812371
9068,290176,581.0130750208494,1083.5110350241173
9069,290208,437.22292826415315,1063.599344572317
9070,290240,414.8489454770054,1065.5088454733745
9071,290272,1029.4847311588378,1075.0068444515682
9072,290304,333.6125925460377,1048.9011837273597
9073,290336,1192.57430348483,1058.3875673921714
9074,290368,606.8720159930499,1061.2289546833351
9075,290400,1209.6774360394804,1061.786585560004
9076,290432,3698.5347430913353,1056.4653448661388
9077,290464,1929.5481794636137,1062.9530481498678
9078,290496,435.54057563501686,1031.8260648912608
9079,290528,763.4026862558977,1031.5543921777742
9080,290560,391.23793306053165,1033.8807962141677
9081,290592,888.2936116369817,1037.1184703746326
9082,290624,824.7938562319882,1040.1028739311103
9083,290656,919.777261549715,1038.2390455669822
9084,290688,449.1100278273953,1039.4111964997867
9085,290720,190.20616647696306,1007.0829930704293
9086,290752,601.8958371817064,1006.3049800177403
9087,290784,307.0117404661219,1000.5393026000186
9088,290816,745.0532473080447,1006.3090056349239
9089,290848,276.6363379998909,995.7633002529627
9090,290880,1032.1021585864912,996.7824416990691
9091,290912,856.8131050905207,1000.7887839142983
9092,290944,514.9300858798468,1000.2135494198303
9093,290976,1006.8645307916106,1008.1743021811039
9094,291008,213.30394768202586,1007.5552355523253
9095,291040,449.5911162019859,1007.7752892082365
9096,291072,3126.930606665428,1030.7082989866826
9097,291104,770.7089428171312,1033.9517998748718
9098,291136,292.6614684249756,1005.518456875875
9099,291168,1146.0897430463347,990.4644863274378
9100,291200,1340.7735964443482,1002.0021574124015
9101,291232,22526.593066329413,1222.496441974288
9102,291264,479.0156695377362,1221.4743154802352
9103,291296,617.7388631985447,1213.855466476723
9104,291328,518.178563253517,1217.6996650428716
9105,291360,698.8183928195162,1201.5658692124307
9106,291392,514.604210798381,1194.6443058656764
9107,291424,330.19506340089777,1193.1593758053036
9108,291456,328.2879600832974,1192.1298926841616
9109,291488,955.0659946687126,1195.5951181957716
9110,291520,3414.429325990683,1226.8143182373722
9111,291552,714.47143684556,1232.5607277781885
9112,291584,1264.787086859083,1235.0300842542272
9113,291616,588.6255797912148,1236.6189673539093
9114,291648,103.99594434218723,1230.635309464501
9115,291680,379.6563150317208,1188.2250784203295
9116,291712,6141.101151734052,1240.1540726769467
9117,291744,950.9202778929971,1242.280130622275
9118,291776,495.6000699899994,1244.9901666036938
9119,291808,709.4755544944124,1247.8054083708823
9120,291840,1055.1097596799025,1255.9820707196423
9121,291872,1198.7129911446066,1261.4540887268151
9122,291904,3949.129422371019,1264.7435923970606
9123,291936,183.35493135050177,1259.157411926929
9124,291968,650.7503424545198,1251.8871576429583
9125,292000,387.6797191078421,1254.5783066889633
9126,292032,555.7268017162195,1254.4649825847891
9127,292064,334.8117101114218,1253.300145728628
9128,292096,900.4512323683105,1250.6892212357845
9129,292128,3594.89657708159,1274.3657659389619
9130,292160,93.1561799204892,1266.5202325975563
9131,292192,300.92227332212,1256.5705184692365
9132,292224,2825.1303374762465,1282.572662200372
9133,292256,655.8089387961717,1282.8167944252657
9134,292288,896.8204909889496,1275.2227849153762
9135,292320,316.50558828414944,1267.438806064825
9136,292352,1948.9718830018674,1279.8479405650644
9137,292384,305.02894718871045,1278.61002676814
9138,292416,223.4070718845748,1279.3643815812513
9139,292448,320.4956317619197,1279.3835434653795
9140,292480,243.37981034275478,1263.3936149091699
9141,292512,2266.726039369586,1275.658602298912
9142,292544,693.6762289355052,1260.2531543340594
9143,292576,216.18760289944277,1259.665764403883
9144,292608,422.11130991163276,1261.553006246691
9145,292640,303.14122157416625,1253.231695765517
9146,292672,987.2413384962756,1250.255033706828
9147,292704,352.7104593365607,1251.452408620618
9148,292736,341.35957205887826,1254.1586823855298
9149,292768,363.64753394462514,1236.6168532005054
9150,292800,308.1164228752666,1235.4939889091684
9151,292832,254.92550966184518,1234.98748450158
9152,292864,389.8393650718013,1236.7647533753302
9153,292896,342.29514519595074,1234.2405091241303
9154,292928,200.9122036640189,1226.537399887667
9155,292960,1404.3780029459658,1234.02280915955
9156,292992,371.00086433247196,1235.614665998727
9157,293024,2813.2361461720243,1240.4456396884866
9158,293056,1968.4192001208978,1199.132683442503
9159,293088,2855.64000384941,1225.2747257562824
9160,293120,4084.431866852945,1249.7583259164803
9161,293152,429.4697386862382,1165.9359106031961
9162,293184,859.9620680880605,1165.1599346051864
9163,293216,321.8485442722327,1158.2255417239933
9164,293248,1303.1921226333773,1169.52654454561
9165,293280,788.3827113513959,1167.507079683922
9166,293312,328.3078936255115,1168.7993869424945
9167,293344,1139.736463137876,1177.5982428027992
9168,293376,2276.5362555027923,1194.5534746076187
9169,293408,1709.7676897481492,1207.2789222224587
9170,293440,469.94452781585295,1207.829878045847
9171,293472,816.3023972511855,1205.6980547067703
9172,293504,874.0960995299187,1211.1028897766093
9173,293536,1133.2561452315372,1210.5097081940764
9174,293568,331.6801506295844,1207.7577895404418
9175,293600,1069.5993748478725,1206.3570089285256
9176,293632,232.22833515468355,1171.693944849159
9177,293664,849.6364932211491,1160.8948279867345
9178,293696,180.25913724344468,1158.3420136028185
9179,293728,380.3752642321549,1154.5117393825813
9180,293760,160.58772110944554,1152.2052372630703
9181,293792,1769.06921116044,1161.012993258305
9182,293824,423.83425796616274,1157.0033972756469
9183,293856,1624.868740104013,1164.0543120611896
9184,293888,1003.3599074004891,1169.5968108569207
9185,293920,922.3843388689111,1176.9185925808404
9186,293952,321.29820600531554,1174.1126162690766
9187,293984,186.60446290188523,1172.9085434934343
9188,294016,1155.0903506957677,1177.0089145273114
9189,294048,419.50890930811005,1178.4376402403936
9190,294080,6514.2613553606025,1233.2592322081346
9191,294112,1194.8103869164331,1236.6392050263935
9192,294144,8209.356424689762,1313.5834684144927
9193,294176,1085.0554601433469,1314.36537770801
9194,294208,911.9337960258111,1321.351676191448
9195,294240,361.3433697996136,1320.4691987274243
9196,294272,348.38269565320127,1292.6837196173021
9197,294304,172.37110875257173,1286.7003412766567
9198,294336,1848.789119867469,1302.2616177910818
9199,294368,383.25071603027595,1294.633227520921
9200,294400,1091.9999229133941,1292.1454907856114
9201,294432,210.99018093639,1068.9894619316813
9202,294464,331.128834852424,1067.510593584828
9203,294496,492.54184294326893,1066.2586233822751
9204,294528,369.485570120584,1064.7716934509458
9205,294560,343.9807561925643,1061.2233170846762
9206,294592,570.9659947389102,1061.7869349240816
9207,294624,609.1306396608493,1064.576290686681
9208,294656,661.5726458599129,1067.909137544447
9209,294688,1767.5513485883052,1076.033991083643
9210,294720,176.94443834251507,1043.6591422071617
9211,294752,204.6710180521055,1038.5611380192272
9212,294784,369.3734439456296,1029.6070015900923
9213,294816,1471.2640838357872,1038.4333866305383
9214,294848,45.88658292237307,1037.85229301634
9215,294880,98.44929246960345,1035.0402227907189
9216,294912,468.02860773919633,978.3094973507702
9217,294944,810.5571670477274,976.9058662423176
9218,294976,1548.72996892322,987.4371652316497
9219,295008,154.79643292335228,981.8903740159391
9220,295040,1024.0362807319598,981.5796392264597
9221,295072,304.79217887431525,972.6404311037568
9222,295104,662.507682324695,939.7742137032935
9223,295136,1065.574946009783,948.5964138498863
9224,295168,779.5079916877918,949.883990342219
9225,295200,208.48967140056942,948.0920898651464
9226,295232,899.510139173394,951.5299232397182
9227,295264,563.5136483134884,953.8169426217388
9228,295296,707.9989390211668,951.8924196882674
9229,295328,873.7268689941371,924.6807226073929
9230,295360,529.9661101068937,929.048821909257
9231,295392,1062.5171406341376,936.6647705823772
9232,295424,736.759590399982,915.7810631116145
9233,295456,542.7193604130741,914.6501673277834
9234,295488,1015.9941697931453,915.8419041158253
9235,295520,1111.037069067634,923.7872189236602
9236,295552,1373.0696148697768,918.0281962423394
9237,295584,6130.145063593413,976.2793574063863
9238,295616,392.5473367815888,977.9707600553565
9239,295648,563.7007936078909,980.4028116738162
9240,295680,1307.3450461512778,991.0424640319013
9241,295712,483.86373700661903,973.2138410082719
9242,295744,246.22557266309735,968.7393344455477
9243,295776,896.9594124446879,975.547052541
9244,295808,682.479711608777,978.1507365579714
9245,295840,489.83904628771006,980.017714805107
9246,295872,799.853238216098,978.1438338023052
9247,295904,739.7466317007671,982.0141955259472
9248,295936,1401.005860943098,992.6106584147894
9249,295968,207.04061788280836,991.0445892541713
9250,296000,1056.874108168262,998.5321661071013
9251,296032,2282.689126644529,1018.809802276928
9252,296064,1274.5746860886234,1027.6571554870961
9253,296096,1654.6781258057008,1040.780985293194
9254,296128,122.67454548928461,1039.9986087114464
9255,296160,294.9737401549454,1028.9045660835363
9256,296192,937.7667467256632,1034.5722249074684
9257,296224,733.2625570883959,1013.7724890166319
9258,296256,1084.392209859907,1004.932219114022
9259,296288,448.0393282743521,980.8562123582714
9260,296320,709.4556976196684,947.1064506659386
9261,296352,2393.4802142753992,966.7465554218302
9262,296384,2265.812316461479,980.8050579055646
9263,296416,543.0423604644128,983.0169960674864
9264,296448,5252.7153091305945,1022.5122279324587
9265,296480,244.8245513153253,1017.0766463320978
9266,296512,1279.9429423418246,1026.5929968192609
9267,296544,1801.8341278327205,1033.2139734662094
9268,296576,338.33730205560323,1013.8319839317375
9269,296608,1017.3442072733312,1006.9077491069893
9270,296640,707.6724889336757,1009.2850287181675
9271,296672,809.6236639323463,1009.2182413849791
9272,296704,850.0113971497145,1008.9773943611773
9273,296736,1703.9056949877984,1014.6838898587398
9274,296768,292.40378905812315,1014.291126243025
9275,296800,3836.9621536526743,1041.964754031073
9276,296832,1121.6003130917138,1050.8584738104432
9277,296864,430.0506097731045,1046.6626149759627
9278,296896,1001.0258429421563,1054.8702820329502
9279,296928,264.81459745487007,1053.714675365177
9280,296960,513.5563964851491,1057.2443621189345
9281,296992,488.4146796953065,1044.4378168042829
9282,297024,341.6095463449903,1043.6155696880712
9283,297056,556.9029190405873,1032.935911477437
9284,297088,224.8289276173341,1025.1506016796054
9285,297120,451.0864002041897,1020.437622292958
9286,297152,168.60012340361405,1018.9106414669411
9287,297184,411.2390959832343,1021.1569877977546
9288,297216,200.62746068023728,1011.6123588975992
9289,297248,599.2482794383217,1013.4097525989014
9290,297280,839.9988555630347,956.6671276009257
9291,297312,3289.392962418906,977.6129533559504
9292,297344,930.3543823858746,904.8229329329116
9293,297376,11579.436379282963,1009.7667421243076
9294,297408,1368.9427582916946,1014.3368317469665
9295,297440,805.2782283971394,1018.7761803329416
9296,297472,319.93233669256335,1018.4916767433355
9297,297504,253.74521396035942,1019.3054177954134
9298,297536,370.2881635308473,1004.5204082320472
9299,297568,234.32735631669735,1003.0311746349114
9300,297600,1265.1386072092819,1004.7625614778702
9301,297632,495.87453953279373,1007.6114050638342
9302,297664,1754.4675848187208,1021.8447925634972
9303,297696,223.4809218251046,1019.1541833523156
9304,297728,2104.8182960944805,1036.5075106120546
9305,297760,504.0519685562541,1038.1082227356912
9306,297792,339.5387196450889,1035.793949984753
9307,297824,311.66894426830464,1032.819333030828
9308,297856,1303.5622731787994,1039.2392293040166
9309,297888,245.12110108949528,1024.0149268290286
9310,297920,1292.883721279758,1035.174319658401
9311,297952,742.6712656809281,1040.554322134689
9312,297984,1112.310592412706,1047.9836936193599
9313,298016,119.48583999195547,1034.4659111809217
9314,298048,726.9884746765032,1041.276930098463
9315,298080,259.1751491932193,1042.8841886656992
9316,298112,703.6588702088637,1045.240491290396
9317,298144,304.6211720823592,1040.1811313407422
9318,298176,256.4251828767096,1027.258083480277
9319,298208,472.63647602439914,1030.4364839112877
9320,298240,181.76143631915843,1022.0137354671594
9321,298272,5018.442214215828,1069.1502358205746
9322,298304,1032.1631092251844,1072.8467900895796
9323,298336,616.1809035395714,1068.3528496648773
9324,298368,829.0838611863459,1068.848608359863
9325,298400,204.17260282928257,1068.80543767415
9326,298432,892.440325089808,1068.7347395333138
9327,298464,15728.777992982668,1220.3873829800057
9328,298496,804.2666777972431,1221.3500603677667
9329,298528,8517.85896411109,1297.7913813189361
9330,298560,910.1715175591432,1301.5934353934588
9331,298592,604.5750969239585,1297.014014956357
9332,298624,948.1626256626143,1299.1280453089835
9333,298656,1196.5369383420557,1305.6662210882732
9334,298688,405.66276421630573,1299.5629070325049
9335,298720,519.9219815225515,1293.6517561570538
9336,298752,831.2800775335211,1288.2338607836912
9337,298784,204.59862479350673,1228.9783963956925
9338,298816,910.0517629709185,1234.1534406575856
9339,298848,480.979813453057,1233.3262308560375
9340,298880,676.4399249853703,1227.0171796443783
9341,298912,832.8488473057719,1230.50703074737
9342,298944,837.4367820487605,1236.4191428412264
9343,298976,283.30037033134715,1230.282552420093
9344,299008,451.60950235237016,1227.973850327529
9345,299040,554.1505568656385,1228.6169654333085
9346,299072,771.716966713405,1228.3356027182817
9347,299104,824.7281522101517,1229.1854179233753
9348,299136,413.1967998310705,1219.307327312255
9349,299168,1315.0245199567355,1230.3871663329942
9350,299200,388.812174308014,1223.7065469943916
9351,299232,401.54372772016904,1204.895093005148
9352,299264,192.15051101814234,1194.0708512544431
9353,299296,527.4330935637701,1182.7984009320237
9354,299328,400.0003732142412,1185.5716592092733
9355,299360,1250.77311667533,1195.1296529744773
9356,299392,3815.4008077143667,1223.9059935843645
9357,299424,1048.388169245303,1227.0572497059334
9358,299456,956.7946927834967,1225.7812745351694
9359,299488,1533.3612078761375,1236.6344933311873
9360,299520,131.9792929924232,1230.8597292849147
9361,299552,1467.0761999515419,1221.595689141676
9362,299584,354.36525001021243,1202.4812184771633
9363,299616,510.18689950999817,1202.1526638676191
9364,299648,147.52847176341092,1151.1007954939473
9365,299680,1443.3861050397072,1163.0864110311913
9366,299712,655.1488318790043,1156.8384699265632
9367,299744,1681.3142449218417,1155.6332710974543
9368,299776,567.8053399521872,1157.92795147642
9369,299808,301.90250526049914,1150.7735344562918
9370,299840,298.57893209991073,1146.6825988879543
9371,299872,265.69128997494084,1141.24327514838
9372,299904,574.6951388160858,1138.4901125650438
9373,299936,188.5687026515436,1123.3367426416812
9374,299968,547.7922169041561,1125.8906269201414
9375,300000,341.7734230622313,1090.938739614237
9376,300032,1942.669970298345,1099.1494361863033
9377,300064,189.12251012148073,1096.740155189787
9378,300096,118.95923989045384,1087.9194891592701
9379,300128,146.41945764220813,1086.7355377611436
9380,300160,344.1474312724623,1085.041448109017
9381,300192,591.6843051765006,1086.074144363829
9382,300224,421.1366363648326,1086.8694152640273
9383,300256,581.0060216136045,1087.1104462897572
9384,300288,489.141295642746,1089.7535699700113
9385,300320,1029.0675067868024,1095.5333810358375
9386,300352,3469.358808255658,1128.5409678843578
9387,300384,926.2505260488086,1133.6910821850136
9388,300416,333.9343275841205,1135.0241508540523
9389,300448,2343.1467935052387,1152.4631359947214
9390,300480,904.8316282698621,1153.1114637217897
9391,300512,215.81697318233282,1122.375703829424
9392,300544,438.49990164537735,1117.4571590220191
9393,300576,663.3853715218764,1008.2966489444084
9394,300608,2979.832105240949,1024.4055424139008
9395,300640,5999.282892307152,1076.3455890530008
9396,300672,391.1667089808512,1077.057932775884
9397,300704,456.38856909820413,1079.0843663272624
9398,300736,539.1962984954044,1080.773447676908
9399,300768,491.7937217704792,1083.348111331446
9400,300800,375.96500635101705,1074.456375322863
9401,300832,516.3951245651142,1074.6615811731863
9402,300864,406.3682966094803,1061.180588291094
9403,300896,903.0097791789622,1067.9758768646325
9404,300928,331.8339072407782,1050.2460329760952
9405,300960,333.54389849286906,1048.5409522754614
9406,300992,1980.0320218100208,1064.9458852971109
9407,301024,4856.593504892665,1110.3951309033546
9408,301056,535.0378165859249,1102.7098863374258
9409,301088,377.43211505797586,1104.0329964771104
9410,301120,1416.759492689853,1105.2717541912114
9411,301152,215.4343641730269,1099.9993851761326
9412,301184,2090.9977579376746,1109.7862568313824
9413,301216,2455.8524211983045,1133.149922643446
9414,301248,1109.3927051699097,1136.97396494838
9415,301280,3149.7689259849594,1165.879902716297
9416,301312,172.5468497608037,1160.5687825118166
9417,301344,296.1722635474366,1160.4842934264675
9418,301376,369.7774815128157,1161.6178164128285
9419,301408,613.2812631546483,1163.0242642841313
9420,301440,272.2500195362775,1163.9291501163023
9421,301472,442.97011348809764,1118.174429109025
9422,301504,414.13137629103227,1111.9941117796834
9423,301536,437.85014483666725,1110.2108041926542
9424,301568,599.3142517963033,1107.9131080987538
9425,301600,1578.9159452378144,1121.6605415228391
9426,301632,612.5263569107588,1118.8614018410483
9427,301664,331.00459521720103,964.883667863394
9428,301696,987.9472925605355,966.7204740110268
9429,301728,354.70642025195406,885.0889485724356
9430,301760,981.5616589797139,885.8028499866414
9431,301792,1036.8135279562673,890.1252342969644
9432,301824,591.0740704486036,886.5543487448242
9433,301856,1768.2729428164562,892.2717087895682
9434,301888,161.6627715414143,889.8317088628191
9435,301920,1069.8633409472695,895.3311224570664
9436,301952,2914.035775770479,916.158679439436
9437,301984,358.3310665674456,917.6960038571755
9438,302016,1383.1805208205362,922.4272914356716
9439,302048,498.7900884177532,922.6053941853187
9440,302080,751.3554666814472,923.3545496022793
9441,302112,325.9842559431062,918.2859036886526
9442,302144,1661.6309453299841,926.527845321465
9443,302176,175.90906332629945,925.4539322514145
9444,302208,964.1198862098336,930.5790360899891
9445,302240,157.75788645600676,926.6151093858929
9446,302272,867.8026202481022,927.5759659212398
9447,302304,296.83963470739167,922.2970807462124
9448,302336,281.54388025866837,920.9805515504883
9449,302368,308.7775839701473,910.9180821906224
9450,302400,294.59801205107686,909.9759405680529
9451,302432,1026.7052286994897,916.227555577846
9452,302464,1374.343981557019,928.0494902832348
9453,302496,525.7628927286374,928.0327882748836
9454,302528,913.745448343194,933.1702390261731
9455,302560,123.52285187856778,921.8977363782055
9456,302592,3582.4697001954305,919.5684253030162
9457,302624,274.5453669222328,911.8299972797854
9458,302656,1743.8304333535086,919.7003546854855
9459,302688,245.7528410427426,906.8242710171515
9460,302720,289.6833972181869,908.4013120594092
9461,302752,542.1972932757394,899.1525229926511
9462,302784,3320.161764840853,928.8104881409577
9463,302816,311.4212125056917,926.8228312709145
9464,302848,1507.2841479516328,940.4203880327967
9465,302880,203.41079651308814,928.0206349475305
9466,302912,696.8697357331464,928.437843986072
9467,302944,175.56915809781376,913.3803931178317
9468,302976,410.8632337112931,911.8109720554227
9469,303008,498.39720596746,913.7759190624922
9470,303040,334.1034943567953,914.1311646850611
9471,303072,1380.0964951701324,925.275216737013
9472,303104,445.8648471549374,923.9869138204016
9473,303136,302.5066257576594,925.1262930514627
9474,303168,1727.375294255757,936.9221238249787
9475,303200,572.040374330516,939.2247933376617
9476,303232,1019.1171425183365,929.9892650598615
9477,303264,930.9752355583742,937.4077923142305
9478,303296,160.58434774076315,937.8240433927335
9479,303328,418.69347409661265,940.5467835572775
9480,303360,503.2913505858455,942.1382227504114
9481,303392,519.6002464844687,941.417382163491
9482,303424,300.4303940011192,940.2103197398538
9483,303456,223.5687635789193,936.6359471595069
9484,303488,188.24650760864046,933.6269992791661
9485,303520,1360.4702361759953,936.9410265730579
9486,303552,1685.7220111102026,919.1046586016034
9487,303584,451.58067538362974,914.3579600949515
9488,303616,932.5895458078372,920.3445122771886
9489,303648,268.9189521304913,899.6022338634413
9490,303680,140.85179888282948,891.9624355695709
9491,303712,2600.0508989005098,915.8047748267526
9492,303744,512.2162874423352,916.5419386847223
9493,303776,1004.5890402803993,919.9539753723076
9494,303808,867.4354597340123,898.8300089172382
9495,303840,1416.9947084879796,853.0071270790464
9496,303872,283.5500187807114,851.9309601770451
9497,303904,1598.2839881928087,863.3499143679911
9498,303936,1863.8216173908934,876.596167556946
9499,303968,140.5361109914472,873.0835914491556
9500,304000,415.86348610823376,873.4825762467277
9501,304032,751.8334116897656,875.8369591179743
9502,304064,480.99112190488995,876.5831873709285
9503,304096,755.548103948836,875.1085706186271
9504,304128,467.9393284703181,876.4696248309226
9505,304160,183.97103113985804,874.9738961573925
9506,304192,614.6053486962209,861.3196294262544
9507,304224,31017.78647101586,1122.9315590874864
9508,304256,580.5485468197905,1123.3866663898252
9509,304288,246.48858041911856,1122.0772310434365
9510,304320,532.9078792666116,1113.2387149092044
9511,304352,324.8318288669851,1114.332689556144
9512,304384,221.12295628298244,1095.6339415395971
9513,304416,366.36485908575924,1074.7390659184716
9514,304448,1960.3110018228965,1083.2482488850014
9515,304480,113.57359928841782,1052.8862956180358
9516,304512,173.0852087355249,1052.891679207783
9517,304544,188.19425872779846,1051.8118991595866
9518,304576,2204.2986318682415,1070.1571106631407
9519,304608,827.9599927428201,1072.3038979590226
9520,304640,977.7763559807236,1079.359161323467
9521,304672,1556.3812290996977,1090.493272479583
9522,304704,306.46878144319743,1089.4166465311048
9523,304736,257.7572801689028,1087.615717884427
9524,304768,130.1231064583726,1082.923806431048
9525,304800,525.8180166396064,1072.3928271450657
9526,304832,360.5385146989837,1069.872948722948
9527,304864,522.4874667392431,1071.7877774381684
9528,304896,637.6375983812547,1068.2846804963756
9529,304928,239.60775164921634,1067.1336938103484
9530,304960,256.88129682293004,1059.8868901887804
9531,304992,1226.653530596251,1061.78529021518
9532,305024,95.51560214454238,1056.8297055321395
9533,305056,704.2376329403036,1046.189352433378
9534,305088,834.4484374009845,1052.9172090919737
9535,305120,832.7972500984254,1050.5465481834854
9536,305152,328.8112539001529,1024.694302964782
9537,305184,1661.985149041635,1037.730843789524
9538,305216,437.63363590123396,1028.275374940331
9539,305248,515.4662214979364,1028.4421362711328
9540,305280,541.2636751591533,1026.3412183559096
9541,305312,1087.1890391674876,1033.9532661881537
9542,305344,276.48773727605817,1020.1018341076144
9543,305376,499.3294057358501,1023.33603753171
9544,305408,467.579106362268,1018.3706297332342
9545,305440,802.463075564216,1024.8176816243163
9546,305472,1296.0476344339581,1029.100131766175
9547,305504,282.6312166527133,1028.9580475856283
9548,305536,1579.7761542518235,1041.9403703255596
9549,305568,3125.3374566376997,1070.1059690522352
9550,305600,2112.737585746268,1088.2873647891872
9551,305632,293.12361993446285,1080.9515487015367
9552,305664,946.1767081857981,1076.6698759678245
9553,305696,741.0656188555811,1078.822903229094
9554,305728,2477.681029937221,1094.4622590450342
9555,305760,786.4125873734108,1101.0911563999828
9556,305792,323.59989762441785,1068.5024583742727
9557,305824,464.1502304315601,1070.3985070093659
9558,305856,9426.462325237742,1147.2248259282082
9559,305888,560.4957866897414,1150.372255384678
9560,305920,197.42567379583014,1149.4496781504545
9561,305952,2771.369574124779,1171.741400958945
9562,305984,126.92081165197635,1139.8089914270563
9563,306016,1788.7255238028386,1154.5820345400277
9564,306048,426.67264104251257,1143.7759194709367
9565,306080,3317.3891624538096,1174.915703130344
9566,306112,497.8705771156571,1172.925711544169
9567,306144,2771.3278670210693,1198.8832986334016
9568,306176,544.8763230155814,1200.2234295264445
9569,306208,1231.6594563859755,1207.5560520306296
9570,306240,605.9487096511862,1210.2745041835735
9571,306272,279.6411469868611,1199.269950701741
9572,306304,285.4367477181449,1197.665669707373
9573,306336,140.93023928812877,1196.0499058426776
9574,306368,284.42458377848817,1181.620398737905
9575,306400,410.1015040625687,1180.0010100352256
9576,306432,757.6401292042074,1177.386239902084
9577,306464,821.7463242973303,1176.2939507894735
9578,306496,245.54236967057608,1177.1435310087716
9579,306528,1781.3018126774818,1190.76961439458
9580,306560,2956.7214630677845,1215.3039155193999
9581,306592,213.54867024643914,1212.2433997570197
9582,306624,2132.351884615077,1230.5626146631591
9583,306656,142.19704464613704,1229.7488974738314
9584,306688,144.45333953953346,1229.3109657931404
9585,306720,1291.984258521081,1228.626106016591
9586,306752,1305.638121597989,1224.8252671214686
9587,306784,330.9024741470887,1223.6184851091034
9588,306816,178.27643980037075,1216.0753540490289
9589,306848,864.1570820470209,1222.027735348194
9590,306880,289.6600903072904,1223.5158182624386
9591,306912,660.5266715659623,1204.1205759890931
9592,306944,506.6513407947097,1204.0649265226168
9593,306976,362.84977058497526,1197.6475338256623
9594,307008,307.2042524834282,1192.0452217531567
9595,307040,3293.732954563739,1210.8126042139143
9596,307072,809.0466645527177,1216.0675706716345
9597,307104,643.0038612802346,1206.5147694025086
9598,307136,3874.972965295949,1226.6262828815593
9599,307168,380.52461246382063,1229.026167896283
9600,307200,231.9739141553084,1227.1872721767538
9601,307232,1452.411399614498,1234.1930520560013
9602,307264,671.8644870400004,1236.1017857073523
9603,307296,507.81806635399585,1233.624485331404
9604,307328,419.56203986485764,1233.1407124453492
9605,307360,275.18787865502276,1234.052880920501
9606,307392,292.21704626793843,1230.828997896218
9607,307424,3250.515195024257,953.1562851363019
9608,307456,398.929596993728,951.3400956380414
9609,307488,2026.4485015351077,969.1396948492012
9610,307520,1219.7796018986537,976.0084120755217
9611,307552,905.76076133945,981.8177014002463
9612,307584,469.29385099750226,984.2994103473916
9613,307616,1646.8215501444176,997.1039772579783
9614,307648,893.9417041558811,986.4402842813081
9615,307680,289.03457958598494,988.1948940842838
9616,307712,355.69205724697196,990.0209625693982
9617,307744,1321.1128370886868,1001.3501483530071
9618,307776,406.83734819127244,983.3755355162374
9619,307808,2613.728682228075,1001.23322241109
9620,307840,369.362748833557,995.1490863396183
9621,307872,394.85744265552955,983.5338484751767
9622,307904,579.1921459395901,986.2610821201404
9623,307936,549.0043679394495,989.1735529978458
9624,307968,5474.387952006999,1042.6162014533322
9625,308000,688.8077679195878,1044.246098966132
9626,308032,126.98984112532648,1041.9106122303956
9627,308064,1796.766254727192,1054.653400110275
9628,308096,1713.7445847548051,1065.4144699740104
9629,308128,1337.5555560562896,1076.393948018081
9630,308160,3313.2583191672848,1106.9577182415246
9631,308192,194.74212067525494,1096.6386041423145
9632,308224,452.77645791406644,1100.2112127000098
9633,308256,611.7745556994064,1099.2865819276012
9634,308288,1117.8854674977033,1102.1209522285683
9635,308320,193.68255707223716,1095.7298052983065
9636,308352,135.88659310313741,1093.8005586903364
9637,308384,346.3539593943597,1080.6442467938634
9638,308416,502.9119616102819,1081.2970300509542
9639,308448,409.6829763435424,1080.23919759941
9640,308480,623.3334801570811,1081.0598956493893
9641,308512,867.5323674161609,1078.863328931876
9642,308544,217.02634502183668,1078.2687150093336
9643,308576,497.81395818902206,1078.2535605338653
9644,308608,309.6435047106754,1076.6742045173494
9645,308640,102.6500277385167,1069.6760740390926
9646,308672,403.6739333756274,1060.7523370285091
9647,308704,774.6010436019072,1065.6720352980012
9648,308736,570.7769327577564,1055.5820430830604
9649,308768,222.59778923754925,1026.5546464090592
9650,308800,1459.7940169759054,1020.0252107213553
9651,308832,466.8223217653622,1021.7621977396643
9652,308864,1739.0552766486476,1029.6909834242929
9653,308896,195.27241039875292,1024.2330513397246
9654,308928,281.7328272386172,1002.2735693127386
9655,308960,4350.477188037729,1037.9142153193818
9656,308992,1898.1484037631196,1053.6597003807685
9657,309024,414.6780920199894,1053.164978996653
9658,309056,162.93518320817026,960.5297075763574
9659,309088,313.8489454455633,958.0632391639157
9660,309120,503.54623159004103,961.1244447418578
9661,309152,269.74974000286704,936.1082464006386
9662,309184,2683.224063793724,961.671278922056
9663,309216,589.4093130038448,949.678116814066
9664,309248,474.3863726946532,950.1552541305874
9665,309280,1681.5143470186833,933.7965059762362
9666,309312,922.8142900409755,938.0459431054894
9667,309344,321.3039752324371,913.5457041876031
9668,309376,195.6394367447703,910.0533353248951
9669,309408,684.4690791217456,904.5814315522526
9670,309440,1183.5580556715056,910.3575250124558
9671,309472,470.1736485501102,912.2628500280885
9672,309504,655.1791155296758,915.9602737062037
9673,309536,249.49902446513775,917.0459615579737
9674,309568,315.89441437974415,917.3606598639863
9675,309600,852.5211067819416,921.7848558911802
9676,309632,394.27683990480847,918.1512229981861
9677,309664,2284.365077539916,932.777410530612
9678,309696,437.16742101583384,934.6936610440645
9679,309728,1324.7488685234814,930.1281316025244
9680,309760,201.77294935031838,902.5786464653498
9681,309792,245.33097828876888,902.896469545773
9682,309824,150.15397802572127,883.0744904798795
9683,309856,369.64170342334955,885.3489370676517
9684,309888,409.9457924308885,888.0038615965652
9685,309920,1265.1213570285197,887.7352325816396
9686,309952,2742.8094081801555,902.1069454474613
9687,309984,16241.530032705743,1061.2132210330478
9688,310016,439.03243389237446,1063.8207809739679
9689,310048,771.8268311979928,1062.8974784654777
9690,310080,367.2018378563419,1063.6728959409681
9691,310112,324.67964393892737,1060.3144256646979
9692,310144,1205.8902163537387,1067.306814420288
9693,310176,562.3525578132512,1069.301842292571
9694,310208,1263.626264694991,1078.8660624146867
9695,310240,2712.885481278207,1073.0575876818311
9696,310272,1276.0690117474517,1077.7278111537785
9697,310304,199.07509774657808,1073.2885235184417
9698,310336,743.4269769332532,1041.973063634815
9699,310368,860.4417764481901,1046.7722352746587
9700,310400,1112.7972008451404,1055.580468141557
9701,310432,981.0177032796787,1050.8665311782088
9702,310464,627.85804923607,1050.4264668001695
9703,310496,133.8961809958893,1046.6872479465883
9704,310528,321.34483899397605,1045.7050759378797
9705,310560,462.86191026476786,1047.581816253977
9706,310592,236.9696431715158,1047.0293422230127
9707,310624,221.29697227313815,1016.7371599955017
9708,310656,571.570057735468,1018.4635646029191
9709,310688,2342.613801253421,1021.6252176001021
9710,310720,97.92942952203283,1010.406715876336
9711,310752,3154.1398917876945,1032.8905071808185
9712,310784,328.3149470327565,1031.4807181411709
9713,310816,392.5211931743003,1018.9377145714697
9714,310848,744.9038990763789,1017.4473365206746
9715,310880,1315.1329277593923,1027.7083200024088
9716,310912,735.8440274725938,1031.509839704665
9717,310944,127.12150792171096,1019.5699264129953
9718,310976,351.2518990525129,1019.0140719216078
9719,311008,776.5897977751154,1000.642683077078
9720,311040,536.7191725379504,1002.3162473141218
9721,311072,1068.1096492372476,1009.0487693799391
9722,311104,5976.426786134568,1063.021115781889
9723,311136,936.6976188557561,1066.8980482910522
9724,311168,872.2146798147865,1020.87631556913
9725,311200,550.5217321730289,1019.4934552116644
9726,311232,908.9626248913272,1027.3131830493242
9727,311264,569.9356989425858,1015.0448774914782
9728,311296,1506.0453549704955,1012.9678851936351
9729,311328,611.6311875304049,1005.7086415083763
9730,311360,3923.437846485947,1011.8104367815629
9731,311392,619.8288184322246,1016.0613037591327
9732,311424,434.63869785103327,1015.8799261585024
9733,311456,342.3938545636456,1013.1861191471445
9734,311488,234.15284198798628,1004.3487928920474
9735,311520,2397.54834357142,1026.3874507570395
9736,311552,679.1137030035136,1031.819721856043
9737,311584,6081.031882276638,1089.1665010848658
9738,311616,328.0265623441473,1087.4176470922043
9739,311648,277.1747544752146,1086.0925648735213
9740,311680,3078.416658294596,1110.6433966548964
9741,311712,1419.6377428506312,1116.1644504092412
9742,311744,672.2541111228163,1120.716728070251
9743,311776,1536.4233066301058,1131.1028215546617
9744,311808,1132.9904924477992,1139.3362914320328
9745,311840,336.8251512099875,1141.6780426667476
9746,311872,343.2496935318616,1141.07380026831
9747,311904,748.8648472492637,1140.8164383047838
9748,311936,1078.0364765924066,1145.8890337431303
9749,311968,272.8803603081963,1146.3918594538368
9750,312000,1047.275034247585,1142.2666696265537
9751,312032,537.2743216886136,1142.971189625786
9752,312064,710.0603739559866,1132.6812405988592
9753,312096,145.30588180653712,1132.181575312937
9754,312128,465.5775103878257,1134.0200221444293
9755,312160,421.5470373320332,1094.7307206373723
9756,312192,1113.3816369693643,1086.8830529694349
9757,312224,259.0649780387513,1085.3269218296225
9758,312256,120.54397566334347,1084.9030097541743
9759,312288,1073.08398802931,1092.4953601800119
9760,312320,412.4261767558198,1091.5841596316695
9761,312352,885.4959389872307,1097.7416216215133
9762,312384,352.83167060671656,1074.437697689643
9763,312416,764.9619492618618,1076.1932240522233
9764,312448,350.1724594078836,1074.9510849193553
9765,312480,317.14764001211904,1061.3074178492895
9766,312512,1683.9063720843772,1068.9183386697237
9767,312544,1056.674926081061,1076.27204817821
9768,312576,306.5477106036183,1077.3811309167986
9769,312608,663.0018808366649,1077.1664589339478
9770,312640,292.4150591762212,1068.2550289689948
9771,312672,463.6528118858479,1068.189820602352
9772,312704,440.16009737566793,1066.039630420812
9773,312736,842.3219565731497,1071.967859741892
9774,312768,683.5035290038819,1075.6439508881335
9775,312800,1688.4463129911119,1084.0032029502254
9776,312832,1180.1512599721732,1091.861947150899
9777,312864,296.98428705651656,1071.9881392460647
9778,312896,894.5279036319162,1076.5617440722256
9779,312928,1066.2759933559594,1073.9770153205504
9780,312960,286.06289094607826,1074.8199147365078
9781,312992,729.0021457774791,1079.656626411395
9782,313024,1210.2271417997697,1090.2573580491357
9783,313056,1009.0262467772613,1096.6512034826746
9784,313088,1321.1283239176375,1105.7630287975423
9785,313120,231.38821301782866,1095.4256973574352
9786,313152,636.7620942069698,1074.3652242177036
9787,313184,1124.3312083750475,923.1932359743965
9788,313216,975.0470707142609,928.5533823426155
9789,313248,596.2419179350829,926.7975332099865
9790,313280,707.2000639832012,930.197515471255
9791,313312,420.79339610139954,931.1586529928796
9792,313344,600.4772206495569,925.1045230358377
9793,313376,785.9039753770707,927.340037211476
9794,313408,407.9758984553136,918.7835335490792
9795,313440,243.95665638744325,894.0942453001716
9796,313472,822.6999142898655,889.5605543255958
9797,313504,1903.6781217082553,906.6065845652125
9798,313536,187.20975257796383,901.0444123216596
9799,313568,177.04270687225716,894.2104216259003
9800,313600,1145.6640085851232,894.5390897033001
9801,313632,27193.64986509363,1156.6654113214395
9802,313664,421.97902019205407,1154.6066210309993
9803,313696,177.1361261845183,1155.0390204828855
9804,313728,290.02498913101374,1154.7258219842558
9805,313760,153.56785588259984,1151.6328814404344
9806,313792,1551.6473194937257,1164.7796582036567
9807,313824,361.84155502002636,1166.1851040311255
9808,313856,320.94831483885525,1163.6788866021595
9809,313888,2821.2570968891037,1168.4653195585163
9810,313920,250.1344827906827,1169.9873700912028
9811,313952,1713.8434857911752,1155.5844060312374
9812,313984,698.7557554964819,1159.2888141158746
9813,314016,262.5409086292051,1157.9890112704238
9814,314048,2446.570290598832,1175.0056751856482
9815,314080,1042.7508868396815,1172.2818547764512
9816,314112,653.6165558224993,1171.4595800599504
9817,314144,414.6314015307263,1174.3346789960408
9818,314176,915.8120199985073,1179.9802802055005
9819,314208,494.9693650475978,1177.164075878225
9820,314240,501.85191883557627,1176.8154033412013
9821,314272,1483.1470816893814,1180.9657776657227
9822,314304,550.3421002906916,1126.704930807284
9823,314336,328.6388287600008,1120.6243429063265
9824,314368,410.4296408344011,1116.0064925165225
9825,314400,3768.946454259073,1148.190739737383
9826,314432,1122.0264308902756,1150.3213777973724
9827,314464,1330.1842854804502,1157.9238636627513
9828,314496,933.8047252081977,1152.2014573651281
9829,314528,1117.1767534045216,1157.2569130238694
9830,314560,2952.0539474908796,1147.5430740339186
9831,314592,931.0687698718403,1150.6554735483146
9832,314624,1316.7260777871204,1159.4763473476758
9833,314656,445.0694988205942,1160.5031037902454
9834,314688,621.6168571688306,1164.3777439420535
9835,314720,2677.9189815358473,1167.1814503216976
9836,314752,444.84459479719,1164.8387592396346
9837,314784,615.2288852301724,1110.1807292691701
9838,314816,1009.6391265328753,1116.9968549110577
9839,314848,1728.9802510738734,1131.5149098770441
9840,314880,496.6107772477251,1105.6968510665754
9841,314912,173.83647327458687,1093.2388383708148
9842,314944,401.03856575998134,1090.5266829171865
9843,314976,206.66805231207957,1077.229130374006
9844,315008,467.0146037802583,1070.5693714873307
9845,315040,202.27243791772207,1069.2238443544081
9846,315072,634.9217299220517,1072.1405647183099
9847,315104,1890.590371230228,1083.5578199581196
9848,315136,447.21223960740645,1077.2495775882694
9849,315168,877.3514769758938,1083.2942887549468
9850,315200,395.1533407562041,1076.7730718200328
9851,315232,364.8792351847823,1075.0491209549946
9852,315264,833.3869762780829,1076.2823869782155
9853,315296,365.11962603713755,1078.4805244205213
9854,315328,338.5024437861002,1077.2097737545039
9855,315360,161.7462624163034,1074.6117660053465
9856,315392,465.5386016467732,1068.1333356521206
9857,315424,241.04637839105,1067.9531496556438
9858,315456,303.0661832878506,1069.778371731889
9859,315488,381.25874182332547,1062.860119269829
9860,315520,2609.788894276925,1084.8337464450403
9861,315552,312.74048716351837,1079.1061919268031
9862,315584,437.51472465517975,1079.9530224672876
9863,315616,667.3810500586958,1078.9772134752561
9864,315648,666.3243423189375,1082.1387323043666
9865,315680,725.0459509877377,1086.217715414123
9866,315712,193.86709567265783,1071.3173226500057
9867,315744,41.672191260356406,1061.1672953017987
9868,315776,593.4631821504353,1064.0364500172668
9869,315808,462.38043855282694,1062.0302355944284
9870,315840,983.3569811259752,1068.9396548139262
9871,315872,626.1276644369447,1070.564403339437
9872,315904,1617.8582666422492,1082.3413850321026
9873,315936,301.31362242301213,1076.9313016906012
9874,315968,456.75722462796017,1074.663838646842
9875,316000,1197.0099766322908,1069.7494752832536
9876,316032,1748.6753574561194,1075.434716258093
9877,316064,545.1919629897949,1077.9167930174258
9878,316096,230.92552483605104,1071.2807692294673
9879,316128,1083.6002348942463,1071.4540116448504
9880,316160,509.038420808585,1073.6837669434756
9881,316192,367.7137082201594,1070.0708825679023
9882,316224,576.0959684951828,1063.7295708348563
9883,316256,3808.9650336081295,1091.728958703165
9884,316288,1502.6025255602376,1093.5437007195912
9885,316320,265.31625187830275,1093.882981108196
9886,316352,445.89221744174677,1091.9742823405436
9887,316384,110.72649528734931,1081.8382352096667
9888,316416,167.77215306076278,1073.7654860331315
9889,316448,251.51940396974337,1070.318260893478
9890,316480,320.9207912171058,1066.4554681658171
9891,316512,476.12396423596357,1067.0087738471627
9892,316544,1068.954524757246,1071.6935468882396
9893,316576,1096.459592978982,1074.7991030642586
9894,316608,2887.93847563388,1099.5987288360445
9895,316640,2247.7620339817777,1119.6367826119879
9896,316672,871.8968164839413,1120.1287516339287
9897,316704,1109.696461686265,1112.1889350337087
9898,316736,427.13226252548804,1114.588160133184
9899,316768,729.5602849594743,1120.113335914056
9900,316800,252.94193054286563,1111.1861151336336
9901,316832,316.1328693784805,842.4109451764821
9902,316864,1327.598598385399,851.4671409584154
9903,316896,361.3844635635627,853.3096243322058
9904,316928,338.370805740017,853.7930824982959
9905,316960,1064.641749564282,862.9038214351128
9906,316992,1824.656960323301,865.6339178434085
9907,317024,227.63139198396348,864.2918162130479
9908,317056,743.462013967068,868.51695320433
9909,317088,198.82796015685807,842.2926618370075
9910,317120,497.7845178805212,844.7691621879059
9911,317152,652.6068452418843,834.156795782413
9912,317184,821.5353354197409,835.3845915816456
9913,317216,401.14183684214447,836.770600863775
9914,317248,249.37321314677865,814.7986300892545
9915,317280,1673.7854993625106,821.1089762144828
9916,317312,1927.7320804329677,833.8501314605875
9917,317344,667.1571043786672,836.375388489067
9918,317376,1794.7897673491925,845.1651659625738
9919,317408,1662.5606150718625,856.8410784628165
9920,317440,2113.913818071841,872.9616974551791
9921,317472,1172.355251612233,869.8537791544076
9922,317504,358.4303126074309,867.9346612775751
9923,317536,575.4960072082729,870.4032330620579
9924,317568,215.66382991089938,868.4555749528229
9925,317600,1477.0828381430274,845.5369387916624
9926,317632,157.50720299579677,835.8917465127175
9927,317664,705.8264129222385,829.6481677871352
9928,317696,600.0188641798374,826.3103091768517
9929,317728,234.4326782536844,817.4828684253433
9930,317760,114.19328328199911,789.1042617832545
9931,317792,27170.91704021289,1051.502744486665
9932,317824,344.82816173907435,1041.7837653261845
9933,317856,571.2630045179005,1043.0457003831575
9934,317888,596.034417427381,1042.789875985743
9935,317920,336.09734691676215,1019.3716596395525
9936,317952,1805.5521934604733,1032.9787356261852
9937,317984,902.6503620793476,1035.852950394677
9938,318016,552.6569212140408,1031.2831283414887
9939,318048,581.0298268630563,1019.8036240993805
9940,318080,449.7145124950383,1019.3346614518537
9941,318112,211.3703365866542,1019.7100000849742
9942,318144,594.8952154898443,1021.6485665822728
9943,318176,606.736506239729,1025.6492511215492
9944,318208,355.7605979652005,1024.5367110633986
9945,318240,637.0975527221923,1028.8849622114433
9946,318272,252.9644899459291,1025.065389811682
9947,318304,702.2542454899991,1013.1820285542799
9948,318336,459.8049098975582,1013.3079552571814
9949,318368,740.4315788782321,1011.9387562762048
9950,318400,1248.6855381332216,1020.474078249975
9951,318432,592.3944376178786,1022.7492302743061
9952,318464,220.28902504433444,1016.6182507619686
9953,318496,1485.8404099123886,1027.8254586007213
9954,318528,478.6243971043141,1029.2266781339033
9955,318560,81.76471638428052,1028.426862673583
9956,318592,4594.0150867037355,1069.7116275241526
9957,318624,158.03726271688458,1068.881536367411
9958,318656,1181.6061018839234,1077.6669355533716
9959,318688,700.4716501437669,1080.8590646365762
9960,318720,1152.157206626431,1066.2827477600713
9961,318752,264.4934949234152,1065.8002778376701
9962,318784,303.23057751051454,1064.4574363662236
9963,318816,683.9846173784726,1064.6234720394211
9964,318848,253.16530121686878,1060.4918816284003
9965,318880,495.9377135281185,1058.2007992538042
9966,318912,91.70244010362107,1057.179152698114
9967,318944,181.9509199713976,1058.5819399852244
9968,318976,62.3486173007128,1053.2707943367272
9969,319008,687.1157935229597,1055.5181478864288
9970,319040,1941.7122402624268,1065.1017004777932
9971,319072,371.45082571422057,1062.5549320905657
9972,319104,3455.813506316347,1080.9344844873065
9973,319136,605.9785332970373,1083.981133596047
9974,319168,896.698206374213,1088.3805434135095
9975,319200,154.3491549030556,1077.9539351962171
9976,319232,624.2230144783861,1066.7094117664396
9977,319264,306.1048792965848,1064.3185409295077
9978,319296,322.0471896871434,1065.2297575780187
9979,319328,336.8874435294066,1057.7626296643705
9980,319360,1515.1894841238704,1067.8241402975234
9981,319392,563.8597252733134,1069.785600468055
9982,319424,1974.6430653399048,1083.7710714365023
9983,319456,1695.4968068722442,1062.6363891691428
9984,319488,393.24351574341676,1051.5427990709745
9985,319520,424.82533835155454,1053.137889935707
9986,319552,2176.3188386719294,1070.442156148009
9987,319584,1040.8374967895365,1079.7432661630307
9988,319616,1181.261098268679,1089.8781556151098
9989,319648,1507.5560108004452,1102.438521683417
9990,319680,160.34617066160575,1100.832775477862
9991,319712,1158.806192966889,1107.6595977651714
9992,319744,1103.7548860919976,1108.007601378519
9993,319776,398.81651247539793,1101.0311705734832
9994,319808,401.06033932147676,1076.1623892103592
9995,319840,334.60394126757467,1057.030808283217
9996,319872,399.4095736900029,1052.3059358552778
9997,319904,513.9763042186364,1046.3487342806013
9998,319936,370.338572392408,1045.7807973792708
9999,319968,374.9601258210155,1042.234795787886
10000,320000,465.0826218686253,1044.3562027011435
10001,320032,482.93621395390227,1046.0242361468977
10002,320064,680.7306199469584,1039.5555563625135
10003,320096,2014.7363188047946,1056.0890749149255
10004,320128,418.6000931180865,1056.8913677887062
10005,320160,1086.3440869800193,1057.1083911628637
10006,320192,3718.6059800816674,1076.0478813604473
10007,320224,663.6217373320538,1080.4077848139282
10008,320256,534.9132319470866,1078.3222969937283
10009,320288,1121.3121967392499,1087.5471393595521
10010,320320,1155.767171121407,1094.126965891961
10011,320352,1433.538321846174,1101.9362806580039
10012,320384,582.787658616461,1099.5488038899712
10013,320416,517.6481010282114,1100.7138665318319
10014,320448,2407.54716168096,1122.2956060171737
10015,320480,702.3879535577738,1112.5816305591266
10016,320512,315.50565280596635,1096.4593662828565
10017,320544,647.0559670750138,1096.2583549098201
10018,320576,299.50768183214836,1081.3055340546496
10019,320608,260.2016691166437,1067.2819445950972
10020,320640,316.93151441403603,1049.3121215585193
10021,320672,1152.794006632702,1049.1165091087241
10022,320704,173.91931247598052,1047.2713991074095
10023,320736,269.9082116634693,1044.2155211519616
10024,320768,606.5033604632939,1048.1239164574854
10025,320800,1173.047252196943,1045.0835605980244
10026,320832,131.1312549392852,1044.8198011174593
10027,320864,476.31797126893593,1042.5247167009263
10028,320896,1396.3780591156813,1050.4883086502848
10029,320928,1493.58167769871,1063.079798644735
10030,320960,2577.873453172846,1087.7166003436437
10031,320992,266.0520679221488,818.667950620736
10032,321024,240.5041860428261,817.6247108637735
10033,321056,109.2219441047027,813.0043002596417
10034,321088,203.82646836885496,809.0822207690563
10035,321120,933.9686402591738,815.0609337024806
10036,321152,2308.131533251925,820.086727100395
10037,321184,1814.0319223183576,829.2005427027851
10038,321216,475.4533155416637,828.4285066460612
10039,321248,2478.6136130429613,847.4043445078604
10040,321280,136.47007088398558,844.27190009175
10041,321312,264.98311255404934,844.808027851424
10042,321344,811.4651398955803,846.9737270954814
10043,321376,343.5111679384818,844.3414737124689
10044,321408,1008.9488126325065,850.8733558591418
10045,321440,5777.1827516177245,902.274207848097
10046,321472,1559.7190240759812,915.3417531893975
10047,321504,695.2763557030082,915.2719742915277
10048,321536,781.8884399655074,918.4928095922072
10049,321568,1560.29617679055,926.6914555713304
10050,321600,569.0100159091503,919.8947003490896
10051,321632,16523.119223439215,1079.201948207303
10052,321664,138.30230841707797,1078.3820810410305
10053,321696,1163.9760338075896,1075.1634372799824
10054,321728,290.99080758502265,1073.2871013847894
10055,321760,98.38007132757818,1073.4532549342223
10056,321792,293.46111013764187,1030.4477151685617
10057,321824,987.000295970425,1038.737345501097
10058,321856,1117.4407961713885,1038.0956924439718
10059,321888,1118.9758322568155,1042.2807342651022
10060,321920,836.124158293961,1039.1204037817774
10061,321952,221.43344036983478,1038.6898032362415
10062,321984,424.1109891993237,1039.8986073531298
10063,322016,657.5914574749339,1039.6346757540944
10064,322048,211.41463121747807,1039.2171690541006
10065,322080,328.3997412546365,1037.5417893313656
10066,322112,496.6749095864255,1041.5915140261936
10067,322144,2589.531201999421,1065.667316846474
10068,322176,383.6661003830301,1068.8804916772972
10069,322208,455.73302389550497,1066.5666639810227
10070,322240,3328.6985342964576,1080.4365269213629
10071,322272,592.437486402314,1082.6463935282436
10072,322304,289.2403550756107,1050.9806620158365
10073,322336,256.88605020607343,1047.4897371849268
10074,322368,3972.3421856142954,1078.2461769773277
10075,322400,226.53159712603474,1078.9680013995576
10076,322432,408.60388170252827,1076.811810071799
10077,322464,2128.9461622603253,1095.0402229014364
10078,322496,3275.77037966978,1124.5774548012628
10079,322528,1189.6925266204294,1133.105505632173
10080,322560,686.6540253508227,1124.8201510444424
10081,322592,886.9782278532604,1128.0513360702416
10082,322624,5969.75058284224,1168.0024112452652
10083,322656,231.3925255630192,1153.3613684321729
10084,322688,1814.115643195657,1167.5700897066952
10085,322720,1150.802799100452,1174.8298643141843
10086,322752,320.4182167840324,1156.2708580953054
10087,322784,1794.4703706689463,1163.8071868340994
10088,322816,1353.8346666427967,1165.5329225178407
10089,322848,2922.3713697846615,1179.6810761076827
10090,322880,1969.1846481419198,1197.7694608824856
10091,322912,1020.1045428651657,1196.3824443814685
10092,322944,820.5579785114888,1193.5504753056634
10093,322976,366.1039980188996,1193.2233501610983
10094,323008,525.7901863479767,1194.4706486313632
10095,323040,535.4612126892997,1196.4792213455805
10096,323072,675.9386730661554,1199.2445123393422
10097,323104,1190.4128175015892,1206.008877472172
10098,323136,988.1691682188726,1212.1871834304366
10099,323168,731.1307414160663,1215.7488895863871
10100,323200,239.537351744839,1213.4934368851493
10101,323232,308.16259585910683,1211.7457007042012
10102,323264,1380.1958562113227,1218.7403530668448
10103,323296,304.7323782476729,1201.640313661274
10104,323328,1379.5109090338578,1211.2494218204315
10105,323360,1540.9942211947425,1215.795923162579
10106,323392,355.01048343818934,1182.159968196144
10107,323424,477.29666985791397,1180.2967175214028
10108,323456,941.1757657816271,1184.359342859748
10109,323488,599.8721609758884,1179.1449425021142
10110,323520,263.8067460604039,1170.2253382515041
10111,323552,953.2060418451956,1165.4220154514944
10112,323584,291.41819039684026,1162.5083207692985
10113,323616,394.6782324442777,1161.278622083459
10114,323648,4814.361689018081,1185.34676735683
10115,323680,1674.1341830163176,1195.0642296514154
10116,323712,955.9172335887254,1201.468345459243
10117,323744,225.73586545434128,1197.2551444430364
10118,323776,473.21102204498595,1198.9921778451649
10119,323808,3118.684560256269,1227.5770067565609
10120,323840,1207.8848739221412,1236.4865403516421
10121,323872,189.2191878012192,1226.8507921633275
10122,323904,671.4406692655404,1231.826005731223
10123,323936,414.0263418570579,1233.2671870331587
10124,323968,927.9586772816182,1236.4817402013418
10125,324000,408.6779424786007,1228.8380471041585
10126,324032,1394.467045757108,1241.4714050123368
10127,324064,247.73574932135918,1239.185582792861
10128,324096,587.9452709956881,1231.1012549116613
10129,324128,4627.88769498336,1262.4443150845077
10130,324160,6573.591550406693,1302.401496056846
10131,324192,311.9623698430699,1302.860599076055
10132,324224,1129.9296203733518,1311.7548534193604
10133,324256,1016.818728433579,1320.8308212626491
10134,324288,328.36700424492335,1322.07622662141
10135,324320,440.8374544735976,1317.1449147635542
10136,324352,853.1198797230655,1302.5947982282657
10137,324384,924.4614139676218,1293.6990931447585
10138,324416,410.1396844626558,1293.0459568339684
10139,324448,584.8046647523843,1274.1078673510626
10140,324480,1383.1688673650879,1286.5748553158737
10141,324512,376.73785278289927,1287.692402718162
10142,324544,1691.8298017795476,1296.4960493370015
10143,324576,832.5532175412425,1301.3864698330292
10144,324608,1024.3250870916543,1301.5402325776208
10145,324640,1655.8400979818437,1260.326806041262
10146,324672,509.84178089354884,1249.8280336094376
10147,324704,458.83487473269633,1247.4636187997346
10148,324736,468.89801684961196,1244.3337145685753
10149,324768,394.6859375250181,1232.6776121759199
10150,324800,615.0090029260567,1233.1376020460893
10151,324832,202.17882693678578,1069.9281980810647
10152,324864,1649.8698487537763,1085.0438734844317
10153,324896,444.2795938766249,1077.846909085122
10154,324928,1646.6979621826902,1091.4039806310986
10155,324960,1940.1699974348148,1109.821879892171
10156,324992,5440.020685210584,1161.2874756429005
10157,325024,683.1345284705106,1158.2488179679015
10158,325056,1101.3367940864855,1158.0877779470525
10159,325088,411.7904884278647,1151.015924508763
10160,325120,464.7013928737804,1147.3016968545612
10161,325152,271.36456775775304,1147.8010081284403
10162,325184,473.2094120281148,1148.291992356728
10163,325216,466.40988911020514,1146.3801766730808
10164,325248,278.896820853839,1147.0549985694445
10165,325280,1780.179247580947,1161.5727936327075
10166,325312,409.31520248969196,1160.69919656174
10167,325344,317.03493883113924,1137.9742339300576
10168,325376,334.8851958814688,1137.4864248850422
10169,325408,497.14514951400344,1137.900546141227
10170,325440,306.27178437889296,1107.6762786420513
10171,325472,555.0231093423263,1107.3021348714515
10172,325504,1226.0169605923902,1116.6699009266192
10173,325536,229.55858217871813,1116.3966262463457
10174,325568,382.34695989327605,1080.4966739891354
10175,325600,1637.7445816948104,1094.6088038348232
10176,325632,462.4444558903223,1095.147209576701
10177,325664,5625.148705141031,1130.109235005508
10178,325696,302.51856671612035,1100.3767168759716
10179,325728,1542.9633484956169,1103.9094250947235
10180,325760,309.36938017149635,1100.1365786429303
10181,325792,666.5048942109154,1097.9318453065068
10182,325824,446.0918978675032,1042.6952584567593
10183,325856,3438.711447106277,1074.768447672192
10184,325888,221.69721480055657,1058.844263388241
10185,325920,322.70557158623456,1050.5632911130988
10186,325952,984.4759428514175,1057.2038683737728
10187,325984,2153.210496522867,1060.7912696323122
10188,326016,792.8109477542614,1055.1810324434264
10189,326048,855.5668753647883,1034.5129874992278
10190,326080,810.9099907449172,1022.9302409252577
10191,326112,1747.4543513280348,1030.2037390098865
10192,326144,422.07462452721177,1026.2189054700436
10193,326176,823.8843500347342,1030.796708990202
10194,326208,265.8029753119424,1028.1968368798416
10195,326240,643.7013052553184,1029.279237805502
10196,326272,728.7922302444704,1029.807773377285
10197,326304,432.64089691635866,1022.2300541714328
10198,326336,1807.7714100486646,1030.4260765897307
10199,326368,348.38196731223576,1026.5985888486923
10200,326400,183.41871868558695,1026.0374025180997
10201,326432,839.72392601542,1031.353015819663
10202,326464,1267.3592038119343,1030.224649295669
10203,326496,980.2734921478618,1036.9800604346708
10204,326528,557.4095376827061,1028.7590467211594
10205,326560,931.3162524651757,1022.6622670338637
10206,326592,324.2301808957341,1022.3544640084391
10207,326624,252.2593600569723,1020.1040909104297
10208,326656,600.0118107725923,1016.6924513603394
10209,326688,746.9373503846288,1018.1631032544269
10210,326720,1299.9058481969703,1028.5240942757928
10211,326752,541.267508532656,1024.4047089426672
10212,326784,624.1872107698707,1027.7323991463975
10213,326816,207.46330481208517,1025.8602498700754
10214,326848,524.3596863579688,982.9602298434743
10215,326880,535.392480302396,971.572812816335
10216,326912,931.8952451990256,971.332592932438
10217,326944,551.8505710977448,974.5937399888721
10218,326976,1091.0495529546013,980.7721252979684
10219,327008,361.7246754619286,953.2025264500251
10220,327040,104.34377507038977,942.1671154615075
10221,327072,526.9815604988853,945.5447391884841
10222,327104,515.1288079622275,943.981620575451
10223,327136,886.9686444195036,948.7110436010754
10224,327168,1064.4696310940103,950.0761531391993
10225,327200,371.4891211155127,949.7042649255684
10226,327232,2459.77196893736,960.3573141573709
10227,327264,98.18185716718658,958.8617752358291
10228,327296,2985.4098170223388,982.8364206960957
10229,327328,362.78126820048175,940.185356428267
10230,327360,1013.1323264709588,884.5807641889097
10231,327392,106.09681510691608,882.5221086415481
10232,327424,841.0002860568839,879.6328152983834
10233,327456,264.159205587111,872.1062200699188
10234,327488,1070.0982500755158,879.5235325282246
10235,327520,582.1748555283172,880.936906538772
10236,327552,370.0695079062525,876.1064028206036
10237,327584,1126.8459013928282,878.1302476948557
10238,327616,933.9037029120378,883.3678878793496
10239,327648,730.672653282492,884.8265677646506
10240,327680,963.4187621961871,880.6290667129617
10241,327712,539.7468092641293,882.2591562777739
10242,327744,841.1063938354389,873.7519221983327
10243,327776,631.1732273086874,871.7381222960073
10244,327808,651.8151769461037,868.0130231945517
10245,327840,254.77173388378378,854.0023395535712
10246,327872,345.48094691285155,852.3587312137643
10247,327904,327.10501935409474,851.0414326599782
10248,327936,319.65698547386336,849.5490223462207
10249,327968,748.9596082422507,853.091759053393
10250,328000,352.1719470268994,850.4633884944016
10251,328032,717.2000321047921,855.6136005460816
10252,328064,478.4119132110587,843.8990211906544
10253,328096,444.1962946704109,843.8981881985922
10254,328128,177.98849594971435,829.2110935362625
10255,328160,1079.252959339758,820.6019231553119
10256,328192,407.0437753543936,770.27215405675
10257,328224,942.8282564311771,772.8690913363567
10258,328256,319.889517910538,765.0546185745973
10259,328288,540.8050503532886,766.3447641938515
10260,328320,247.20176039243108,764.169767869038
10261,328352,1811.898573296627,779.5751079244268
10262,328384,3797.4008190950212,812.8170219950958
10263,328416,374.5612633080581,811.8985357370743
10264,328448,138.62931434372703,810.4958606719731
10265,328480,784.8205106902635,800.5422733030662
10266,328512,263.689636499896,799.0860176431682
10267,328544,203.60123850870298,797.9516806399439
10268,328576,2714.2958560573256,821.7457872417024
10269,328608,233.7350042761904,819.1116857893245
10270,328640,231.24135647893968,818.3613815103249
10271,328672,389.1009040002384,816.702159456904
10272,328704,506.09868333682334,809.5029766843483
10273,328736,1224.3443830656859,819.4508346932179
10274,328768,1021.7538134809736,825.8449032290948
10275,328800,721.2903182996583,816.6803605951435
10276,328832,240.74565023976206,814.4633725386378
10277,328864,762.2424007640961,765.8343094948684
10278,328896,845.1441628133181,771.2605654558404
10279,328928,2364.7535265858182,779.4784672367424
10280,328960,691.7278018515455,783.302051453543
10281,328992,902.0649292780131,785.6576518042141
10282,329024,694.1623773631194,788.1383565991703
10283,329056,1656.641426378851,770.317656391896
10284,329088,5037.456360129052,818.475247845181
10285,329120,892.0563743997761,824.1687558733164
10286,329152,527.2207246717197,819.5962036915193
10287,329184,1619.545870993084,814.2595574362214
10288,329216,892.519445918904,815.2566424178679
10289,329248,705.5706502421375,813.7566801666412
10290,329280,147.7015869107935,807.1245961283
10291,329312,2125.6276874864957,810.9063294898847
10292,329344,1069.534974173027,817.3809329863429
10293,329376,364.859033306423,812.7906798190598
10294,329408,975.3342670570844,819.8859927365113
10295,329440,577.8876489366164,819.2278561733243
10296,329472,663.651560977905,818.5764494806587
10297,329504,11273.382292185288,926.9838634333479
10298,329536,1164.431361912242,920.5504629519836
10299,329568,518.9220843781035,922.2558641226423
10300,329600,1025.2576701973946,930.6742536377603
10301,329632,1197.2609859292484,934.2496242368985
10302,329664,753.518716016499,929.1112193589443
10303,329696,373.1435667855492,923.0399201053211
10304,329728,770.5598245878756,925.171422974373
10305,329760,995.0874873816314,925.8091353235376
10306,329792,592.8812760527233,928.4956462751073
10307,329824,446.80153197032564,930.4410679942408
10308,329856,471.5302794327208,929.1562526808422
10309,329888,537.0839946942037,927.0577191239378
10310,329920,602.7108890558535,920.0857695325267
10311,329952,549.3270229871729,920.1663646770719
10312,329984,320.0635914012963,917.1251284833862
10313,330016,130.2752818029966,916.3532482532953
10314,330048,10799.341804781785,1019.1030694375335
10315,330080,358.9718149484243,1017.3388627839937
10316,330112,244.68191148728928,1010.4667294468763
10317,330144,2168.994181917883,1026.6381655550779
10318,330176,377.1796490790871,1019.4994665163225
10319,330208,2538.2308510969356,1041.2645282726726
10320,330240,1057.3236095451903,1050.7943266174207
10321,330272,212.63226397688027,1047.6508336522006
10322,330304,206.63397362164042,1044.5658853087948
10323,330336,909.3588423765678,1044.7897872883652
10324,330368,382.65500978795416,1037.971641075305
10325,330400,260.35021233987385,1036.8602519875485
10326,330432,1567.3900644597331,1027.9364329427722
10327,330464,409.0117909769521,1031.04473228087
10328,330496,741.3121047718056,1008.6037551583645
10329,330528,279.13092497364977,1007.7672517260962
10330,330560,992.7676064052587,1007.5636045254391
10331,330592,1130.498953005975,1017.8076259044298
10332,330624,156.0959369573387,1010.9585824134344
10333,330656,710.4963051907152,1015.4219534094703
10334,330688,390.50334369620646,1008.6260043456772
10335,330720,133.91671829443007,1004.1434229733384
10336,330752,145.05691378096958,1001.8932970320855
10337,330784,3066.144956367826,1021.2862875818355
10338,330816,115.08521346174318,1013.0981026873325
10339,330848,581.3477668613715,1011.6048538231214
10340,330880,1106.1497478540834,1013.0321636797004
10341,330912,682.1951219599355,1014.4566468066585
10342,330944,84.78927682822344,1006.8934756365862
10343,330976,237.03201215840497,1002.9520634850834
10344,331008,285.8041190677775,999.2919529063001
10345,331040,482.01743099277166,1001.5644098773901
10346,331072,8157.326812812121,1079.6828685363828
10347,331104,159.21822925873332,1078.004000635429
10348,331136,390.34690372356073,1078.710899817926
10349,331168,724.0544872649957,1078.4618486081536
10350,331200,409.90239864283774,1079.0391531243129
10351,331232,921.6711780624661,1081.0838645838896
10352,331264,326.8971738427776,1079.5687171902068
10353,331296,1230.034566025645,1087.427099903759
10354,331328,477.68518226241406,1090.424066766886
10355,331360,505.5973547501384,1084.68751072099
10356,331392,1812.672608074295,1098.743799048189
10357,331424,418.8546291186667,1093.5040627750639
10358,331456,2868.211015579271,1118.9872777517512
10359,331488,296.1029561545075,1116.5402568097634
10360,331520,772.9927134151084,1121.79816633999
10361,331552,701.0185192076641,1110.6893657991006
10362,331584,275.2109363966416,1075.4674669721169
10363,331616,1227.8270795603719,1084.00012513464
10364,331648,1247.4070314025964,1095.0879023052287
10365,331680,80.31959207435975,1088.0428931190695
10366,331712,501.0830591121369,1090.4168273451921
10367,331744,279.7776150835577,1091.1785911109405
10368,331776,538.9745378382725,1069.4253779287499
10369,331808,575.7649566932233,1072.8456774529204
10370,331840,483.5070032684564,1075.3683339208155
10371,331872,504.29354775439515,1076.5202603583573
10372,331904,1248.9367007651194,1083.9486405326402
10373,331936,1596.9650010379949,1087.6748467123632
10374,331968,469.0376666463158,1082.1476852440164
10375,332000,284.5608027059071,1077.780390088079
10376,332032,1278.0119187735672,1088.1530527734171
10377,332064,151.06946428563953,1082.0413234086325
10378,332096,453.342187175597,1078.1233036522553
10379,332128,454.2886087596822,1059.0186544739938
10380,332160,1920.003232776795,1071.3014087832464
10381,332192,307.6153242909918,1065.3569127333762
10382,332224,744.1574645879303,1065.8568636056243
10383,332256,358.48210148345254,1052.8752703566702
10384,332288,212.68623787579847,1004.6275691341378
10385,332320,11358.901481662164,1109.2960202067618
10386,332352,261.41734685555946,1106.6379864286002
10387,332384,1316.6377568616178,1103.6089052872856
10388,332416,217.05885202913967,1096.8542993483877
10389,332448,255.23235204386995,1092.3509163664053
10390,332480,483.125122600116,1095.7051517232983
10391,332512,407.2545725633079,1078.5214205740665
10392,332544,272.58041799847643,1070.5518750123208
10393,332576,482.6834413051333,1071.730119092308
10394,332608,1989.4487804869086,1081.8712642266064
10395,332640,918.9924166587692,1085.2823119038278
10396,332672,405.0684379884449,1082.6964806739331
10397,332704,530.7478116315672,975.2701358683961
10398,332736,970.2216201490442,973.3280384507641
10399,332768,853.5633243698596,976.6744508506815
10400,332800,116.92093936472304,967.5910835423548
10401,332832,377.3163855119289,959.3916375381815
10402,332864,93.8953501661501,952.7954038796779
10403,332896,79.82686941118835,949.8622369059344
10404,332928,258.63583187512245,944.742996978807
10405,332960,34.34981536354401,935.1356202586261
10406,332992,312.36167319398015,932.3304242300387
10407,333024,592.9390066576741,933.7917989769121
10408,333056,479.64832950062413,933.8729794775912
10409,333088,2003.1264104795337,948.5334036354446
10410,333120,980.5685085726307,952.3119798306124
10411,333152,179.9042626914309,948.6177522276549
10412,333184,1243.0898094963693,957.8480144086056
10413,333216,633.378528751064,962.8790468780863
10414,333248,906.2590232273328,863.9482190625419
10415,333280,1289.901050024766,873.2575114133052
10416,333312,286.1154848305355,873.6718471467376
10417,333344,1798.9641577587083,869.9715469051459
10418,333376,580.3512430856058,872.0032628452111
10419,333408,163.90031165494867,848.2599574507911
10420,333440,294.1345763614662,840.6280671189539
10421,333472,846.8833643714995,846.9705781229002
10422,333504,113.03136860645887,846.0345520727484
10423,333536,393.1403596624587,840.8723672456074
10424,333568,333.1082355942856,840.3768995036706
10425,333600,501.6611701700812,842.7900090819727
10426,333632,648.0482741399264,833.5965911787747
10427,333664,387.0263972617745,833.3767372416228
10428,333696,417.5009882673882,830.1386260765786
10429,333728,2521.422581632114,852.5615426431631
10430,333760,246.3972502954164,845.0978390820649
10431,333792,1416.4992832964888,847.9578423849701
10432,333824,854.0521561589258,854.937404576986
10433,333856,784.1121799344319,855.6735633244231
10434,333888,1860.1058517872423,870.3695884053334
10435,333920,8907.281258145797,958.103233803847
10436,333952,1244.6650960035747,969.0993156260731
10437,333984,728.5877581018357,945.7237436434131
10438,334016,312.0252180016469,947.6931436888123
10439,334048,875.1202235949038,950.6308682561474
10440,334080,535.2711156973,944.9220819345796
10441,334112,2016.9385152146338,958.2695158671266
10442,334144,414.7518077924466,961.5691411767689
10443,334176,676.5060123445571,965.9638811786305
10444,334208,173.10184557652667,964.8368584437179
10445,334240,452.2449990116501,964.5391341239067
10446,334272,1193.7948496080942,894.9038144918665
10447,334304,2706.513801176935,920.3767702110486
10448,334336,586.9231786186593,922.3425329599995
10449,334368,448.47683119221693,919.5867563992717
10450,334400,544.4372867483155,920.9321052803265
10451,334432,601.374115047987,917.7291346501817
10452,334464,202.94488829756824,916.4896117947296
10453,334496,276.9622897488267,906.9588890319615
10454,334528,147.83818917556272,903.6604191010929
10455,334560,498.3076200287016,903.5875217538785
10456,334592,304.38737463242865,888.5046694194598
10457,334624,104.87735191166634,885.3648966473899
10458,334656,225.5806521612164,858.9385930132094
10459,334688,260.4694302558083,858.5822577542223
10460,334720,736.5245279367956,858.2175758994392
10461,334752,256.86577166024404,853.776048423965
10462,334784,575.3749492730572,856.7776885527292
10463,334816,903.8459146073742,853.5378769031992
10464,334848,446.97127374902584,845.5335193266633
10465,334880,382.5254417635624,848.5555778235555
10466,334912,498.214929057406,848.5268965230081
10467,334944,173.32222621919772,847.4623426343644
10468,334976,157.78765260125533,843.6504737819944
10469,335008,569.3743780605832,843.586567995668
10470,335040,478.2642516637341,843.5341404796208
10471,335072,2086.007318976901,859.3512781918458
10472,335104,206.52272912259167,848.9271384754205
10473,335136,91.37846254203917,833.8712730904609
10474,335168,311.42889841956463,832.2951854081936
10475,335200,414.803251664853,833.5976098977831
10476,335232,3533.2964115821314,856.1504548258686
10477,335264,4583.273054139489,900.4724907244071
10478,335296,272.8210005195068,898.6672788578461
10479,335328,189.71737302163197,896.0215665004656
10480,335360,1557.0661762771629,892.3921959354693
10481,335392,877.843298796292,898.0944756805224
10482,335424,969.8939433820321,900.3518404684634
10483,335456,1331.4462320375437,910.0814817740044
10484,335488,1536.9592122457852,923.3242115177044
10485,335520,4650.7361344089395,856.2425580451721
10486,335552,469.41701728814445,858.322554749498
10487,335584,596.651705562523,851.1226942365068
10488,335616,6134.4090016079535,910.2961957322949
10489,335648,285.49812002792333,910.5988534121354
10490,335680,640.7412125702574,912.1750143118369
10491,335712,1857.8679283363576,926.6811478695676
10492,335744,716.0236464442792,931.1155801540256
10493,335776,174.65418934331836,928.0352876344074
10494,335808,128.23686627606074,909.4231684922989
10495,335840,360.6617193233609,903.8398615189449
10496,335872,1118.5103073786458,910.9742802128468
10497,335904,226.72916919636464,907.9340937884948
10498,335936,868.8894583035918,906.9207721700403
10499,335968,84.34546801094668,899.2285936064512
10500,336000,1154.4022601520305,909.6034068143243
10501,336032,585.4197678646299,911.6844406378511
10502,336064,302.9620305297818,913.7751074414874
10503,336096,186.64891086764922,914.8433278560522
10504,336128,243.34557831737555,914.6904253204747
10505,336160,1100.408197689188,925.3510091437311
10506,336192,1066.5289960071384,932.8926823718626
10507,336224,227.83551912298304,929.2416474965156
10508,336256,2993.119497810998,954.3763591796194
10509,336288,707.3300153449433,941.4183952282735
10510,336320,243.23977720870064,934.0451079146342
10511,336352,2489.6738156079327,957.1428034437992
10512,336384,734.354531864379,952.0554506674794
10513,336416,273.7739963391491,948.4594053433603
10514,336448,4312.034585203108,982.517160963118
10515,336480,224.4459352706779,971.8626098155771
10516,336512,2200.5446858645037,991.0069018259168
10517,336544,1259.0331932315087,985.6075921806448
10518,336576,433.7623886683128,984.1417036364719
10519,336608,1430.5766574779768,996.8084670947022
10520,336640,574.736385914975,999.6144851902372
10521,336672,972.5055440819614,1000.8707069873418
10522,336704,268.4962652012145,1002.4253559532893
10523,336736,381.9602108405872,1002.3135544650706
10524,336768,837.3645612919694,1007.3561177220474
10525,336800,2879.2778115466676,1031.1322841358133
10526,336832,1122.6409206627607,1035.8782106010417
10527,336864,3067.469463580484,1062.6826412642288
10528,336896,1086.537289004556,1069.3730042716004
10529,336928,371.20295978353505,1047.8708080531148
10530,336960,488.711957810442,1050.293955128265
10531,336992,14142.59795829215,1177.5549418782216
10532,337024,467.4352781884462,1173.6887730985168
10533,337056,1093.3222834368905,1176.7808741335414
10534,337088,415.35422243839815,1162.333357840053
10535,337120,886.4556623773703,1082.1251018823687
10536,337152,550.8646274328466,1075.1870971966614
10537,337184,795.2543400248916,1075.853763015892
10538,337216,612.4493061033542,1078.858003896909
10539,337248,323.1238309691157,1073.3380399706512
10540,337280,397.3753557070525,1071.9590823707488
10541,337312,592.5139622036932,1057.7148368406395
10542,337344,2580.3424523784743,1079.3707432864996
10543,337376,1171.1348588239089,1084.3170317512931
10544,337408,446.62811015306283,1087.0522943970586
10545,337440,476.94277281614336,1087.2992721351036
10546,337472,458.31062257246515,1079.944429864747
10547,337504,907.4147853384012,1061.9534397063617
10548,337536,853.9512617683342,1064.6237205378584
10549,337568,491.4430830961859,1065.0533830568982
10550,337600,291.674873086582,1062.5257589202806
10551,337632,445.05780703141096,1060.9625958401152
10552,337664,328.43746164990324,1062.2175215736384
10553,337696,125.73855134657045,1060.705284189616
10554,337728,462.8943406046008,1063.8558457039064
10555,337760,371.02865629036665,1062.5830560665233
10556,337792,630.9714768612396,1065.8488970888113
10557,337824,301.5428198247394,1067.815551767942
10558,337856,426.47618065049846,1069.8245070528349
10559,337888,4894.312060140093,1116.1629333516776
10560,337920,664.5998609150065,1115.4436866814597
10561,337952,2069.4492921343362,1133.5695218862006
10562,337984,197.8747151679381,1129.7945195451491
10563,338016,1069.919078197999,1131.4552511810552
10564,338048,5233.44478719751,1179.31998631554
10565,338080,570.0422667259612,1181.195154565164
10566,338112,1241.1740427546529,1188.6247457021366
10567,338144,420.74432892056484,1191.09896672915
10568,338176,423.6655511983083,1193.757745715121
10569,338208,3971.6245780945874,1227.7802477154612
10570,338240,592.6517336473808,1228.9241225352976
10571,338272,768.4564525469362,1215.7486138709978
10572,338304,2486.5534495767233,1238.548921075539
10573,338336,769.0201884542454,1245.325338334661
10574,338368,463.44435303477024,1246.8454928808133
10575,338400,904.2728757481065,1251.7401891216455
10576,338432,416.9331506504312,1220.5765565123286
10577,338464,1311.2351535818323,1187.8561775067521
10578,338496,1529.218404464284,1200.4201515461998
10579,338528,972.3912328841104,1208.2468901448249
10580,338560,531.4062701981284,1197.9902910840347
10581,338592,516.3748076855497,1194.3756061729273
10582,338624,250.0877348008171,1187.1775440871147
10583,338656,542.9050490255456,1179.2921322569946
10584,338688,935.711675190858,1173.2796568864453
10585,338720,386.0834257138418,1130.6331297994943
10586,338752,300.8911271624105,1128.9478708982372
10587,338784,284.4389014285208,1125.8257428568973
10588,338816,171.40109275457738,1066.1956637683636
10589,338848,2867.0827770899523,1092.0115103389837
10590,338880,1617.1601326599348,1101.7756995398806
10591,338912,367.186427694861,1086.8688845334655
10592,338944,313.62009304745123,1082.8448489994971
10593,338976,639.7354503643502,1087.4956616097077
10594,339008,308.34521777277615,1089.296745124675
10595,339040,1263.4537628873688,1098.324665560315
10596,339072,320.631563186326,1090.3458781183915
10597,339104,257.4345292868418,1090.6529317192965
10598,339136,544.4829805604679,1087.4088669418652
10599,339168,1704.8140511730016,1103.6135527734857
10600,339200,1482.4579944685336,1106.8941101166508
10601,339232,1316.988127199766,1114.2097937100023
10602,339264,267.2772140936163,1113.8529455456405
10603,339296,2416.6802507186467,1136.1532589441504
10604,339328,507.1895847682258,1138.7916990086587
10605,339360,1686.6958413148323,1144.6545754449153
10606,339392,824.3742551683811,1142.233028036528
10607,339424,410.5334485888546,1144.0600073311866
10608,339456,1809.196811651914,1132.2207804695956
10609,339488,197.24903194482505,1127.1199706355947
10610,339520,244.36410565704676,1127.131213920078
10611,339552,263.816751165246,1104.8726432756512
10612,339584,333.4663110131741,1100.863761067139
10613,339616,1201.8733009277144,1110.1447541130246
10614,339648,4135.5246022465235,1108.3796542834589
10615,339680,476.99885507048805,1110.905183481457
10616,339712,928.4619992225246,1098.1843566150374
10617,339744,642.7467185856725,1092.021491868579
10618,339776,10774.43653046959,1195.4282332865919
10619,339808,316.1248576278598,1184.2837152880907
10620,339840,637.8057301430838,1184.9144087303716
10621,339872,1079.533945617507,1185.9846927457272
10622,339904,673.8841382036405,1190.0385714757513
10623,339936,281.88713968896894,1189.037840764235
10624,339968,582.5202041471766,1186.489397192787
10625,340000,1072.2425625454641,1168.4190447027752
10626,340032,538.4761226154495,1162.5773967223022
10627,340064,306.39646485206873,1134.9666667350177
10628,340096,956.9791547164473,1133.6710853921365
10629,340128,1178.573750108336,1141.7447932953846
10630,340160,950.8008299746525,1146.3656820170268
10631,340192,191.70815888279662,1006.8567840229333
10632,340224,73.7329363870558,1002.9197606049195
10633,340256,630.6032813363038,998.2925705839135
10634,340288,241.68478841419207,996.5558762436715
10635,340320,20463.216297828196,1192.32348259818
10636,340352,499.9985594144839,1191.8148219179961
10637,340384,3404.983280340234,1217.9121113211495
10638,340416,726.365398147372,1219.0512722415897
10639,340448,2512.120517490427,1240.9412391068029
10640,340480,1456.6209037252986,1251.5336945869851
10641,340512,2373.8797155512,1269.3473521204603
10642,340544,687.750140170189,1250.4214289983775
10643,340576,799.1855412193952,1246.7019358223324
10644,340608,1428.8323191993018,1256.5239779127946
10645,340640,267.6344653372018,1254.4308948380053
10646,340672,1024.9246267074789,1260.0970348793555
10647,340704,273.1055710014808,1253.7539427359864
10648,340736,1603.7657123016902,1261.25208724132
10649,340768,644.6016113561659,1262.7836725239197
10650,340800,81.77804694063622,1260.6847042624604
10651,340832,3326.0814135386845,1289.4949403275332
10652,340864,219.8812691048507,1288.4093784020824
10653,340896,231.18569589568025,1289.4638498475736
10654,340928,826.1130733892123,1293.0960371754197
10655,340960,534.6326290066879,1294.7320769025828
10656,340992,147.24338377601404,1289.8947959717302
10657,341024,653.1319407442861,1293.4106871809258
10658,341056,522.363035435345,1294.3695557287745
10659,341088,327.04824709251955,1248.6969175982986
10660,341120,534.4440653640894,1247.3953596427896
10661,341152,964.5315138565551,1236.346181860012
10662,341184,236.74393413967599,1236.7348740497291
10663,341216,739.4241683217188,1233.4299249509663
10664,341248,312.32215111316714,1184.218698590123
10665,341280,1806.5925710291099,1196.5842016331544
10666,341312,388.9537791252042,1188.06199899686
10667,341344,574.8731606815519,1189.6032873144698
10668,341376,1103.8215867909448,1196.404847670396
10669,341408,273.74198767040144,1159.4260217661545
10670,341440,209.2200632209091,1155.5917050618898
10671,341472,552.1348540767061,1153.4284890771874
10672,341504,357.8665383663867,1132.1416199650841
10673,341536,563.2072084356813,1130.0834901648984
10674,341568,429.40261631620564,1129.7430727977128
10675,341600,594.029026413171,1126.6406343043636
10676,341632,147.15913580985816,1123.9428941559577
10677,341664,2423.2100191431705,1135.0626428115709
10678,341696,577.2989194340695,1125.5434479612688
10679,341728,168.19972754125553,1117.5015329078403
10680,341760,419.77571210389897,1116.385227326898
10681,341792,150.785938397945,1112.729338634022
10682,341824,554.7327696332306,1115.7757889823458
10683,341856,162917.4072418984,2739.520810911075
10684,341888,319.18952474207487,2733.3555894065867
10685,341920,423.77223398288885,2733.7324774892777
10686,341952,462.7457973813706,2735.3510241914673
10687,341984,1084.9546424202254,2743.3561816013844
10688,342016,4616.972087266911,2787.8118915465075
10689,342048,423.11833713079585,2763.372247146916
10690,342080,2641.0655420205117,2773.611301240522
10691,342112,1139.7375364824566,2781.336812328398
10692,342144,2932.3657411809386,2807.524268809733
10693,342176,811.1576266731926,2809.238490572821
10694,342208,6799.542851451888,2874.150466909612
10695,342240,965.8833146885522,2871.174762427624
10696,342272,1196.2819423366552,2879.931266219127
10697,342304,2698.667345621699,2904.343594382476
10698,342336,372.30628134508635,2902.621827390322
10699,342368,2542.450015308963,2910.998187031681
10700,342400,153.00627624788595,2897.7036698494744
10701,342432,1507.3600487469864,2899.6073890649463
10702,342464,2045.1119704403031,2917.3857366284133
10703,342496,283.5689364789473,2896.0546234860167
10704,342528,536.3417769166082,2896.346145407501
10705,342560,614.6319523083297,2885.6255065174355
10706,342592,16533.2994367829,3042.714758333581
10707,342624,215.81816152811865,3040.767605462973
10708,342656,422.13760685386137,3026.897013414992
10709,342688,411.60698483828975,3029.040592943927
10710,342720,953.8880756587985,3036.1358326439445
10711,342752,272.00391695740325,3036.2177043018664
10712,342784,3046.897128005877,3063.3520124717934
10713,342816,297.5050316799928,3054.3083297793164
10714,342848,1174.8086873214402,3024.701170630066
10715,342880,366.85461088446607,3023.599728188205
10716,342912,490.5200834242023,3019.220309030222
10717,342944,860.1587968162197,3021.3944298125275
10718,342976,542.4641344052634,2919.074705851884
10719,343008,1971.8865631215729,2935.6323229068216
10720,343040,337.2408038988868,2932.62667364438
10721,343072,1743.2057468075063,2939.26339165628
10722,343104,167.11179697431768,2934.1956682439863
10723,343136,473.0959441724345,2936.107756288821
10724,343168,851.2755670634397,2938.7953099179836
10725,343200,956.7802792991265,2937.64068708552
10726,343232,381.5199478938004,2936.0711253383033
10727,343264,886.8735767566362,2941.8758964573494
10728,343296,1183.0841740391,2944.136946650576
10729,343328,441.7803493540602,2936.7690126430334
10730,343360,386.33152164693746,2931.1243195597563
10731,343392,165.795320679148,2930.8651911777197
10732,343424,740.9588977372655,2937.5374507912215
10733,343456,2035.3667683217027,2951.585085661075
10734,343488,1060.0770450647199,2959.7690082275803
10735,343520,720.3008479311378,2762.3398537286107
10736,343552,1605.7872801520818,2773.3977409359863
10737,343584,191.1169568543405,2741.2590777011274
10738,343616,84.51034140529842,2734.8405271337065
10739,343648,745.800831808544,2717.1773302768875
10740,343680,683.2699232226265,2709.4438204718613
10741,343712,347.51090985121397,2689.180132414862
10742,343744,3296.0369653738103,2715.263000666898
10743,343776,1556.689432329316,2722.8380395779973
10744,343808,294.97719019109786,2711.499488287915
10745,343840,719.616284091023,2716.019306475453
10746,343872,126.58887025694256,2707.035948910948
10747,343904,2089.272739861453,2725.1976205995475
10748,343936,759.502305384356,2716.7549865303745
10749,343968,892.9551471512225,2719.238521888325
10750,344000,106.09932596656036,2719.4817346785844
10751,344032,959.2850822132701,2695.8137713653305
10752,344064,214.0263660854799,2695.7552223351363
10753,344096,1630.643027278622,2709.749795648966
10754,344128,2059.7339903290567,2722.086004818364
10755,344160,365.0786856081285,2720.3904653843783
10756,344192,279.0209263209894,2721.7082408098277
10757,344224,309.0749770864879,2718.26767117325
10758,344256,2808.4140689754895,2741.1281815086513
10759,344288,273.45758969023507,2740.592274934628
10760,344320,219.20540702258714,2737.4398883512135
10761,344352,567.4328127151934,2733.4689013397997
10762,344384,2087.935505848766,2751.9808170568913
10763,344416,243.76264935447088,2747.0242018672184
10764,344448,367.7137465538944,2747.5781178216257
10765,344480,227.46429523298016,2731.786835063665
10766,344512,418.6556003664058,2732.0838532760768
10767,344544,3276.9206983904746,2759.1043286531662
10768,344576,410.6967503000702,2752.1730802882576
10769,344608,167.56860092776864,2751.111346420831
10770,344640,171.2208858662148,2750.7313546472838
10771,344672,204.23223095411728,2747.252328416058
10772,344704,631.020199038459,2749.9838650227784
10773,344736,778.2032646824078,2752.1338255852456
10774,344768,613.590079724027,2753.9757002193237
10775,344800,754.2570237531218,2755.5779801927238
10776,344832,579.0568661886794,2759.896957496512
10777,344864,486.32629614476275,2740.528120266528
10778,344896,658.8080935572253,2741.3432120077596
10779,344928,223.26355038063318,2741.893850236153
10780,344960,201.94939953264833,2739.7155871104405
10781,344992,324.07776596526617,2741.448505386114
10782,345024,323.4559161156559,2739.135736850938
10783,345056,511.12615268563326,1115.07292595881
10784,345088,1179.9316843379377,1123.6803475547688
10785,345120,1266.8091147142948,1132.1107163620827
10786,345152,4794.370186196606,1175.4269602502352
10787,345184,337.3595618100009,1167.9510094441328
10788,345216,899.4632186817208,1130.7759207582808
10789,345248,132.95461821271883,1127.8742835690998
10790,345280,664.6898685248502,1108.1105268341435
10791,345312,2413.3959696364614,1120.8471111656836
10792,345344,325.96064236232945,1094.7830601774974
10793,345376,561.3039384915836,1092.2845232956813
10794,345408,576.6127839108187,1030.0552226202706
10795,345440,256.1141429506993,1022.9575309028921
10796,345472,144.35380599653547,1012.4382495394909
10797,345504,508.91214948540556,990.5406975781281
10798,345536,264.7648210999373,989.4652829756766
10799,345568,495.922916706398,969.000011989651
10800,345600,1814.7916969465957,985.617866196638
10801,345632,2781.8791509198204,998.3630572183663
10802,345664,327.3226399678439,981.1851639136418
10803,345696,376.7928233589282,982.1174027824416
10804,345728,353.2214863582076,980.2861998768576
10805,345760,385.41469370629324,977.9940272908374
10806,345792,282.7290443445026,815.4883233664533
10807,345824,458.1736944709482,817.9118786958816
10808,345856,2359.1856282405956,837.282358909749
10809,345888,123.44465105911242,834.4007355719572
10810,345920,163.20997858771233,826.4939546012463
10811,345952,648.0875278845942,830.2547907105183
10812,345984,269.6101285398982,802.4819207158585
10813,346016,778.3120558224149,807.2899909572826
10814,346048,1485.829676466581,810.400200848734
10815,346080,140.28437335352396,808.1344984734246
10816,346112,242.70339242133332,805.6563315633961
10817,346144,720.5653507028251,804.260397102262
10818,346176,160.03529365396938,800.4361086947491
10819,346208,1864.4754375755163,799.3619974392885
10820,346240,1392.8479821245016,809.9180692215447
10821,346272,338.3126151302458,795.8691379047721
10822,346304,661.5142252477316,800.8131621875061
10823,346336,607.8040624265,802.1602433700467
10824,346368,351.44989279392814,797.1619866273516
10825,346400,141.6345450017825,789.0105292843783
10826,346432,163.55927558127968,786.830922561253
10827,346464,680.1821408661901,784.7640082023486
10828,346496,606.4575899836715,778.9977423617944
10829,346528,382.1738064121584,778.4016769323754
10830,346560,751.4343575081331,782.0527052909872
10831,346592,644.0836459284791,786.8355885434805
10832,346624,155.23253665988858,780.9783249327068
10833,346656,2800.98591113687,788.6345163608584
10834,346688,488.445040013448,782.9181963103457
10835,346720,556.76553093425,781.2828431403768
10836,346752,1704.2407318319356,782.2673776571753
10837,346784,705.6619611989721,787.4128277006216
10838,346816,1593.762140809007,802.5053456946588
10839,346848,412.074848074296,799.1680858573162
10840,346880,677.2457767631109,799.1078443927211
10841,346912,235.34826034794023,797.9862178976883
10842,346944,980.0157361135392,774.8260056050856
10843,346976,630.6590952545033,765.5657022343374
10844,347008,3520.262941672903,797.8185597491555
10845,347040,3149.4567360468986,822.1169642687142
10846,347072,76.9878250779093,821.6209538169239
10847,347104,376.82027031320763,804.4964291214416
10848,347136,1431.8177504832156,811.2195835724302
10849,347168,639.7303519775916,808.687335620694
10850,347200,351.2673475477289,811.1390158365057
10851,347232,763.799823750779,809.1841632518807
10852,347264,321.5936249343022,810.2598358403689
10853,347296,181.86748659711103,795.7720804335538
10854,347328,4629.7678880189715,821.4724194104529
10855,347360,154.03602578848634,819.3619928122565
10856,347392,919.1773385965402,825.763556935012
10857,347424,250.2499823343195,825.1753069874903
10858,347456,519.7669598981017,802.2888358967165
10859,347488,4336.44090762019,842.918669076016
10860,347520,843.3832643611112,849.1604476494014
10861,347552,1940.9812926029292,862.8959324482787
10862,347584,1377.1421908790605,855.7879992985816
10863,347616,242.0937135325941,855.7713099403628
10864,347648,45.66801354868206,852.5508526103107
10865,347680,2645.170931706979,876.7279189750507
10866,347712,1349.547728387241,886.0368402552591
10867,347744,441.59960579340725,857.6836293292884
10868,347776,726.5027862537092,860.8416896888248
10869,347808,1761.4013908104305,876.7800175876513
10870,347840,683.2046025381403,881.8998547543705
10871,347872,1399.863055634469,893.8561630011741
10872,347904,411.66249208660906,891.6625859316556
10873,347936,249.09234187023478,886.3714767035337
10874,347968,344.41438740319137,883.6797197803255
10875,348000,459.06940052359244,880.7278435480301
10876,348032,219.98772188702108,877.1371521050137
10877,348064,227.4685502775682,874.5485746463419
10878,348096,392.43889064519703,871.8848826172216
10879,348128,2314.5568805822345,892.7978159192376
10880,348160,467.01376043808773,895.4484595282919
10881,348192,261.44249378573727,894.8221068064965
10882,348224,1392.9386030741057,905.516933676081
10883,348256,745.8655391532699,907.8643275407574
10884,348288,1801.4348436486778,914.0793591338648
10885,348320,234.19048571578293,903.7531728438797
10886,348352,985.3857557185518,865.6633285390992
10887,348384,2011.575012344576,882.405483044445
10888,348416,398.5209977120737,877.3960608347484
10889,348448,696.3171166089951,883.0296858187112
10890,348480,891.9448998983172,885.3022361324458
10891,348512,979.957468836298,870.9678511244443
10892,348544,362.0960910206066,871.3292056110272
10893,348576,1519.8482596091892,880.9146488222032
10894,348608,1410.7628698520869,889.256149681616
10895,348640,6076.033163229098,947.4553398843999
10896,348672,822.2021890742731,954.2338237151772
10897,348704,3233.165959890732,981.4763618192304
10898,348736,242.66181948569638,981.255331803088
10899,348768,648.119574887077,982.7772983848947
10900,348800,885.5235392764503,973.4846168081932
10901,348832,437.513689644334,950.0409621954383
10902,348864,328.08735964790037,950.0486093922389
10903,348896,406.94073427464065,950.3500885013962
10904,348928,289.54002904918536,949.7132739283059
10905,348960,3124.199404712214,977.101121038365
10906,348992,752.5760128047115,981.7995907229671
10907,349024,1169.2442390123701,988.9102961683813
10908,349056,1084.3791763899978,976.1622316498754
10909,349088,423.26599867812035,979.1604451260655
10910,349120,1135.3305369687962,988.8816507098763
10911,349152,927.8622296042898,991.6793977270733
10912,349184,524.4311021063244,994.2276074627375
10913,349216,1181.2743617409985,998.2572305219234
10914,349248,1533.4729890474769,998.7336636477324
10915,349280,1002.5868692999317,1007.3566886071965
10916,349312,520.8896783295767,1010.138551466279
10917,349344,3495.5425892984786,1037.8883238522355
10918,349376,199.85898429414814,1038.2865607586373
10919,349408,865.1422590372185,1028.2932289732541
10920,349440,884.4118609606631,1023.2088677616156
10921,349472,275.32174005773754,1022.5789590108906
10922,349504,635.061954724781,1022.3144363056612
10923,349536,227.2317244625705,1018.5087129260219
10924,349568,282.31448416705155,1017.8173588397531
10925,349600,424.2635574647317,1020.6436489643828
10926,349632,744.7007302807351,1026.4550635113774
10927,349664,363.60889353971777,1023.2893310381126
10928,349696,538.0084510481183,1022.604839648757
10929,349728,454.39325985630626,1023.3270341831985
10930,349760,1037.8811991442433,1026.1915025995595
10931,349792,262.7838678418071,1022.3785048186927
10932,349824,345.5780079299403,1024.2819595313933
10933,349856,606.4307947028875,1002.3364083670534
10934,349888,1182.8152245541496,1009.2801102124604
10935,349920,369.7428661500862,1007.4098835646188
10936,349952,1461.2272386611003,1004.9797486329105
10937,349984,1518.825515558665,1013.1113841765075
10938,350016,1670.59291257451,1013.8796918941626
10939,350048,181.10431943332313,1011.5699866077529
10940,350080,41285.01309983766,1417.6476598384984
10941,350112,762.1365996554213,1422.915543231573
10942,350144,189.2184786271212,1415.007570656709
10943,350176,146.52441540871246,1410.166223858251
10944,350208,2527.706247477763,1400.2406569162997
10945,350240,851.1108853377631,1377.2571984092083
10946,350272,410.26081906534154,1380.5899283490826
10947,350304,413.18897974912494,1380.953615443442
10948,350336,835.1596048532081,1374.9870339871418
10949,350368,625.0268729019052,1374.839999196385
10950,350400,200.1601724502564,1373.32892744541
10951,350432,351.42141082880295,1369.2051433161905
10952,350464,1733.693613797871,1383.3261432048262
10953,350496,791.9084182967823,1389.426552521823
10954,350528,1641.1622641748904,1359.540496283382
10955,350560,392.1674111337348,1361.9218101368344
10956,350592,14014.371921296235,1492.8737559638314
10957,350624,531.6869881397322,1495.6881260218852
10958,350656,293.21475838948993,1493.4226040067992
10959,350688,644.3644788712879,1456.5018397193103
10960,350720,657.466029493925,1454.6426673706383
10961,350752,530.6126852155965,1440.538981296765
10962,350784,305.9079972334854,1429.8266393603094
10963,350816,104.3224135965459,1428.4489263609487
10964,350848,7560.797468531804,1503.60022091078
10965,350880,472.7665423873462,1481.8761770175838
10966,350912,233.63777075729405,1470.7170774412841
10967,350944,283.4284241732053,1469.1353656250824
10968,350976,435.3291650863422,1466.2236294134086
10969,351008,610.236107911562,1454.7119765844197
10970,351040,1129.846819505693,1459.1783987540955
10971,351072,805.9403286685282,1453.239171484436
10972,351104,497.70313536105857,1454.0995779171803
10973,351136,927.9543839032951,1460.888198337511
10974,351168,281.3104853129556,1460.2571593166085
10975,351200,656.7579287405036,1462.234044598778
10976,351232,422.238692913128,1464.256554309039
10977,351264,438.66412336623364,1466.368510039926
10978,351296,148.40047798437462,1463.9281259133177
10979,351328,711.0215540280572,1447.8927726477757
10980,351360,891.5031419358644,1452.1376664627535
10981,351392,4111.018918788251,1490.6334307127786
10982,351424,336.07772004442825,1480.064821882482
10983,351456,219.2728360624999,1474.7988948515742
10984,351488,360.4569405108459,1460.3891158201957
10985,351520,1663.8006347325204,1474.6852173103632
10986,351552,859.5811074293607,1473.4271708274712
10987,351584,93.40974799426,1454.2455181839682
10988,351616,440.1043984586735,1454.6613521914344
10989,351648,226.76685125789632,1449.965849537923
10990,351680,1502.829001266778,1456.0746905516078
10991,351712,383.1219146805848,1450.1063350100508
10992,351744,2265.204190089008,1469.1374160007344
10993,351776,661.5948027587586,1460.55488143223
10994,351808,268.7486928463682,1449.134739662173
10995,351840,264.17722244257374,1391.0161802543078
10996,351872,3962.840019375767,1422.4225585573226
10997,351904,295.6226152877499,1393.0471251112929
10998,351936,604.7389353074645,1396.6678962695105
10999,351968,438.9284728029808,1394.5759852486697
11000,352000,475.51280949842584,1390.4758779508893
11001,352032,422.51987085955204,1390.3259397630416
11002,352064,2292.855693178548,1409.9736230983483
11003,352096,1846.5597831732302,1424.369813587334
11004,352128,503.3662547040886,1426.5080758438833
11005,352160,672.9683452738421,1401.9957652494995
11006,352192,993.4779305153116,1404.4047844266056
11007,352224,824.3183645827115,1400.955525682309
11008,352256,241.16465713047626,1392.5233804897134
11009,352288,415.3519224142965,1392.444239727075
11010,352320,583.6479059642052,1386.927413417029
11011,352352,278.0659754808607,1380.4294508757948
11012,352384,817.521793362399,1383.3603577883557
11013,352416,579.1845558600547,1377.3394597295462
11014,352448,3410.0111330263944,1396.1048411693353
11015,352480,595.8785141270256,1392.0377576176063
11016,352512,1054.5179634785536,1397.3740404690961
11017,352544,419.24172317497084,1366.611031807861
11018,352576,1899.789700962042,1383.61033897454
11019,352608,403.7292106215366,1378.9962084903832
11020,352640,790.8824542125159,1378.0609144229015
11021,352672,380.1949040088522,1379.1096460624128
11022,352704,582.4991205929117,1378.5840177210941
11023,352736,343.79552758491315,1379.7496557523177
11024,352768,496.31288579282915,1381.8896397685755
11025,352800,750.3540361875981,1385.1505445558041
11026,352832,3898.1596615994076,1416.685133868991
11027,352864,345.60208151553735,1416.5050657487493
11028,352896,315.95480917927944,1414.2845293300609
11029,352928,1232.029836933808,1422.0608951008358
11030,352960,348.4258977725769,1415.1663420871193
11031,352992,1025.479852525612,1422.7933019339575
11032,353024,286.8779619870929,1422.2063014745288
11033,353056,390.22523244858456,1420.0442458519858
11034,353088,165.49164083026295,1409.8710100147466
11035,353120,615.9742847077752,1412.3333242003237
11036,353152,329.6393392442093,1401.0174452061544
11037,353184,249.27067040558106,1388.3218967546236
11038,353216,1263.1683298963567,1384.2476509278422
11039,353248,315.2563685270849,1385.5891714187799
11040,353280,1060.427568737808,983.3433161077812
11041,353312,386.1433796754242,979.5833839079813
11042,353344,433.0062174111673,982.0212612958217
11043,353376,85.75112774065701,981.4135284191412
11044,353408,145.17501043515446,957.5882160487153
11045,353440,278.85402123868124,951.8656474077244
11046,353472,75.60328723619892,948.5190720894329
11047,353504,262.42523658376064,947.0114346577792
11048,353536,617.2668215854204,944.8325068251014
11049,353568,1073.5102591628117,949.3173406877105
11050,353600,343.1740994063881,950.7474799572717
11051,353632,247.00165829558938,949.7032824319396
11052,353664,124.92647033688792,933.6156109973298
11053,353696,930.2098642048222,934.9986254564102
11054,353728,894.334241602559,927.530345230687
11055,353760,1844.3709269031804,942.0523803883815
11056,353792,972.0052888398571,811.6287140638177
11057,353824,582.7730534634157,812.1395747170545
11058,353856,309.5814423936665,812.3032415570962
11059,353888,783.6280248610391,813.6958770169937
11060,353920,215.28907931727403,809.2741075152272
11061,353952,200.60271625427725,805.974007825614
11062,353984,196.51026420338192,804.880030495313
11063,354016,80.24559359060672,804.6392622952536
11064,354048,1308.1920683604376,742.1132082935399
11065,354080,828.455494601781,745.6700978156844
11066,354112,630.9118679032723,749.6428387871441
11067,354144,964.2637910511255,756.4511924559232
11068,354176,280.36195537344395,754.9015203587941
11069,354208,1538.683156977426,764.1859908494528
11070,354240,429.3512874450043,757.1810355288459
11071,354272,336.6037355564707,752.4876695977252
11072,354304,567.0804490228239,753.181442734343
11073,354336,292.5195569379051,746.8270944646891
11074,354368,248.20315255254513,746.4960211370851
11075,354400,320.0488904139134,743.1289307538191
11076,354432,4393.088047884261,782.8374243035305
11077,354464,1176.3398900333643,790.2141819702018
11078,354496,351.1253593931883,792.24143078429
11079,354528,635.407993350871,791.4852951775181
11080,354560,420.1763379686676,786.7720271378462
11081,354592,709.5875656681618,752.7577136066453
11082,354624,1166.5108903699945,761.0620453099009
11083,354656,555.8548747249453,764.4278656965255
11084,354688,1432.3807963832944,775.1471042552498
11085,354720,1372.6080767000499,772.2351786749251
11086,354752,499.1467454884458,768.6308350555161
11087,354784,300.25120295673486,770.6992496051408
11088,354816,895.8222038613727,775.2564276591679
11089,354848,564.9114879612531,778.6378740262014
11090,354880,986.408576436546,773.473669777899
11091,354912,586.6479807348995,775.5089304384421
11092,354944,245.74933350598764,755.314381872612
11093,354976,530.5066157707764,754.0035000027322
11094,355008,619.4011672842618,757.5100247471111
11095,355040,355.1655050626391,758.4199075733117
11096,355072,2305.0200606472413,741.8417079860266
11097,355104,39.083300902572304,739.2763148421748
11098,355136,2581.614212371735,759.0450676128175
11099,355168,306.0855207603961,757.7166380923915
11100,355200,73.13056965827302,753.6928156939899
11101,355232,1646.621448047576,765.9338314658702
11102,355264,883.625099382966,751.8415255279144
11103,355296,124.43645020203594,734.6202921982025
11104,355328,5649.731976078998,786.0839494119516
11105,355360,896.0816465800364,788.3150824250137
11106,355392,470.51079374967395,783.0854110573573
11107,355424,730.2930726382532,782.1451581379126
11108,355456,733.0344713649843,787.0638562802577
11109,355488,953.5157784242149,792.4454948403569
11110,355520,904.8973322916987,795.6579891036317
11111,355552,461.76288208153966,797.4949581696386
11112,355584,698.1111354082655,796.3008515900971
11113,355616,532.1113809202177,795.8301198406988
11114,355648,594.0498799650258,767.6705073100852
11115,355680,396.56425220761315,765.6773646908911
11116,355712,17301.399538929025,928.1461804453958
11117,355744,2975.8573569234545,953.7123367828806
11118,355776,150.06593501979768,936.2150991234581
11119,355808,1630.1261351955159,948.4790683691979
11120,355840,476.74658076027447,945.3377096346755
11121,355872,18072.173802430643,1122.2574986188934
11122,355904,1273.0190264537518,1129.1626976775017
11123,355936,12272.84641876244,1248.4532065892772
11124,355968,1465.518776964859,1258.1452655009973
11125,356000,646.7927676503174,1257.1096528156245
11126,356032,24521.622931966394,1463.3442855192945
11127,356064,307.11688990130136,1462.9594336031519
11128,356096,956.0502516492695,1469.360388027852
11129,356128,449.87566751709244,1461.5388463336847
11130,356160,4531.178121577362,1503.3663685717327
11131,356192,1989.6222023041714,1513.0077920695182
11132,356224,264.2807426940145,1512.7818198765874
11133,356256,1603.2747338234626,1524.9123148903363
11134,356288,3133.565716193806,1554.5930556439719
11135,356320,2644.665846414261,1574.8799712610366
11136,356352,337.9518563499053,1574.9630964320934
11137,356384,131.37051494645715,1573.784094877502
11138,356416,851.6993848378997,1569.6694054269174
11139,356448,1629.9770936337304,1582.816612677984
11140,356480,260.76950673360074,1574.820032057942
11141,356512,332.1401554499101,1574.279999815687
11142,356544,437.5474616648929,1574.3254122582243
11143,356576,2309.7663903833622,1596.5655648846512
11144,356608,665.8943911468731,1601.7727586917683
11145,356640,355.6933989276979,1602.5411524686585
11146,356672,1042.4113266148108,1612.2092328624447
11147,356704,404.61667492115,1613.6311472458187
11148,356736,969.8367494493716,1617.1568465244586
11149,356768,1614.0538734432153,1622.5622826672625
11150,356800,1645.7141652069536,1635.587683325268
11151,356832,582.2059825211592,1638.9397265675238
11152,356864,2637.9651095315166,1664.07011295947
11153,356896,185.65223375694347,1656.6245366549915
11154,356928,1394.8508431121998,1661.6297026700877
11155,356960,296.8608907634642,1646.1546023086905
11156,356992,245.60008110865945,1638.8905502313785
11157,357024,2793.9410906485214,1661.0022306032295
11158,357056,1940.1098901382923,1677.3075150806758
11159,357088,1580.9861202642203,1685.2810960347074
11160,357120,1086.1949687507638,1693.9901549290423
11161,357152,460.763521609382,1696.5917629825933
11162,357184,403.11184581892445,1698.6577787987487
11163,357216,274.24644045649114,1700.5977872674077
11164,357248,1200.7892229011468,1699.5237588128148
11165,357280,165.61672380765654,1692.8953711048734
11166,357312,494.9717417391695,1691.5359698432326
11167,357344,2083.833642865922,1702.7316683613803
11168,357376,907.828329671874,1709.0063321043647
11169,357408,144.26965386471713,1695.0621970732375
11170,357440,285.654368331894,1693.6252278821066
11171,357472,488.33306717343373,1695.142521198276
11172,357504,1320.474810402895,1702.6764648120768
11173,357536,434.72809212111656,1704.098550163909
11174,357568,337.6405480877499,1704.9929241192613
11175,357600,3081.1656471008623,1732.6040916861305
11176,357632,3764.0044691393737,1726.3132558986815
11177,357664,299.60046863778155,1717.5458616847257
11178,357696,2636.076329739259,1740.3953713881863
11179,357728,330.5255768643018,1737.3465472233208
11180,357760,620.2343510150766,1739.3471273537848
11181,357792,395.86596489035867,1736.209911346007
11182,357824,1125.3249721218913,1735.798052163526
11183,357856,638.5145209037357,1736.6246486253137
11184,357888,4279.164174092033,1765.0924824024012
11185,357920,1015.9690995304375,1761.526092630705
11186,357952,1266.9343893603634,1769.2039690694241
11187,357984,1075.4698796973994,1776.9561558368307
11188,358016,300.75609658077735,1771.0054947640247
11189,358048,321.1023014524593,1768.567402898937
11190,358080,1023.3470401761717,1768.9367875363332
11191,358112,3440.978350860842,1797.4800912375927
11192,358144,305.133579118467,1798.0739336937177
11193,358176,641.6716489868362,1799.185584025878
11194,358208,1541.7791427531583,1808.409363780567
11195,358240,201.26345567807263,1806.8703432867214
11196,358272,817.7861427991461,1791.9980041082404
11197,358304,1475.133337714487,1806.3585044763597
11198,358336,1583.6493948389661,1796.378856301032
11199,358368,3049.5467557709535,1823.8134686511378
11200,358400,1621.6365929014646,1839.2985288835698
11201,358432,998.6545180933772,1832.8188595840275
11202,358464,2624.2407123821586,1850.2250157140193
11203,358496,947.6952607651634,1858.4576038196503
11204,358528,180.19697909209816,1803.7622538497815
11205,358560,325.2260913317393,1798.0536982972985
11206,358592,336.49919946105166,1796.7135823544122
11207,358624,302.0658261385823,1792.4313098894156
11208,358656,386.0069115787276,1788.9610342915532
11209,358688,200.6451708658198,1781.4323282159694
11210,358720,240.92108457811378,1774.7925657388334
11211,358752,569.4490905101511,1775.8694278231196
11212,358784,415.2699265550734,1773.0410157345877
11213,358816,396.21303852729443,1771.6820323106585
11214,358848,649.1640158316264,1772.2331736693243
11215,358880,79.3451581134035,1769.060982728382
11216,358912,1851.7967847176985,1614.5649551862687
11217,358944,934.665164224617,1594.1530332592804
11218,358976,1043.8483816735086,1603.0908577258174
11219,359008,962.5215994616118,1596.4148123684786
11220,359040,242.88181679101717,1594.076164728786
11221,359072,947.6570803650765,1422.8309975081302
11222,359104,122.5200413702577,1411.3260076572953
11223,359136,1004.5330730272598,1298.6428741999434
11224,359168,210.30795545411195,1286.090765984836
11225,359200,753.8442460943495,1287.1612807692766
11226,359232,529.439864592441,1047.2394500955372
11227,359264,530.7025394905002,1049.475306591429
11228,359296,880.0191982639027,1048.7149960575753
11229,359328,190.87006843389818,1046.1249400667434
11230,359360,594.745062249743,1006.7606094734672
11231,359392,1282.5409728995544,999.6897971794209
11232,359424,277.2937615556064,999.8199273680368
11233,359456,1080.2635132625437,994.5898151624276
11234,359488,263.31477090506553,965.8873057095402
11235,359520,2280.7919134305657,962.2485663797033
11236,359552,287.84834215557,961.7475312377599
11237,359584,3460.6950774696434,995.0407768629917
11238,359616,478.46427709310575,991.3084257855439
11239,359648,441.021686404138,979.4188717132481
11240,359680,591.2267153814817,982.7234437997267
11241,359712,1067.1806695025998,990.0738489402537
11242,359744,271.00060811053777,988.4083804047101
11243,359776,461.95386074944486,969.930255108371
11244,359808,447.70283474828386,967.748339544385
11245,359840,729.4438270724618,971.4858438258326
11246,359872,440.76952709512943,965.4694258306358
11247,359904,419.9313470681092,965.6225725521055
11248,359936,674.8270714178383,962.6724757717901
11249,359968,458.00931941515177,951.1120302315095
11250,360000,1452.3926927518046,949.178815506958
11251,360032,227.43274656905282,945.6310831474368
11252,360064,946.8705487897895,928.7201375400196
11253,360096,564.6085364533336,932.5097005669834
11254,360128,461.6210472619392,923.1774026084809
11255,360160,120.62020229544495,921.4149957238006
11256,360192,415.15672703553827,923.1105621830695
11257,360224,207.93059304206605,897.250457207005
11258,360256,2220.454307827961,900.0539013839016
11259,360288,847.8440077712797,892.7224802589722
11260,360320,514.2520387746866,887.0030509592115
11261,360352,1318.0139379490925,895.5755551226086
11262,360384,1122.3438342163004,902.7678750065825
11263,360416,359.68443908257893,903.6222549928433
11264,360448,455.3264946355421,896.1676277101873
11265,360480,667.8805386260995,901.1902658583717
11266,360512,359.0081553292301,899.8306299942723
11267,360544,175.82643496044844,880.7505579152175
11268,360576,251.59593727172503,874.188233991216
11269,360608,204.28806403918432,874.7884180929607
11270,360640,234.21201010800067,874.2739945107219
11271,360672,516.0984214560041,874.5516480535475
11272,360704,714.8642042946482,868.4955419924651
11273,360736,76.73859350791345,864.915647006333
11274,360768,1994.7550894243059,881.4867924196984
11275,360800,6354.82920469355,914.2234279956253
11276,360832,514.9019872520719,881.7324031767523
11277,360864,102.80609395724596,879.764459429947
11278,360896,854.1052100482033,861.9447482330365
11279,360928,292.42230425214126,861.5637155069148
11280,360960,250.26671500965884,857.8640391468607
11281,360992,1758.2606312321866,871.487985810279
11282,361024,631.7189463605338,866.5519255526655
11283,361056,688.283975764177,867.04962010127
11284,361088,390.3395819801705,828.1613741801513
11285,361120,1382.9733653164494,831.8314168380114
11286,361152,331.45486326882985,822.4766215770961
11287,361184,494.60519456483996,816.6679747257704
11288,361216,367.7975440986637,817.3383892009492
11289,361248,193.84589711718783,816.0658251575965
11290,361280,2881.990306637188,834.6522578222067
11291,361312,800.5647123382018,808.2481214369803
11292,361344,447.7931490280078,809.6747171360756
11293,361376,960.8944090771796,812.8669447369791
11294,361408,2544.046078700553,822.8896140964531
11295,361440,197.1527951030394,822.8485074907028
11296,361472,1255.6487077659622,827.227133140371
11297,361504,234.41906977774977,814.8199904610036
11298,361536,397.31935012017783,802.9566900138157
11299,361568,4197.125381085742,814.4324762669637
11300,361600,309.82488077795637,801.3143591457285
11301,361632,246.2598238553441,793.7904122033482
11302,361664,1890.5807111290012,786.4538121908165
11303,361696,6517.959180776261,842.1564513909275
11304,361728,578.6893606709741,846.1413752067162
11305,361760,388.38137979377893,846.7729280913367
11306,361792,318.61689540823943,846.5941050508086
11307,361824,480.2421573899296,848.3758683633222
11308,361856,335.42750323089786,847.870074279844
11309,361888,521.7145436398908,851.0807680075845
11310,361920,256.65800281639696,851.2381371899675
11311,361952,738.6573402862358,852.9302196877284
11312,361984,343.24701017040974,852.2099905238816
11313,362016,732.6444639448182,855.5743047780568
11314,362048,1007.9660890013506,859.162325509754
11315,362080,324.4024527009461,861.6128984556294
11316,362112,2177.9639692443543,864.8745703008959
11317,362144,746.8193591482152,862.996112250132
11318,362176,353.6089254181269,856.0937176875783
11319,362208,211.47190181760863,848.5832207111382
11320,362240,1619.8714010709346,862.3531165539373
11321,362272,1142.9618636030598,864.306164386317
11322,362304,951.504790684691,872.5960118794613
11323,362336,6380.4618999616205,926.355300148805
11324,362368,284.24224936783156,927.0946430879421
11325,362400,421.4197693317431,923.7703983203161
11326,362432,424.9863017049335,922.7258626914411
11327,362464,259.11743775513594,920.0100116740875
11328,362496,8757.290859750869,998.7827282889572
11329,362528,821.7125906105064,1005.0911535107231
11330,362560,159.13420171155383,1000.7350449053413
11331,362592,117.07100635392055,989.0803452398849
11332,362624,725.4406351235772,993.5618139755645
11333,362656,583.2897155441116,988.5920759983801
11334,362688,481.72203123065253,990.776148601636
11335,362720,214.61007386873823,970.1143302060178
11336,362752,614.6144721251572,973.3819915057137
11337,362784,632.6535994879656,945.1015767258971
11338,362816,1054.0509052509829,950.8574430074758
11339,362848,2267.515867646085,969.1223848198952
11340,362880,479.05039990167074,968.0006216650971
11341,362912,960.8874323374047,966.9376892934451
11342,362944,1720.6819174501375,981.434502386841
11343,362976,1616.789215439812,992.9828559337449
11344,363008,798.0165156360074,996.4859927426221
11345,363040,427.827061472855,993.469825086626
11346,363072,926.0544106604098,998.3226739222788
11347,363104,441.1175590754409,998.5345360423521
11348,363136,972.5004840289378,1001.5112701684632
11349,363168,789.5896106649905,1004.8270730809616
11350,363200,769.8419103982873,998.0015652574265
11351,363232,222.01132142536898,997.9473510059897
11352,363264,126.46122850273592,989.7432578031193
11353,363296,2911.7240982134026,1013.2144134207199
11354,363328,413.47280272326594,1012.7329309753331
11355,363360,499.96992411441863,1016.5264281935229
11356,363392,7440.101403774741,1086.7758749609147
11357,363424,172.5719008566439,1086.4222880390605
11358,363456,277.6267283780522,1066.9940122445614
11359,363488,578.9129613473874,1064.3047017803226
11360,363520,698.6657478866382,1066.1488388714422
11361,363552,482.08206167002743,1057.7895201086515
11362,363584,445.4090207117296,1051.0201719736058
11363,363616,239.9205165933028,1049.8225327487128
11364,363648,960.0899373139,1054.8701671754966
11365,363680,685.6946852980335,1055.048308642216
11366,363712,317.3794441078282,1054.6320215300018
11367,363744,169.39970761567773,1054.5677542565543
11368,363776,1490.2674963032034,1066.9544698468692
11369,363808,326.4537291959836,1068.176126498437
11370,363840,4495.512107838227,1110.7891274757392
11371,363872,425.83903564061234,1109.8865336175852
11372,363904,230.22286747300348,1105.0401202493688
11373,363936,520.7552035871015,1109.4802863501607
11374,363968,3315.6883712981253,1122.6896191688988
11375,364000,2865.736189645919,1087.7986890184225
11376,364032,568.5093389959608,1088.3347625358615
11377,364064,802.2436532649207,1095.329138128938
11378,364096,1006.4039126315245,1096.8521251547713
11379,364128,2857.219047062648,1122.5000925828765
11380,364160,633.9232127920646,1126.3366575607006
11381,364192,1134.598822634598,1120.1000394747246
11382,364224,1153.3909395545445,1125.316759406665
11383,364256,684.3408911118149,1125.277328560141
11384,364288,779.8838156259978,1129.1727708965993
11385,364320,388.46172730239584,1119.2276545164586
11386,364352,311.38987467730703,1119.0270046305434
11387,364384,735.5991515732403,1121.4369442006275
11388,364416,2993.032710234896,1147.6892958619896
11389,364448,1613.110250221787,1161.8819393930357
11390,364480,726.4294921523374,1140.3263312481874
11391,364512,1367.3307480663332,1145.9939916054684
11392,364544,553.2022569285369,1147.0480826844737
11393,364576,258.38240755285796,1140.0229626692308
11394,364608,378.8097911611164,1118.3705997938366
11395,364640,484.2834914051663,1121.2419067568578
11396,364672,730.9761031289668,1115.9951807104876
11397,364704,5704.731992416423,1170.6983099368745
11398,364736,504.3659218461264,1171.7687756541338
11399,364768,652.7423933289404,1136.3249457765658
11400,364800,107.0015295872917,1134.2967122646592
11401,364832,980.1219972270345,1141.635333998376
11402,364864,441.9507811399909,1127.149034698486
11403,364896,205.259249216097,1064.0220353828843
11404,364928,1047.984131678117,1068.7149830929557
11405,364960,3398.377611120357,1098.8149454062216
11406,364992,173.27066734558622,1097.361483125595
11407,365024,1068.731499086858,1103.2463765425643
11408,365056,916.3995994890033,1109.0560975051453
11409,365088,523.5890632827181,1109.0748427015737
11410,365120,4983.849545057454,1156.3467581239843
11411,365152,200.92638714597894,1150.9694485925818
11412,365184,384.0641195538169,1151.377619686416
11413,365216,347.6601814154097,1147.5277768611218
11414,365248,2926.1148890124723,1166.709264861233
11415,365280,223.32547852956952,1165.698495119519
11416,365312,327.04008200695876,1147.1892562471453
11417,365344,150.19554137792446,1141.2230180694426
11418,365376,907.5025695916135,1146.7619545111772
11419,365408,541.4323052595378,1150.0615585455967
11420,365440,705.1587159255357,1140.9144316941426
11421,365472,629.1142073991745,1135.7759551321037
11422,365504,268.3005714839009,1128.9439129400957
11423,365536,1548.7408557039678,1080.6267024975193
11424,365568,173.68848589051456,1079.5211648627462
11425,365600,4681.425816001791,1122.1212253294468
11426,365632,493.3551697993398,1122.8049140103908
11427,365664,396.7428107453696,1124.181167740293
11428,365696,1196.1759112255702,1048.5700182550402
11429,365728,4492.529743253115,1085.2781897814662
11430,365760,171.4179212642543,1085.4010269769933
11431,365792,843.219195975195,1092.6625088732058
11432,365824,1764.5938242634911,1103.054040764605
11433,365856,198.78659805676378,1099.2090095897315
11434,365888,680.1657340275985,1101.193446617701
11435,365920,429.70230945664787,1103.34436897358
11436,365952,337.2907527556272,1100.5711317798846
11437,365984,141.14260818017917,1095.656021866807
11438,366016,473.3958673152868,1089.8494714874496
11439,366048,254.30168562488095,1069.717329667238
11440,366080,451.8039310564278,1069.4448649787855
11441,366112,810.4801162403228,1067.9407918178144
11442,366144,512.1503150843535,1055.8554757941567
11443,366176,82.12661559323803,1040.508849795691
11444,366208,183.37737575236017,1034.3624583968547
11445,366240,502.3095852980654,1035.1072836351068
11446,366272,476.1361543637022,1030.6081010721396
11447,366304,10092.946749234154,1127.1263929737265
11448,366336,1718.7242902697712,1134.588631036135
11449,366368,709.2373486649539,1133.7851084161348
11450,366400,336.6675612252909,1129.453364924405
11451,366432,15771.548627836795,1284.948737988519
11452,366464,137.82389382050545,1285.0623646416966
11453,366496,525.7646177467136,1261.2027698370298
11454,366528,821.4417244388046,1265.2824590541852
11455,366560,757.4788975146831,1267.8575487881876
11456,366592,929.7987732303911,1202.7545224827443
11457,366624,448.71342700480443,1205.515937744226
11458,366656,1305.8406770538727,1215.7980772309843
11459,366688,689.4019408125085,1216.9029670256352
11460,366720,724.7998484088635,1217.1643080308577
11461,366752,743.781180644904,1219.7812992206063
11462,366784,2813.240439550347,1243.4596134089925
11463,366816,855.9311225150162,1249.6197194682095
11464,366848,393.6907170962434,1243.9557272660331
11465,366880,667.1378608436836,1243.7701590214895
11466,366912,648.3491939598895,1247.0798565200103
11467,366944,2085.6173882242047,1266.2420333260955
11468,366976,877.9086961482483,1260.118445324546
11469,367008,58.593526076640735,1257.4398432933529
11470,367040,378.309267582867,1216.267814890799
11471,367072,285.8255476256577,1214.8676800106493
11472,367104,883.0860504010143,1221.3963118399295
11473,367136,617.6874193261382,1222.3656339973197
11474,367168,273.362234524355,1191.9423726295822
11475,367200,349.63739713437474,1166.7813847044665
11476,367232,1312.449106302672,1174.2207823775336
11477,367264,607.7303083203077,1172.2756489280875
11478,367296,2254.6949199638466,1184.7585590014107
11479,367328,1538.343060080265,1171.5697991315872
11480,367360,1025.0726715921537,1175.481293719588
11481,367392,157.657950408791,1165.71188499733
11482,367424,1251.202761177514,1166.6900032135597
11483,367456,258.77601834411666,1162.4343544858827
11484,367488,1180.9597951113658,1166.4451142807363
11485,367520,5382.780752068053,1216.3883045283928
11486,367552,749.8389841237735,1220.7727956228575
11487,367584,486.5448367681525,1218.2822524748065
11488,367616,5591.039041043999,1244.2623157828975
11489,367648,1512.7960790437157,1243.2591740711166
11490,367680,1175.8414748105415,1247.7532938976988
11491,367712,568.3749409209555,1239.7637358262452
11492,367744,1050.8514183906773,1244.7402274408666
11493,367776,682.7021239394045,1248.9834246047321
11494,367808,212.30037049901526,1247.3183303981111
11495,367840,1670.6246529071125,1259.1817420131306
11496,367872,122.29047979804766,1253.0948857798214
11497,367904,667.3632632056432,1202.7211984877135
11498,367936,793.9085192555586,1205.616624461808
11499,367968,231.49481913493915,1201.4041487198679
11500,368000,198.7811163326549,1202.3219445873217
11501,368032,799.5289348177683,1200.516013963229
11502,368064,230.52616398453824,1198.4017677916743
11503,368096,5495.0133414708835,1251.2993087142222
11504,368128,43.25187656365622,1241.2519861630778
11505,368160,108.36427470063914,1208.3518527988806
11506,368192,339.49337083655183,1210.0140798337902
11507,368224,971.1795035199024,1209.0385598781204
11508,368256,2523.91642109804,1225.1137280942107
11509,368288,412.28641195791084,1224.0007015809626
11510,368320,1222.925191527511,1186.3914580456633
11511,368352,2832.641602852405,1212.7086102027276
11512,368384,15985.924367583311,1368.7272126830226
11513,368416,166.21055169696203,1366.9127163858384
11514,368448,1505.0290509874558,1352.701858005588
11515,368480,544.8341175733166,1355.9169443960254
11516,368512,887.5704840594296,1361.5222484165502
11517,368544,1069.0988896033582,1370.7112818988044
11518,368576,642.0419912009335,1368.0566761148975
11519,368608,1358.581609718678,1376.228169159489
11520,368640,2748.231331662395,1396.6588953168575
11521,368672,720.5475638497725,1397.5732288813635
11522,368704,395.23322826000066,1398.8425554491248
11523,368736,469.66883159353773,1388.0518352080205
11524,368768,609.3386001733716,1392.408336350849
11525,368800,365.18080667824086,1349.2458862576136
11526,368832,200.7873506890355,1346.3202080665105
11527,368864,760.2094861281366,1349.9548748203379
11528,368896,558.4688137827111,1343.577803845909
11529,368928,128.20905515129854,1299.934596964891
11530,368960,1030.6420266193072,1308.5268380184416
11531,368992,2090.463079001516,1320.9992768487048
11532,369024,4511.604303132742,1348.4693816373972
11533,369056,46.21823681439417,1346.9436980249736
11534,369088,208.28615760131032,1342.2249022607107
11535,369120,1469.1273614453742,1352.6191527805981
11536,369152,1073.1680155764896,1359.9779254088069
11537,369184,1268.0822547220162,1371.2473218742255
11538,369216,166.46930440839523,1368.1780562451565
11539,369248,592.6697505028435,1371.561736893936
11540,369280,474.85074756077205,1371.7922050589796
11541,369312,1140.489414361279,1375.092298040189
11542,369344,1220.3966216976505,1382.1747611063222
11543,369376,538.3297644151158,1386.7367925945407
11544,369408,829.0897645815401,1393.1939164828325
11545,369440,183.3039858166507,1390.0038604880183
11546,369472,402.081665023805,1389.2633155946191
11547,369504,1085.4888613515636,1299.1887367157933
11548,369536,561.0371740295298,1287.6118655533908
11549,369568,215.00590801662852,1282.6695511469077
11550,369600,90.7613469087047,1280.210489003742
11551,369632,433.1148168824992,1126.8261508941987
11552,369664,137.11759475263034,1126.8190879035199
11553,369696,75.10335783084243,1122.312475304361
11554,369728,2097.2486101061404,1135.0705441610346
11555,369760,436.5693380819403,1131.8614485667074
11556,369792,508.8743140889338,1127.6522039752929
11557,369824,1853.0478444940445,1141.6955481501852
11558,369856,376.7470528793058,1132.4046119084396
11559,369888,345.2137991134474,1128.962730491449
11560,369920,363.384641189809,1125.348578419258
11561,369952,419.2778335533664,1122.103544948343
11562,369984,343.77064899088055,1097.4088470427482
11563,370016,1118.9813523146595,1100.0393493407446
11564,370048,915.34971515408,1105.2559393213228
11565,370080,337.0015247248474,1101.9545759601344
11566,370112,1324.5283728796053,1108.7163677493315
11567,370144,329.22644658423195,1091.1524583329317
11568,370176,1283.6413044297735,1095.2097844157472
11569,370208,344.3877454573475,1098.0677266095545
11570,370240,2146.6350342861906,1115.7509842765878
11571,370272,482.42001187802674,1117.7169289191115
11572,370304,551.0623911718517,1114.39669232682
11573,370336,385.09775038508883,1112.0707956374092
11574,370368,2224.275414535467,1131.5799274375202
11575,370400,356.549352897119,1131.6490469951477
11576,370432,740.1371757932237,1125.9259276900534
11577,370464,834.881148601971,1128.1974360928702
11578,370496,789.5982740891066,1113.5464696341228
11579,370528,1038.414574733411,1108.547184780654
11580,370560,499.77591708144627,1103.294217235547
11581,370592,3001.2818233428575,1131.7304559648876
11582,370624,2150.4858879720773,1140.7232872328334
11583,370656,561.272044824041,1143.7482474976327
11584,370688,1196.3773933368727,1143.9024234798876
11585,370720,443.56562806174435,1094.5102722398244
11586,370752,736.2338815578198,1094.374221214165
11587,370784,776.6126446811916,1097.2748992932952
11588,370816,1171.5239462344343,1053.0797483451997
11589,370848,130.9337787032929,1039.2611253417956
11590,370880,3394.884027844923,1061.4515508721395
11591,370912,329.2928022795639,1059.0607294857255
11592,370944,599.6093832222773,1054.5483091340416
11593,370976,1042.3683928315806,1058.1449718229633
11594,371008,364.10006368662056,1059.6629687548393
11595,371040,433.81375587324914,1047.2948597845007
11596,371072,140.6821625219006,1047.478776611739
11597,371104,715.7207332700947,1047.9623513123836
11598,371136,506.21310953587937,1045.0853972151867
11599,371168,464.2610915932586,1047.41305993977
11600,371200,290.029589179217,1048.3255446682356
11601,371232,1279.6302157314733,1053.126557477373
11602,371264,1160.7059362073642,1062.4283551996011
11603,371296,640.220947118469,1013.8804312560768
11604,371328,120.7113599173395,1014.6550260896136
11605,371360,206.99352488932752,1015.6413185915005
11606,371392,221.91012036489732,1014.465486086784
11607,371424,127.98909617971279,1006.0335820133821
11608,371456,1620.5975953472887,997.0003937558745
11609,371488,286.86096097560835,995.7461392460514
11610,371520,192.00325197503557,985.4369198505268
11611,371552,4722.993384915824,1004.3404376711611
11612,371584,523.6400088165692,849.7175940834936
11613,371616,520.8850782813735,853.2643393493378
11614,371648,395.75138535636256,842.1715626930268
11615,371680,959.8952019399621,846.3221735366933
11616,371712,1707.5029326827455,854.5214980229264
11617,371744,353.50300930824693,847.3655392199753
11618,371776,653.7410637938674,847.4825299459047
11619,371808,426.298963793468,838.1597034866526
11620,371840,433.93860884823255,815.016776258511
11621,371872,604.4150535802202,813.8554511558153
11622,371904,477.62852500204394,814.6794041232358
11623,371936,868.1550606079419,818.6642664133798
11624,371968,182.4457509899955,814.395337921546
11625,372000,466.5168402309309,815.408698257073
11626,372032,1226.4310415981533,825.6651351661641
11627,372064,968.7664715674138,827.7507050205569
11628,372096,262.218081079674,824.7881976935265
11629,372128,1282.7676786085049,836.3337839280986
11630,372160,353.36765288986606,829.5610401908042
11631,372192,480.3847972179656,813.4602573729688
11632,372224,89.13889074054835,769.2356032490469
11633,372256,590.5611650739404,774.6790325316423
11634,372288,604.8134560883573,778.6443055165126
11635,372320,404.62368999465997,767.9992688020054
11636,372352,206.3853793499894,759.3314424397405
11637,372384,237.91966812669352,749.0298165737873
11638,372416,227.7398764540903,749.6425222942443
11639,372448,609.1566682669327,749.8073914718851
11640,372480,1989.049496302866,764.949378959306
11641,372512,832.1125329233705,761.8656101449269
11642,372544,433.7185732091767,753.9988296600421
11643,372576,172.8797590826469,750.3443296067176
11644,372608,325.7396100461629,745.3108280613637
11645,372640,1119.9230588493363,754.6770187916906
11646,372672,723.3387197645689,757.8895893390983
11647,372704,380.14936353163995,750.8361943608991
11648,372736,15919.990343336625,904.42572605397
11649,372768,1177.133091678546,914.0469978905893
11650,372800,485.4164449438935,917.993548870941
11651,372832,627.2779831576393,919.9351805336923
11652,372864,1311.8553934145716,931.6825585203119
11653,372896,144.55115764788897,932.3770365184823
11654,372928,292.6808652948994,914.33135907037
11655,372960,207.68587047765277,912.0425243943272
11656,372992,1298.4905666997681,919.9386869204354
11657,373024,824.5237567349869,909.6534460428447
11658,373056,2578.5435268611204,931.6714107826629
11659,373088,966.4815509573858,937.8840883011022
11660,373120,543.8796459048757,939.6890383482528
11661,373152,1353.5125099336285,949.0313851120554
11662,373184,338.7263511323937,948.9809421334706
11663,373216,266.6302748144307,940.4574313584684
11664,373248,1299.0942463589756,944.2948766705174
11665,373280,679.2498644303299,947.7173600675723
11666,373312,432.99184226053217,938.8019947613816
11667,373344,1200.3481549459243,947.5132118449985
11668,373376,1171.0500646020287,946.387299446721
11669,373408,609.0170951376989,949.0335929435246
11670,373440,337.41016234023675,930.9413442240649
11671,373472,528.514794898766,931.4022920542724
11672,373504,1958.4453756065955,945.4761218986197
11673,373536,294.7626937767535,944.5727713325363
11674,373568,323.85681031656975,925.5685852903473
11675,373600,498.5621560292818,926.9887133216689
11676,373632,73.39505326309279,920.3212920963679
11677,373664,1170.1468451373191,923.6739490617214
11678,373696,1149.226975920956,927.2702360800398
11679,373728,215.13547604102027,919.0374450931159
11680,373760,845.055075213115,922.4902366744326
11681,373792,1184.0674343425462,904.3180927844295
11682,373824,312.02652134863786,885.9334991181951
11683,373856,181.6348199923638,882.1371268698782
11684,373888,1831.16587519597,888.4850116884693
11685,373920,433.6075203788031,888.3854306116399
11686,373952,1067.0526348276092,891.6936181443377
11687,373984,4106.3955636740975,924.9914473342668
11688,374016,1995.8603276726085,933.2348111486485
11689,374048,1449.2985469953537,946.4184588315692
11690,374080,235.29083641286957,914.8225269172486
11691,374112,715.6650726868352,918.6862496213214
11692,374144,970.2343469490731,922.3924992585894
11693,374176,813.7952943129402,920.1067682734031
11694,374208,830.7507653202663,924.7732752897396
11695,374240,9227.624321642308,1012.71138094743
11696,374272,1274.6365567369573,1024.0509248895805
11697,374304,353.4687772828677,1020.4284053297082
11698,374336,1335.8950919898539,1028.725225154248
11699,374368,318.5833917238257,1027.2684481555539
11700,374400,340.44883918210337,1027.7726406555828
11701,374432,965.1535170411055,1024.6278736686788
11702,374464,1901.9205966247307,1032.0400202728524
11703,374496,264.3303848808747,1028.2811146504764
11704,374528,5020.454275299933,1077.2785438043024
11705,374560,123.87383555647631,1076.447346910974
11706,374592,349.9006348928061,1077.7272520562528
11707,374624,891.0495771830232,1085.357856866286
11708,374656,486.5437634235717,1074.017318547049
11709,374688,2228.4143845738176,1093.432852783031
11710,374720,224.79452309014724,1093.760765494182
11711,374752,974.7517476196118,1056.2783491212201
11712,374784,310.8780426472246,1054.1507294595267
11713,374816,783.8345670253653,1056.7802243469666
11714,374848,1468.4045405377024,1067.50675589878
11715,374880,691.2691770456807,1064.8204956498373
11716,374912,198.6982196306587,1049.7324485193164
11717,374944,417.6719567256093,1050.37413799349
11718,374976,397.47713177354956,1047.8114986732867
11719,375008,185.34380052491508,1045.401947040601
11720,375040,656.9670775988118,1047.632231728107
11721,375072,398.0512561230511,1045.5685937535352
11722,375104,438.5271952647167,1045.1775804561619
11723,375136,191.38565717001325,1038.4098864217824
11724,375168,865.7638022169486,1045.2430669340522
11725,375200,1057.5418818324347,1051.1533173500675
11726,375232,1806.3062946959274,1056.952069881045
11727,375264,476.6579914986267,1052.0309850803571
11728,375296,1576.1568363255008,1065.1703726328155
11729,375328,246.8577534542975,1054.8112733812734
11730,375360,479.9377875338141,1056.076974727713
11731,375392,1151.6679915000145,1062.7898066705334
11732,375424,310.4305154576502,1065.0027229177042
11733,375456,261.77475143408503,1061.7148587813058
11734,375488,3004.908194676425,1085.7158061671864
11735,375520,603.7562500100437,1087.7071317673403
11736,375552,670.6509943239812,1092.3497879170802
11737,375584,179.04966956960325,1091.7610879315093
11738,375616,377.40474477116646,1093.25773661468
11739,375648,361.39358699249914,1090.7801058019356
11740,375680,988.5655390390533,1080.7752662292976
11741,375712,1314.6244690979922,1085.600385591044
11742,375744,576.4876242659551,1087.0280761016118
11743,375776,394.3048618651133,1089.2423271294365
11744,375808,401.2027874808376,1089.996958903783
11745,375840,933.2117789947979,1088.1298461052374
11746,375872,227.90768237917163,1083.1755357313837
11747,375904,756.1845206177567,1086.9358873022447
11748,375936,262.5241376201307,930.3612252450799
11749,375968,364.0482748105989,922.2303770764005
11750,376000,377.0515377366264,921.1467280043278
11751,376032,1738.9339887110216,932.2632880598615
11752,376064,622.0201280613162,925.364935406329
11753,376096,1639.1431496835407,940.3108553266856
11754,376128,96.57782035871078,938.3498248773236
11755,376160,290.92928194030407,939.1822589919501
11756,376192,44198.22976035808,1368.1796509285332
11757,376224,793.369623608547,1367.868109597269
11758,376256,1189.7367637506507,1353.9800419661642
11759,376288,1751.5368941084255,1361.8305953976749
11760,376320,2220.966293192984,1378.601461870556
11761,376352,711.3989113156643,1372.180325884376
11762,376384,142.39707965894243,1370.2170331696416
11763,376416,2203.735585968163,1389.588086281179
11764,376448,657.3909720407419,1383.1710535379966
11765,376480,749.5102340121806,1383.873657233815
11766,376512,255.32147797780806,1382.0969535909878
11767,376544,383.1470616107626,1373.9249426576364
11768,376576,875.5593748633747,1370.9700357602499
11769,376608,1565.5600119495373,1380.5354649283681
11770,376640,371.4202353936689,1380.8755656589026
11771,376672,298.7387454412389,1378.5778051643274
11772,376704,1004.6650177432232,1369.0400015856933
11773,376736,485.55977477915997,1370.9479723957172
11774,376768,934.0941449076527,1377.050345741628
11775,376800,959.0780033766534,1381.6555042151017
11776,376832,38.442286581306846,1381.3059765482842
11777,376864,289.4413196814905,1372.498921293726
11778,376896,522.497165174205,1366.2316231862585
11779,376928,912.2306524698613,1373.2025749505467
11780,376960,477.0619907320778,1369.5226441057362
11781,376992,2173.418661614716,1379.4161563784578
11782,377024,982.3009633934474,1386.118900798906
11783,377056,550.7820182338631,1389.810372781321
11784,377088,397.54122577851496,1375.4741262871464
11785,377120,200.4225668665172,1373.1422767520237
11786,377152,324.6881156943684,1365.7186315606914
11787,377184,234.31395867630536,1326.9978155107133
11788,377216,1253.3412469197383,1319.5726247031846
11789,377248,663.0418245885633,1311.7100574791168
11790,377280,659.8802114584645,1315.955951229573
11791,377312,133.7522090705611,1310.1368225934102
11792,377344,642.1123719384433,1306.8556028433038
11793,377376,436.56205467228517,1303.083270446897
11794,377408,189.96734730774395,1296.6754362667718
11795,377440,281.0800037311049,1207.2099930876598
11796,377472,2318.1156312072144,1217.6447838323622
11797,377504,1849.5889149150753,1232.6059852086846
11798,377536,660.2696055388702,1225.8497303441748
11799,377568,1532.4514716764734,1237.9884111437011
11800,377600,229.59028417758557,1236.8798255936558
11801,377632,2239.4819472159147,1249.623109895404
11802,377664,254.1614991558867,1233.1455189207156
11803,377696,280.4797741080499,1233.307012812987
11804,377728,1229.8518674445056,1195.4009887344328
11805,377760,1007.4649904170758,1204.2369002830387
11806,377792,223.0902052308404,1202.9687959864193
11807,377824,1783.4057213907115,1211.892357428496
11808,377856,1158.9947182757526,1218.616866977018
11809,377888,378.7185185380168,1200.11990831666
11810,377920,865.5733602213338,1206.5276966879717
11811,377952,840.0255358426136,1205.180434570202
11812,377984,622.4457858550576,1208.2961120022803
11813,378016,1010.9556603286475,1210.567322935313
11814,378048,330.08642559583086,1199.1841417858943
11815,378080,375.20040167216564,1196.0234540321592
11816,378112,1284.3731720989117,1206.8802035568417
11817,378144,1160.975422364605,1214.3132382132317
11818,378176,286.4108079251846,1213.2025749747481
11819,378208,375.4134222377115,1215.103271191876
11820,378240,398.13762202806726,1212.5149766361685
11821,378272,615.2854658230724,1214.687318733169
11822,378304,920.2802001532712,1219.5048487820545
11823,378336,2151.2631427834876,1239.1036236381892
11824,378368,503.7331852157684,1235.4833174681776
11825,378400,269.65764320446436,1227.6044750818976
11826,378432,544.3485058179926,1214.9848971931183
11827,378464,1252.1774347243143,1222.7400916253753
11828,378496,577.2854259593399,1212.7513775217135
11829,378528,279.1370583712541,1213.074170570883
11830,378560,733.0913586277646,1215.6057062818227
11831,378592,533.9048247134626,1209.428074613957
11832,378624,549.3324280438118,1211.8170937398186
11833,378656,781.3250873955484,1217.0125970994334
11834,378688,146.40623250362378,1188.4275774777052
11835,378720,10527.95858766194,1287.6696008542244
11836,378752,5195.715191834393,1332.9202428293283
11837,378784,303.7571680285824,1334.167317813918
11838,378816,1200.7619292818074,1342.4008896590249
11839,378848,311.23008050284636,1341.8992545941283
11840,378880,318.88457987993394,1335.2024450025372
11841,378912,707.5849346828737,1329.132049658386
11842,378944,1873.7132543772975,1342.1043059594995
11843,378976,1466.0206422238343,1352.8214637630867
11844,379008,1091.1881677404592,1359.721317565683
11845,379040,903.1264670683847,1359.4204644464187
11846,379072,675.277262801997,1363.8941602506468
11847,379104,339.4819473835137,1359.7271345183044
11848,379136,353.5755750686533,1360.63764889279
11849,379168,212.52435451277884,1359.1224096898118
11850,379200,479.2117465924,1360.1440117783695
11851,379232,1975.2700519100088,1362.5073724103593
11852,379264,2244.542766914198,1378.732598798888
11853,379296,475.0247060503252,1367.0914143625557
11854,379328,821.6788569236825,1374.342424728205
11855,379360,1253.4173777175022,1383.9673056859772
11856,379392,528.1217207797977,947.2662252901945
11857,379424,394.3374838736214,943.2759038928452
11858,379456,1486.9180478714716,946.2477167340535
11859,379488,2020.1921293087976,948.9342690860572
11860,379520,1096.7217190590975,937.6918233447183
11861,379552,299.8674439353781,933.5765086709154
11862,379584,1895.089985047714,951.1034377248031
11863,379616,145.10775389704935,930.5171594040921
11864,379648,1100.1421615680995,934.9446712993656
11865,379680,1172.8076663530233,939.1776456227741
11866,379712,699.3345182279218,943.6177760252751
11867,379744,464.154293807473,944.4278483472423
11868,379776,454.41875179009935,940.2164421165096
11869,379808,592.3373586864232,930.4842155838785
11870,379840,1347.142516516698,940.2414383951088
11871,379872,397.48732854706674,941.2289242261671
11872,379904,214.84057461745644,933.3306797949095
11873,379936,1410.5995681408713,942.5810777285265
11874,379968,507.1706862368574,938.3118431418185
11875,380000,4529.898388167216,974.0200469897242
11876,380032,767.4110915927461,981.3097350398385
11877,380064,292.5696207958506,981.341018050982
11878,380096,2035.8143530118796,996.4741899293588
11879,380128,674.2891724479374,994.0947751291396
11880,380160,884.2882729989356,998.1670379518081
11881,380192,600.5716366389287,982.4385677020502
11882,380224,931.8342178928624,981.9339002470443
11883,380256,385.79898939994035,980.2840699587051
11884,380288,8498.520361464596,1061.293861315566
11885,380320,1249.3306948937284,1071.7829425958382
11886,380352,1344.6440770025688,1081.98250220892
11887,380384,2114.4337768537494,1100.7837003906945
11888,380416,19000.535903939686,1278.255646960894
11889,380448,286.5774830050826,1274.4910035450591
11890,380480,795.0214242508666,1275.8424156729832
11891,380512,529.4617914888765,1279.7995114971666
11892,380544,346.2665968122329,1276.8410537459044
11893,380576,459.4725947486079,1277.0701591466675
11894,380608,1192.3955149446633,1287.0944408230366
11895,380640,1645.692238310518,1300.7405631688307
11896,380672,4336.026903281897,1320.9196758895775
11897,380704,2112.623044546007,1323.5500171858869
11898,380736,658.6814388966957,1323.5341355194653
11899,380768,193.04106118342543,1310.1400314145349
11900,380800,814.7504943223466,1315.9916335159826
11901,380832,1093.0131601976316,1304.5269456457997
11902,380864,433.6359640101933,1306.321690294343
11903,380896,462.1112207317313,1308.1380047605796
11904,380928,213.54983942535748,1297.974984480388
11905,380960,300.13016418838663,1290.901636218101
11906,380992,558.7511417411861,1294.2582455832046
11907,381024,746.1998093227065,1283.8861864625244
11908,381056,342.24389299221946,1275.718678209689
11909,381088,176.21847406857103,1273.6936777649944
11910,381120,449.06172732126106,1269.5285614359937
11911,381152,679.5255606526451,1267.9235616840942
11912,381184,158.24075734927618,1263.2815113990362
11913,381216,1723.9244914286135,1270.4111997100363
11914,381248,877.2074954671318,1275.8824104087491
11915,381280,618.8878785722483,1278.3192851777499
11916,381312,308.4936843285363,1268.560490300046
11917,381344,4846.490265688911,1305.415638733289
11918,381376,864.0883879938523,1311.1924145339756
11919,381408,712.0837818256593,1314.5591181298553
11920,381440,1103.2607642474977,1321.6103495520495
11921,381472,536.7385310741391,1320.82488020456
11922,381504,1232.090864239971,1323.9429868454274
11923,381536,425.81346703934923,1306.6884900879859
11924,381568,919.4501981224633,1310.845660217053
11925,381600,77.5341478860824,1308.9244252638691
11926,381632,1160.2215511315612,1315.0831557170047
11927,381664,527.6430090967787,1307.8378114607292
11928,381696,1221.0446918220193,1314.2754041193562
11929,381728,874.9659686451546,1320.233693222095
11930,381760,447.24413327494904,1317.3752209685672
11931,381792,661.1922985409736,1318.6480957068422
11932,381824,96.47012173015202,1314.1194726437059
11933,381856,575.5505177794815,1312.061726947545
11934,381888,2740.7556399923415,1338.0052210224321
11935,381920,652.6179620250422,1239.2518147660628
11936,381952,842.1174077630449,1195.7158369253493
11937,381984,217.32849152132061,1194.8515501602767
11938,382016,97.32169607034626,1183.8171478281622
11939,382048,1445.4976804999424,1195.1598238281333
11940,382080,496.3008106662956,1196.933986135997
11941,382112,2365.0319828370552,1213.5084566175387
11942,382144,1132.8127005847432,1206.0994510796131
11943,382176,233.93320885314824,1193.7785767459065
11944,382208,270.29561238965357,1185.5696511923982
11945,382240,991.119869138852,1186.449585213103
11946,382272,196.71404633878623,1181.6639530484708
11947,382304,552.2859273264481,1183.7919928478998
11948,382336,210.43449511343655,1182.3605820483479
11949,382368,624.8656412123811,1186.4839949153438
11950,382400,1300.4225869451361,1194.6961033188716
11951,382432,565.517199308417,1180.5985747928557
11952,382464,154.0205581264029,1159.6933527049775
11953,382496,694.8953950443084,1161.8920595949176
11954,382528,1284.382065525438,1166.519091680935
11955,382560,1391.1148372964544,1167.8960662767245
11956,382592,656.5306863592627,1169.1801559325193
11957,382624,394.8012837337148,1169.1847939311199
11958,382656,1836.4255703115743,1172.6798691555211
11959,382688,1257.3054917938352,1165.0510027803716
11960,382720,157.93332079435848,1155.663118797724
11961,382752,2668.8237662283673,1179.352682020654
11962,382784,702.0435632822899,1167.4222178029997
11963,382816,737.8863722073698,1173.350003986103
11964,382848,135.20576680218784,1163.7006400384437
11965,382880,303.7939300804734,1155.0105026757183
11966,382912,215.38200029097982,1150.1709774963488
11967,382944,535.3308396564723,1150.8827429548387
11968,382976,216.61759240524222,1148.5047313609903
11969,383008,2217.1750867987994,1164.753108642114
11970,383040,340.0565700715706,1154.682249177663
11971,383072,905.8108251973955,1159.765484144166
11972,383104,797.2818112704772,1165.5898965106965
11973,383136,413.3315045759559,1155.6172158750471
11974,383168,86.47752326912011,1151.4102842453697
11975,383200,229.55252544858382,1108.4068256181836
11976,383232,212.75636944403064,1102.8602783966965
11977,383264,145.2547925211797,1101.3871301139498
11978,383296,228.27490039386416,1083.3117355877696
11979,383328,131.4651034376366,1077.8834948976664
11980,383360,900.9739511791406,1078.0503516794683
11981,383392,1211.6634301837666,1084.1612696149168
11982,383424,1899.1038337749362,1093.8339657737376
11983,383456,389.15230953890983,1093.8674989751273
11984,383488,437.3635364042327,1013.2559307245235
11985,383520,332.295368743035,1004.0855774630166
11986,383552,430.6351225647984,994.945487918639
11987,383584,278.7319857932223,976.5884700080336
11988,383616,607.6054170115892,792.6591651387528
11989,383648,1672.858282979674,806.5219731384987
11990,383680,448.0621751804283,803.0523806477943
11991,383712,449.86711909418136,802.2564339238472
11992,383744,744.8445584545569,806.2422135402705
11993,383776,193.92913882279927,803.5867789810125
11994,383808,1429.5039262369773,805.9578630939357
11995,383840,1584.8122870247496,805.3490635810779
11996,383872,1500.4799099843146,776.9935936481021
11997,383904,966.9503725367678,765.5368669280098
11998,383936,162.59606382125264,760.5760131772554
11999,383968,571.3330402517952,764.358932967939
12000,384000,222.500709053593,758.4364351152515
12001,384032,96.11288007000032,748.4674323139751
12002,384064,1709.974998587176,761.230822659745
12003,384096,146.71319947028738,758.0768424471305
12004,384128,333.6150075713444,759.2774941285904
12005,384160,1189.8057644736994,768.1742501314436
12006,384192,748.9989386543886,770.0767281005757
12007,384224,445.29256282471715,767.0676556355958
12008,384256,769.8110134078554,771.3433268397521
12009,384288,601.303580975537,775.5941779088217
12010,384320,639.4181237057956,777.497741872667
12011,384352,321.8841179783379,773.9213274459239
12012,384384,378.6810281451602,776.1257301538827
12013,384416,1885.850941566412,777.7449946552608
12014,384448,597.3180992122349,774.9461006927118
12015,384480,124.01312118269745,769.9973531188164
12016,384512,451.06849834993204,771.4231012590304
12017,384544,1989.9399123000765,742.857597725142
12018,384576,90.83143055976807,735.1250281508012
12019,384608,147.611569717516,729.4803060297196
12020,384640,480.9711500289408,723.257409887534
12021,384672,120.23838871114084,719.092408463904
12022,384704,891.2825696245181,715.6843255177495
12023,384736,797.184060246158,719.3980314498176
12024,384768,248.16133044763055,712.6851427730694
12025,384800,239.09457793840795,714.3007470735927
12026,384832,999.7198892572516,712.6957304548497
12027,384864,598.4744746630637,713.4040451105125
12028,384896,735.2830515942065,708.5464287082343
12029,384928,686.1913371690451,706.6586823934732
12030,384960,425.28710652369153,706.4391121259606
12031,384992,994.2913723725877,709.7701028642767
12032,385024,1042.0914699297446,719.2263163462727
12033,385056,265.5855847006035,716.1266670154838
12034,385088,220.10692063608798,690.9201798219212
12035,385120,1196.7398004678194,696.3613982063491
12036,385152,276.58226826663514,690.706046811385
12037,385184,293.99498406536486,691.4727117368255
12038,385216,178.49475042135032,692.2844422803355
12039,385248,244.60081647083936,680.2754736400444
12040,385280,664.0138147739115,681.9526036811206
12041,385312,607.824072636184,664.3805245791118
12042,385344,1705.8222284042156,670.1106198573066
12043,385376,2209.8683702327453,689.8699714711025
12044,385408,1872.1222510387308,705.8882378575934
12045,385440,1091.6193455920447,706.8932326221252
12046,385472,374.08151661419333,708.6669073248793
12047,385504,1084.0845433025793,713.9848934846407
12048,385536,465.20413980866135,716.532589931593
12049,385568,370.9640639468459,713.9935741589376
12050,385600,379.14601635103946,704.7808084529967
12051,385632,472.4658909035283,703.8502953689476
12052,385664,421.7206124842361,706.527295912526
12053,385696,495.84877926285554,704.5368297547116
12054,385728,566.0348580662236,697.3533576801194
12055,385760,262.15929629700986,686.063802270125
12056,385792,896.8552213528841,688.4670476200612
12057,385824,991.4462425588731,694.4334972083127
12058,385856,289.3592854885324,678.9628343600823
12059,385888,266.43003854951644,669.0540798276392
12060,385920,343.2560185981411,670.907306805677
12061,385952,1135.0468673295952,655.5695378166893
12062,385984,312.98563139901694,651.6789584978565
12063,386016,3296.211460535654,677.2622093811393
12064,386048,414.7436427068858,680.0575881401863
12065,386080,453.7665799560825,681.5573146389426
12066,386112,163.30125121081196,681.0365071481408
12067,386144,1161.7764440917322,687.3009631924934
12068,386176,791.4198931775965,693.048986200217
12069,386208,1992.0971815724638,690.7982071479536
12070,386240,305.13913751004594,690.4490328223384
12071,386272,619.6005410401378,687.5869299807658
12072,386304,1759.2249546705295,697.2063614147662
12073,386336,396.4684945375153,697.0377313143817
12074,386368,330.7230722671617,699.4801868043621
12075,386400,635.7064598117923,703.5417261479943
12076,386432,359.6430769824846,705.0105932233789
12077,386464,1002.8819623921706,713.5868649220887
12078,386496,673.8451144613829,718.042567062764
12079,386528,428.263414378669,721.0105501721742
12080,386560,3500.807804471927,747.0088887051021
12081,386592,151.49293705648438,736.4071837738293
12082,386624,248.7354931308671,719.9035003673886
12083,386656,778.2137681258054,723.7941149532576
12084,386688,362.06626737475545,723.0411422629629
12085,386720,2709.0346275923202,746.8085348514558
12086,386752,310.46906002822,745.60687422609
12087,386784,589.0687944355986,748.7102423125136
12088,386816,396.6345179439179,746.6005333218369
12089,386848,157.93004326001366,731.4512509246402
12090,386880,358.28410774203735,730.5534702502564
12091,386912,689.9478131992951,732.9542771913076
12092,386944,764.90276197498,733.1548592265118
12093,386976,857.5527161741344,739.7910950000252
12094,387008,455.71090533039427,730.0531647909594
12095,387040,1119.0977335342018,725.3960192560538
12096,387072,292.0460969765849,713.3116811259766
12097,387104,865.7040015903062,712.299217416512
12098,387136,1043.9304925339366,721.1125617036387
12099,387168,581.1950835947583,721.2111821370682
12100,387200,1337.474288538032,732.3609179319127
12101,387232,617.3337522867778,737.5731266540805
12102,387264,3272.588679662527,753.199263464834
12103,387296,294.4803274845435,754.6769347449766
12104,387328,276.68983272712126,754.1076829965343
12105,387360,610.911049984185,748.3187358516392
12106,387392,245.27071765730622,743.2814536416683
12107,387424,2458.0075437815303,763.4086034512364
12108,387456,230.24676855679292,758.0129610027259
12109,387488,87.99216580751262,752.8798468510456
12110,387520,383.0148102249189,750.3158137162367
12111,387552,643.8675203303961,753.5356477397575
12112,387584,1867.5162227728094,768.423999686034
12113,387616,1695.8652707333251,766.524142977703
12114,387648,1880.343303852652,779.3543950241074
12115,387680,280.6742603127101,780.9210064154074
12116,387712,276.6806517975823,779.1771279498838
12117,387744,125.35748527009937,760.5313036795842
12118,387776,2178.6912368652893,781.4099017426394
12119,387808,4099.431090694366,820.9280969524078
12120,387840,2186.893122811697,837.9873166802354
12121,387872,115.86421245809728,837.943574917705
12122,387904,846.6483019083131,837.4972322405429
12123,387936,175.80471889955555,831.2834388270768
12124,387968,2319.4053313884674,851.9958788364852
12125,388000,287.43771118595924,852.4793101689609
12126,388032,1733.5715591855446,859.8178268682436
12127,388064,342.45856190837145,857.2576677406968
12128,388096,328.60889011294466,853.1909261258842
12129,388128,313.5319637906238,849.4643323920999
12130,388160,142.75925678747888,846.6390538947378
12131,388192,1041.8836244184272,847.1149764151962
12132,388224,432.6422769308196,841.0204844852069
12133,388256,420.6619113902565,842.5712477521034
12134,388288,3038.1420095955577,870.7515986416983
12135,388320,282.18842367941477,861.6060848738142
12136,388352,3633.923999377785,895.1795021849256
12137,388384,501.9104161152277,897.2586565054243
12138,388416,271.5520580557708,898.1892295817686
12139,388448,438.2009751796357,900.1252311688564
12140,388480,389.22280527762473,897.3773210738935
12141,388512,427.5138365239482,895.5742187127711
12142,388544,128.36377968930185,879.799634225622
12143,388576,500.42310552990955,862.7051815785937
12144,388608,415.33980895402794,848.1373571577467
12145,388640,529.3700971946917,842.5148646737731
12146,388672,3266.9263269941976,871.4433127775733
12147,388704,4137.858973374736,901.9810570782948
12148,388736,77.66305944526181,898.1056462746608
12149,388768,770.1172232832522,902.0971778680248
12150,388800,389.211841829407,902.1978361228086
12151,388832,213.19155317092628,899.6050927454826
12152,388864,656.473185756722,901.9526184782075
12153,388896,191.95268977853476,898.9136575833642
12154,388928,253.95643284035899,895.7928733311055
12155,388960,1726.9510164764765,910.4407905329001
12156,388992,744.2949293617377,908.9151876129886
12157,389024,281.02020310446255,901.8109272184445
12158,389056,517.7715356549988,904.0950497201093
12159,389088,244.68737404453066,903.8776230750595
12160,389120,456.25271434126796,905.0075900324907
12161,389152,2525.246141698661,918.9095827761814
12162,389184,976.4093749896556,925.5438202120878
12163,389216,464.8526577921975,897.2302321846532
12164,389248,290.2119044230061,895.9849148018145
12165,389280,289.08297592645675,894.3380787615182
12166,389312,6365.219793575068,956.3572641851607
12167,389344,4216.501397457622,986.9045137188197
12168,389376,350.87573011069156,982.4990720881506
12169,389408,550.0814692262421,968.0789149646884
12170,389440,469.81541979628156,969.7256777875508
12171,389472,2082.256746341845,984.3522398405679
12172,389504,291.1693277890441,969.6716835717529
12173,389536,1261.513462555235,978.3221332519299
12174,389568,297.90475670198833,977.9939500962784
12175,389600,1601.6404900317855,987.6532903984784
12176,389632,776.5342905267961,991.8222025339215
12177,389664,1388.4670495506596,995.6780534055063
12178,389696,634.7930052398306,995.2875323132907
12179,389728,612.9852500527687,997.1347506700317
12180,389760,683.2513696948733,968.9591863222612
12181,389792,659.7567768316771,974.0418247200131
12182,389824,1363.2414585485776,985.1868843741903
12183,389856,1045.5973200003868,987.8607198929361
12184,389888,332.4463269915719,987.5645204891043
12185,389920,507.0983121451262,965.5451573346322
12186,389952,725.1626388771604,969.6920931231216
12187,389984,868.1102868054302,972.4825080468198
12188,390016,789.7081385736943,976.4132442531177
12189,390048,290.76691940559664,977.7416130145735
12190,390080,1062.5741812318581,984.7845137494717
12191,390112,968.3964743569318,987.569000361048
12192,390144,459.8161800156562,984.518134541455
12193,390176,1885.9038421207495,994.801645800921
12194,390208,207.2547309598025,992.3170840572152
12195,390240,2614.7406928327914,1007.273513650201
12196,390272,253.48214870373565,1006.8878741674725
12197,390304,534.0192892462537,1003.571027044032
12198,390336,460.1244982464795,997.7329671011573
12199,390368,363.6566573735616,995.5575828389455
12200,390400,375.4778612462921,985.937618566028
12201,390432,4333.513130273757,1023.0994123458978
12202,390464,858.625294080194,998.9597784900745
12203,390496,985.6107747431611,1005.8710829626607
12204,390528,297.40358145024345,1006.078220449892
12205,390560,1224.5799055336927,1012.2149090053871
12206,390592,528.1864281245234,1015.0440661100592
12207,390624,228.1607233640858,992.7455979058849
12208,390656,1011.0485813023533,1000.5536160333404
12209,390688,1042.134787050325,1010.0950422457686
12210,390720,358.62627466088964,1009.8511568901282
12211,390752,6198.122735921868,1065.3937090460429
12212,390784,810.6461779804604,1054.8250085981197
12213,390816,329.24914015536797,1041.15884729234
12214,390848,403.9248660051151,1026.3946629138645
12215,390880,705.4271287381958,1030.6421915981193
12216,390912,409.51725960702004,1031.9705576762137
12217,390944,1474.1915545123402,1045.4588983686363
12218,390976,1226.4978189645708,1035.9369641896292
12219,391008,5738.350371365348,1052.3261569963388
12220,391040,248.68585094400694,1032.944084277662
12221,391072,160.7136665958772,1033.3925788190397
12222,391104,684.9633543011856,1031.7757293429684
12223,391136,183.0705525372029,1031.8483876793448
12224,391168,744.9429994861066,1016.1037643603213
12225,391200,218.25812292946387,1015.4119684777563
12226,391232,3348.8084116916975,1031.5643370028179
12227,391264,615.5457135501717,1034.295208519236
12228,391296,509.4151264226967,1036.1032708823334
12229,391328,533.7328595781308,1038.3052798402086
12230,391360,104.23527143339544,1037.9200399866677
12231,391392,861.1852975727766,1036.113056718211
12232,391424,216.0485472756318,1033.9471194216592
12233,391456,407.4323260926287,1033.814823568683
12234,391488,132.3679587318634,1004.757083060046
12235,391520,1029.4007036116582,1012.2292058593686
12236,391552,1242.931107833357,988.3192769439243
12237,391584,2101.0588300328986,1004.3107610831008
12238,391616,1091.5826985413587,1012.5110674879567
12239,391648,1079.0461871730217,1018.9195196078907
12240,391680,188.75435293028005,1016.9148350844172
12241,391712,1990.2731091249323,1032.542427810427
12242,391744,155.95249212086713,1032.8183149347428
12243,391776,252.0115324600218,1030.334199204044
12244,391808,192.6861291308091,1028.1076624058117
12245,391840,160.8832358727698,1024.4227937925923
12246,391872,2382.4695388960827,1015.5782259116111
12247,391904,140.38902445014804,975.6035264223652
12248,391936,255.3445357194269,977.3803411851069
12249,391968,186.68613292436058,971.5460302815181
12250,392000,515.4629247967241,972.8085411111913
12251,392032,472.9803296275926,975.4064288757579
12252,392064,307.4696752647562,971.9163937708383
12253,392096,683.2424762683471,976.8292916357365
12254,392128,156.31840678856872,975.8529113752185
12255,392160,3742.5780579483617,996.0091817899374
12256,392192,748.66206179097,996.0528531142297
12257,392224,182.53142688778115,995.067965352063
12258,392256,887.279914347924,998.7630491389923
12259,392288,1013.5384340598364,1006.4515597391453
12260,392320,627.055915830627,1008.159591754039
12261,392352,394.6912659141869,986.854042996194
12262,392384,216.2369575832902,979.2523188221304
12263,392416,1774.9080523448345,992.3528727676568
12264,392448,499.38410797573385,994.444594803184
12265,392480,346.55647651650816,995.0193298090845
12266,392512,379.2197704572317,935.1593295779062
12267,392544,385.8881536676135,896.853197140006
12268,392576,229.22461867916164,895.6366860256908
12269,392608,202.27226541591446,892.1585939875874
12270,392640,628.0152942171513,893.7405927317961
12271,392672,582.5530178243599,878.7435554466215
12272,392704,147.06902278224308,877.3025523965533
12273,392736,549.4032304524069,870.1814500755249
12274,392768,381.8705482343587,871.0211079908488
12275,392800,913.41501154726,864.1388532060035
12276,392832,318.39454057821445,859.5574557065178
12277,392864,126.53834639417677,846.9381686749529
12278,392896,242.67218876102123,843.0169605101648
12279,392928,391.3290140149561,840.8003981497868
12280,392960,1357.973176676327,847.5476162196013
12281,392992,14648.133442393955,987.431382875224
12282,393024,1450.2972174602808,988.3019404643411
12283,393056,2087.9546727162797,998.7255139915001
12284,393088,440.7933323445813,999.8089840450301
12285,393120,526.5663678148063,1000.0036646017269
12286,393152,2300.3401249401877,1015.7554394623571
12287,393184,1356.9232923414038,1020.6435695177167
12288,393216,1556.5900712881257,1028.312388844861
12289,393248,290.11308005410615,1028.3058504513463
12290,393280,723.0601101783916,1024.9107097408114
12291,393312,223.55285507888303,1017.4622735480309
12292,393344,6922.968278142884,1082.0937945293033
12293,393376,498.73293281882775,1068.222085436284
12294,393408,86.96223418167084,1067.0191604685026
12295,393440,246.48261952332186,1043.336579735408
12296,393472,326.5508668805424,1044.067266917176
12297,393504,79.76729878695618,1039.5247470125832
12298,393536,412.00435233558113,1039.0435455534744
12299,393568,731.0488605580483,1042.7174675853194
12300,393600,341.9814219084886,1042.3825031919412
12301,393632,1556.4318296299336,1014.6116901855028
12302,393664,1183.8018582262782,1017.8634558269637
12303,393696,888.0121653544124,1016.8874697330762
12304,393728,1612.0562258434807,1030.0339961770087
12305,393760,353.7544019425549,1021.3257411410972
12306,393792,566.8834136247845,1021.7127109960998
12307,393824,380.4682235395957,1023.2357859978549
12308,393856,1098.5347513909414,1024.1106476987409
12309,393888,248.4071263566246,1016.1733710918037
12310,393920,1426.4241939648966,1026.8513502848436
12311,393952,136.80869193234784,966.2382098449486
12312,393984,116.72493897752925,959.2989974549192
12313,394016,1077.7064998012931,966.7835710513785
12314,394048,1180.2818246736756,974.5471406380641
12315,394080,737.0925572224278,974.8637949229065
12316,394112,681.6591396767859,977.5852137236042
12317,394144,613.6264967723027,968.9795631462036
12318,394176,436.7236313654246,961.0818212702122
12319,394208,114.28400964937461,904.8411576530525
12320,394240,1885.9107421930544,921.213406565543
12321,394272,3442.5951144693468,954.0322210442778
12322,394304,553.8267134721291,952.720854635987
12323,394336,462.6564797787574,955.5167139084026
12324,394368,440.2388348674137,952.4696722622157
12325,394400,673.9930060111177,957.0270210930322
12326,394432,506.780295479341,928.6067399309086
12327,394464,528.4633126926245,927.7359159223332
12328,394496,1980.819090057598,942.4499555586822
12329,394528,154.58900908312043,938.658517053732
12330,394560,344.87742058858424,941.0649385452839
12331,394592,377.3158105059035,936.2262436746151
12332,394624,612.6419714556006,940.1921779164151
12333,394656,574.1185994412776,941.8590406499014
12334,394688,364.0289546081452,944.1756506086645
12335,394720,346.8944650582425,937.3505882231303
12336,394752,740.9595110770259,932.330872255567
12337,394784,345.3207119004381,914.7734910742422
12338,394816,1085.0435766854885,914.7080998556835
12339,394848,1253.2823663027366,916.4504616469806
12340,394880,286.5263074688214,917.4281811923659
12341,394912,191.4515528605249,899.4399656297219
12342,394944,141.6344108337099,899.2967848168502
12343,394976,105.83204399908361,897.8349899322409
12344,395008,643.4516759728216,902.3426454006611
12345,395040,686.6133149242239,907.5999461911757
12346,395072,438.68083687470545,888.162059170962
12347,395104,809.589240238292,894.8540613288435
12348,395136,772.5524888020566,900.0261408596698
12349,395168,252.70176969292058,900.6862972273555
12350,395200,332.5369862749111,898.8570378421371
12351,395232,571.2549160998099,899.8397837068593
12352,395264,240.42424103842697,899.1693293645961
12353,395296,362.51799210831535,895.962084522996
12354,395328,167.30072478739896,896.0719077029842
12355,395360,774.9338570894129,866.3954656943946
12356,395392,269.4603394702796,861.6034484711877
12357,395424,305.68433905646947,862.8349775928747
12358,395456,826.3126388137637,862.2253048375329
12359,395488,2093.4597037360577,873.0245175342952
12360,395520,1280.638086292807,879.5603392389171
12361,395552,104.44160276217904,876.657842607397
12362,395584,239.2164983826618,876.8876380153907
12363,395616,1061.9678948786689,869.7582364407291
12364,395648,344.663825017013,868.2110336111419
12365,395680,580.835781496349,870.5538266609403
12366,395712,574.1906668631286,872.5035356249991
12367,395744,321.56475963182675,871.8603016846413
12368,395776,197.44428482418581,871.5424983460915
12369,395808,917.6660694268301,878.6964363862006
12370,395840,2720.4743341340604,899.6210267853698
12371,395872,1095.1701228001389,904.7471978351276
12372,395904,345.0458973540285,906.7269665808456
12373,395936,595.4182026368196,907.1871163026897
12374,395968,456.7421594700945,907.9358324150469
12375,396000,445.0920773905252,903.2526030734797
12376,396032,173.3363330336877,901.8020209980342
12377,396064,178.28841909256673,902.319521725018
12378,396096,1432.3627028603617,914.2164268660115
12379,396128,2169.029448954108,931.993431215403
12380,396160,146.4407999491845,919.8781074481317
12381,396192,911.1737147276929,782.5085101714691
12382,396224,705.0427947108137,775.0559659439743
12383,396256,708.5606049067846,761.2620252658794
12384,396288,565.4244316696513,762.5083362591299
12385,396320,239.33113541726047,759.6359839351545
12386,396352,533.3092718060809,741.9656754038135
12387,396384,213.7115502865695,730.5335579832652
12388,396416,532.8352368387352,720.2960096387712
12389,396448,290.0461876864838,720.295340715095
12390,396480,906.5751232063667,722.1304908453748
12391,396512,581.6495300235051,725.711457594821
12392,396544,591.6779034427511,662.3985538478197
12393,396576,175.17694648788353,659.1629939845103
12394,396608,113.06626188876733,659.4240342615813
12395,396640,88.75453754629869,657.846753441811
12396,396672,422.9899957859249,658.811144730865
12397,396704,2548.1177347001963,683.4946490899973
12398,396736,6798.963245378277,747.3642380204243
12399,396768,3523.0990247251507,775.2847396620953
12400,396800,347.880945395431,775.3437348969646
12401,396832,324.830218850114,763.0277187891664
12402,396864,474.948153581476,755.9391817427185
12403,396896,503.7737039736921,752.0967971289112
12404,396928,312.87768360118054,739.1050117064883
12405,396960,1451.295887925208,750.0804265663147
12406,396992,2832.972192983279,772.7413143598997
12407,397024,400.9782284610486,772.9464144091143
12408,397056,6705.438745348213,829.015454348687
12409,397088,126.73113633106203,827.7986944484313
12410,397120,1559.197531944672,829.1264278282292
12411,397152,1263.002344823689,840.3883643571426
12412,397184,169.46581414173204,840.9157731087845
12413,397216,1692.3575806434014,847.0622839172056
12414,397248,631.5133242058482,841.5745989125273
12415,397280,1298.7863497992375,847.1915368382954
12416,397312,1243.1913938941914,852.8068593804694
12417,397344,397.052662325594,850.6411210360023
12418,397376,828.0562870852083,854.5544475932004
12419,397408,259.33059248875435,856.0049134215941
12420,397440,743.9926295273136,844.5857322949366
12421,397472,359.5192206846119,813.7549733570894
12422,397504,768.4443390866677,815.9011496132347
12423,397536,984.086932108362,821.1154541365307
12424,397568,372.62885972533974,820.43935438511
12425,397600,988.2052019297981,823.5814763442968
12426,397632,700.460533360609,825.5182787231093
12427,397664,635.601540379023,826.5896609999734
12428,397696,281.2413887555692,809.5938839869531
12429,397728,1836.9147087705207,826.417140983827
12430,397760,1047.7723761258271,833.4460905391995
12431,397792,755.1342529454829,837.2242749635953
12432,397824,349.92240845430155,834.5970793335824
12433,397856,405.07227136194757,832.9066160527892
12434,397888,739.2418530779297,836.658745037487
12435,397920,477.687942291336,837.966679809818
12436,397952,496.24963513003433,835.519581050348
12437,397984,407.81850013929215,836.1445589327366
12438,398016,412.04686444772625,829.414591810359
12439,398048,419.0873915577516,821.0726420629092
12440,398080,218.19596477811737,820.389338636002
12441,398112,6434.458492450975,882.8194080319064
12442,398144,219.06959059938598,883.5937598295632
12443,398176,241.36347504719453,884.9490741400443
12444,398208,308.42744363440937,881.5988318166603
12445,398240,681.084286986319,881.5435415372812
12446,398272,866.6510748478869,885.8232439170131
12447,398304,3341.1585315296807,911.1389368299269
12448,398336,652.8709646762213,909.9421215886686
12449,398368,4192.887203341141,949.3439759251509
12450,398400,90.72634820862491,946.925869544488
12451,398432,652.9287719486423,947.7426081029763
12452,398464,721.4525466662933,952.552891159255
12453,398496,1836.1882078242863,967.2895933164147
12454,398528,2178.7222105231913,987.4038081737725
12455,398560,2799.1771721833493,1007.6462413247119
12456,398592,160.14402729337388,1006.5530782029429
12457,398624,196.4499269044492,1005.4607340814226
12458,398656,504.07604214185113,1002.2383681147036
12459,398688,570.064691960952,987.0044179969525
12460,398720,577.0573019021934,979.9686101530465
12461,398752,1317.7797954955465,992.1019920803802
12462,398784,143.49644326235213,991.144791529177
12463,398816,2427.751493399306,1004.8026275143833
12464,398848,209.43225961115186,1003.4503118603247
12465,398880,1212.1163815968473,1009.7631178613296
12466,398912,1032.6915014287983,1014.3481262069863
12467,398944,374.112030267275,1014.8735989133407
12468,398976,441.2647989516802,1017.3118040546158
12469,399008,235.56448178036084,1010.4907881781512
12470,399040,570.8664420290447,988.994709257101
12471,399072,468.35613117126826,982.7265693408123
12472,399104,1088.8924370171537,990.1650347374434
12473,399136,1158.847056728428,995.7993232783597
12474,399168,4253.587599412042,1033.7677776777791
12475,399200,640.4156824924069,1035.7210137287977
12476,399232,155.35259791799362,1035.541176377641
12477,399264,220.935216815687,1035.9676443548722
12478,399296,3197.2555302570645,1053.616572628839
12479,399328,1973.9935385336048,1051.6662135246343
12480,399360,221.32664258404915,1052.4150719509828
12481,399392,546.0782389436225,1048.7641171931418
12482,399424,229.65341983917526,1044.0102234444257
12483,399456,313.0186559117428,1040.0548039544751
12484,399488,458.79646433019917,1038.9885242810806
12485,399520,273.70815814924,1039.3322945084005
12486,399552,2594.192890848602,1059.9411306988259
12487,399584,212.74166845664772,1059.9314318805266
12488,399616,423.2924106215541,1058.8360036183547
12489,399648,435.06427897730464,1060.2861845312627
12490,399680,562.8952485000304,1056.8493857841995
12491,399712,392.7163118855885,1054.9600536028202
12492,399744,238.00434734736848,1051.4233180418664
12493,399776,242.8791525964328,1052.1003401029518
12494,399808,410.25434066412197,1055.0722208907055
12495,399840,1397.3460625925866,1068.1581361411684
12496,399872,532.9986152174209,1069.2582223354832
12497,399904,2981.670284502971,1073.593747833511
12498,399936,756.8733011687243,1013.1728483914155
12499,399968,1188.6661025313424,989.8285191694775
12500,400000,304.38883131435966,989.3935980286667
