batch,records_seen,memory_mb
1,32,393.96875
2,64,394.0234375
3,96,394.0703125
4,128,394.11328125
5,160,394.15625
6,192,394.1953125
7,224,394.19921875
8,256,394.19921875
9,288,394.24609375
10,320,394.2890625
11,352,394.33203125
12,384,394.3359375
13,416,394.37890625
14,448,394.37890625
15,480,394.37890625
16,512,394.37890625
17,544,394.4140625
18,576,394.5390625
19,608,394.5390625
20,640,394.5390625
21,672,394.5390625
22,704,394.5390625
23,736,394.5390625
24,768,394.54296875
25,800,394.54296875
26,832,394.54296875
27,864,394.54296875
28,896,394.54296875
29,928,394.5859375
30,960,394.5859375
31,992,394.5859375
32,1024,394.5859375
33,1056,394.5859375
34,1088,394.5859375
35,1120,394.6328125
36,1152,394.63671875
37,1184,394.640625
38,1216,394.640625
39,1248,394.81640625
40,1280,394.81640625
41,1312,394.81640625
42,1344,394.81640625
43,1376,394.81640625
44,1408,394.81640625
45,1440,394.82421875
46,1472,394.82421875
47,1504,394.82421875
48,1536,394.82421875
49,1568,394.828125
50,1600,394.828125
51,1632,394.828125
52,1664,394.828125
53,1696,394.828125
54,1728,394.828125
55,1760,394.828125
56,1792,394.828125
57,1824,394.828125
58,1856,394.828125
59,1888,394.828125
60,1920,394.828125
61,1952,394.828125
62,1984,394.83203125
63,2016,394.83203125
64,2048,394.83203125
65,2080,394.83203125
66,2112,394.83203125
67,2144,394.83203125
68,2176,394.83203125
69,2208,394.83203125
70,2240,394.8359375
71,2272,394.8359375
72,2304,394.8359375
73,2336,394.8828125
74,2368,394.8828125
75,2400,394.8828125
76,2432,394.8828125
77,2464,394.88671875
78,2496,394.88671875
79,2528,394.88671875
80,2560,394.88671875
81,2592,394.88671875
82,2624,394.88671875
83,2656,394.88671875
84,2688,394.88671875
85,2720,394.88671875
86,2752,394.88671875
87,2784,394.88671875
88,2816,394.88671875
89,2848,394.88671875
90,2880,394.88671875
91,2912,394.88671875
92,2944,394.890625
93,2976,394.890625
94,3008,394.890625
95,3040,394.890625
96,3072,394.890625
97,3104,394.890625
98,3136,394.89453125
99,3168,394.89453125
100,3200,394.89453125
101,3232,394.89453125
102,3264,394.8984375
103,3296,394.8984375
104,3328,394.8984375
105,3360,394.8984375
106,3392,394.8984375
107,3424,394.90234375
108,3456,394.90234375
109,3488,394.90625
110,3520,394.90625
111,3552,394.90625
112,3584,394.90625
113,3616,394.90625
114,3648,394.90625
115,3680,394.90625
116,3712,394.90625
117,3744,394.90625
118,3776,394.90625
119,3808,394.90625
120,3840,394.90625
121,3872,394.91015625
122,3904,394.91015625
123,3936,394.91015625
124,3968,394.91015625
125,4000,394.91015625
126,4032,394.91015625
127,4064,394.91015625
128,4096,394.91015625
129,4128,394.91015625
130,4160,394.91015625
131,4192,394.91015625
132,4224,394.9140625
133,4256,394.9140625
134,4288,394.9140625
135,4320,394.9140625
136,4352,394.9140625
137,4384,394.9140625
138,4416,394.9140625
139,4448,394.9140625
140,4480,394.9140625
141,4512,394.9140625
142,4544,394.91796875
143,4576,394.91796875
144,4608,394.91796875
145,4640,394.91796875
146,4672,394.91796875
147,4704,394.91796875
148,4736,394.91796875
149,4768,394.91796875
150,4800,394.91796875
151,4832,394.91796875
152,4864,394.91796875
153,4896,394.91796875
154,4928,394.91796875
155,4960,394.91796875
156,4992,394.91796875
157,5024,394.91796875
158,5056,394.91796875
159,5088,394.921875
160,5120,394.921875
161,5152,394.921875
162,5184,394.92578125
163,5216,394.92578125
164,5248,394.92578125
165,5280,394.92578125
166,5312,394.92578125
167,5344,394.92578125
168,5376,394.92578125
169,5408,394.92578125
170,5440,394.92578125
171,5472,394.92578125
172,5504,394.92578125
173,5536,394.9296875
174,5568,394.9296875
175,5600,394.9296875
176,5632,394.9296875
177,5664,394.9296875
178,5696,394.9296875
179,5728,394.9296875
180,5760,394.9296875
181,5792,394.93359375
182,5824,394.93359375
183,5856,394.93359375
184,5888,394.93359375
185,5920,394.93359375
186,5952,394.93359375
187,5984,394.93359375
188,6016,394.9375
189,6048,394.9375
190,6080,394.9375
191,6112,394.9375
192,6144,394.9375
193,6176,394.9375
194,6208,394.9375
195,6240,394.9375
196,6272,394.9375
197,6304,394.9375
198,6336,394.9375
199,6368,394.9375
200,6400,394.9375
201,6432,394.9375
202,6464,394.9375
203,6496,394.9375
204,6528,394.94140625
205,6560,394.94140625
206,6592,394.94140625
207,6624,394.94140625
208,6656,394.9453125
209,6688,394.9453125
210,6720,394.9453125
211,6752,394.9453125
212,6784,394.9453125
213,6816,394.9453125
214,6848,394.9453125
215,6880,394.9453125
216,6912,394.94921875
217,6944,394.94921875
218,6976,394.94921875
219,7008,394.94921875
220,7040,394.94921875
221,7072,394.94921875
222,7104,394.94921875
223,7136,394.94921875
224,7168,394.953125
225,7200,394.953125
226,7232,394.953125
227,7264,394.953125
228,7296,394.953125
229,7328,394.953125
230,7360,394.953125
231,7392,394.953125
232,7424,394.953125
233,7456,394.953125
234,7488,394.953125
235,7520,394.953125
236,7552,394.953125
237,7584,394.95703125
238,7616,394.95703125
239,7648,394.95703125
240,7680,394.95703125
241,7712,394.95703125
242,7744,394.95703125
243,7776,394.95703125
244,7808,394.95703125
245,7840,394.95703125
246,7872,394.95703125
247,7904,394.9609375
248,7936,394.96484375
249,7968,394.96484375
250,8000,394.96484375
251,8032,394.96484375
252,8064,394.96484375
253,8096,394.96484375
254,8128,394.96484375
255,8160,394.96484375
256,8192,394.96484375
257,8224,394.96484375
258,8256,394.96875
259,8288,394.96875
260,8320,394.96875
261,8352,394.96875
262,8384,394.96875
263,8416,394.96875
264,8448,394.97265625
265,8480,394.97265625
266,8512,394.97265625
267,8544,394.97265625
268,8576,394.97265625
269,8608,394.97265625
270,8640,394.97265625
271,8672,394.97265625
272,8704,394.97265625
273,8736,394.97265625
274,8768,394.97265625
275,8800,394.97265625
276,8832,394.97265625
277,8864,394.97265625
278,8896,394.97265625
279,8928,394.97265625
280,8960,394.97265625
281,8992,394.97265625
282,9024,394.97265625
283,9056,394.97265625
284,9088,394.97265625
285,9120,394.9765625
286,9152,394.98046875
287,9184,394.98046875
288,9216,394.98046875
289,9248,394.98046875
290,9280,394.98046875
291,9312,394.98046875
292,9344,394.98046875
293,9376,394.98046875
294,9408,394.98046875
295,9440,394.98046875
296,9472,394.98046875
297,9504,394.98046875
298,9536,394.984375
299,9568,394.984375
300,9600,394.984375
301,9632,394.984375
302,9664,394.984375
303,9696,394.98828125
304,9728,394.98828125
305,9760,394.98828125
306,9792,394.98828125
307,9824,394.98828125
308,9856,394.98828125
309,9888,394.9921875
310,9920,394.9921875
311,9952,394.9921875
312,9984,394.9921875
313,10016,394.9921875
314,10048,394.9921875
315,10080,394.9921875
316,10112,394.9921875
317,10144,394.9921875
318,10176,394.9921875
319,10208,394.9921875
320,10240,394.9921875
321,10272,394.9921875
322,10304,394.99609375
323,10336,394.99609375
324,10368,394.99609375
325,10400,394.99609375
326,10432,395.0
327,10464,395.0
328,10496,395.0
329,10528,395.0
330,10560,395.0
331,10592,395.0
332,10624,395.0
333,10656,395.0
334,10688,395.0
335,10720,395.0
336,10752,395.0
337,10784,395.0
338,10816,395.0
339,10848,395.0
340,10880,395.0
341,10912,395.0
342,10944,395.0
343,10976,395.0
344,11008,395.0
345,11040,395.00390625
346,11072,395.00390625
347,11104,395.00390625
348,11136,395.00390625
349,11168,395.00390625
350,11200,395.00390625
351,11232,395.00390625
352,11264,395.00390625
353,11296,395.00390625
354,11328,395.00390625
355,11360,395.00390625
356,11392,395.00390625
357,11424,395.00390625
358,11456,395.0078125
359,11488,395.0078125
360,11520,395.01171875
361,11552,395.01171875
362,11584,395.015625
363,11616,395.015625
364,11648,395.015625
365,11680,395.015625
366,11712,395.015625
367,11744,395.01953125
368,11776,395.01953125
369,11808,395.01953125
370,11840,395.01953125
371,11872,395.01953125
372,11904,395.01953125
373,11936,395.01953125
374,11968,395.01953125
375,12000,395.01953125
376,12032,395.01953125
377,12064,395.01953125
378,12096,395.01953125
379,12128,395.01953125
380,12160,395.01953125
381,12192,395.01953125
382,12224,395.01953125
383,12256,395.01953125
384,12288,395.01953125
385,12320,395.01953125
386,12352,395.01953125
387,12384,395.0234375
388,12416,395.0234375
389,12448,395.0234375
390,12480,395.0234375
391,12512,395.0234375
392,12544,395.0234375
393,12576,395.0234375
394,12608,395.0234375
395,12640,395.0234375
396,12672,395.0234375
397,12704,395.02734375
398,12736,395.02734375
399,12768,395.02734375
400,12800,395.02734375
401,12832,395.02734375
402,12864,395.02734375
403,12896,395.02734375
404,12928,395.02734375
405,12960,395.02734375
406,12992,395.02734375
407,13024,395.02734375
408,13056,395.03125
409,13088,395.03125
410,13120,395.03125
411,13152,395.03125
412,13184,395.03515625
413,13216,395.03515625
414,13248,395.03515625
415,13280,395.03515625
416,13312,395.03515625
417,13344,395.03515625
418,13376,395.03515625
419,13408,395.03515625
420,13440,395.03515625
421,13472,395.03515625
422,13504,395.03515625
423,13536,395.03515625
424,13568,395.03515625
425,13600,395.03515625
426,13632,395.0390625
427,13664,395.0390625
428,13696,395.04296875
429,13728,395.04296875
430,13760,395.04296875
431,13792,395.04296875
432,13824,395.04296875
433,13856,395.04296875
434,13888,395.04296875
435,13920,395.04296875
436,13952,395.04296875
437,13984,395.046875
438,14016,395.046875
439,14048,395.046875
440,14080,395.046875
441,14112,395.046875
442,14144,395.046875
443,14176,395.046875
444,14208,395.046875
445,14240,395.046875
446,14272,395.046875
447,14304,395.046875
448,14336,395.046875
449,14368,395.046875
450,14400,395.05078125
451,14432,395.05078125
452,14464,395.05078125
453,14496,395.05078125
454,14528,395.05078125
455,14560,395.05078125
456,14592,395.05078125
457,14624,395.05078125
458,14656,395.05078125
459,14688,395.05078125
460,14720,395.05078125
461,14752,395.05078125
462,14784,395.0546875
463,14816,395.0546875
464,14848,395.0546875
465,14880,395.0546875
466,14912,395.0546875
467,14944,395.0546875
468,14976,395.0546875
469,15008,395.0546875
470,15040,395.05859375
471,15072,395.05859375
472,15104,395.05859375
473,15136,395.05859375
474,15168,395.05859375
475,15200,395.0625
476,15232,395.0625
477,15264,395.0625
478,15296,395.0625
479,15328,395.0625
480,15360,395.0625
481,15392,395.0625
482,15424,395.0625
483,15456,395.0625
484,15488,395.0625
485,15520,395.0625
486,15552,395.0625
487,15584,395.0625
488,15616,395.0625
489,15648,395.0625
490,15680,395.06640625
491,15712,395.06640625
492,15744,395.0703125
493,15776,395.0703125
494,15808,395.0703125
495,15840,395.0703125
496,15872,395.0703125
497,15904,395.0703125
498,15936,395.0703125
499,15968,395.0703125
500,16000,395.0703125
501,16032,395.0703125
502,16064,395.0703125
503,16096,395.0703125
504,16128,395.0703125
505,16160,395.0703125
506,16192,395.0703125
507,16224,395.0703125
508,16256,395.0703125
509,16288,395.0703125
510,16320,395.0703125
511,16352,395.0703125
512,16384,395.0703125
513,16416,395.078125
514,16448,395.078125
515,16480,395.078125
516,16512,395.078125
517,16544,395.08203125
518,16576,395.08203125
519,16608,395.08203125
520,16640,395.08203125
521,16672,395.08203125
522,16704,395.08203125
523,16736,395.08203125
524,16768,395.08203125
525,16800,395.08203125
526,16832,395.08203125
527,16864,395.08203125
528,16896,395.08203125
529,16928,395.08203125
530,16960,395.08203125
531,16992,395.0859375
532,17024,395.0859375
533,17056,395.0859375
534,17088,395.0859375
535,17120,395.0859375
536,17152,395.0859375
537,17184,395.0859375
538,17216,395.0859375
539,17248,395.0859375
540,17280,395.0859375
541,17312,395.0859375
542,17344,395.0859375
543,17376,395.0859375
544,17408,395.0859375
545,17440,395.0859375
546,17472,395.0859375
547,17504,395.0859375
548,17536,395.0859375
549,17568,395.0859375
550,17600,395.08984375
551,17632,395.08984375
552,17664,395.08984375
553,17696,395.09375
554,17728,395.09375
555,17760,395.09375
556,17792,395.09375
557,17824,395.09375
558,17856,395.09375
559,17888,395.09375
560,17920,395.09375
561,17952,395.09765625
562,17984,395.09765625
563,18016,395.09765625
564,18048,395.1015625
565,18080,395.1015625
566,18112,395.1015625
567,18144,395.1015625
568,18176,395.1015625
569,18208,395.1015625
570,18240,395.1015625
571,18272,395.10546875
572,18304,395.10546875
573,18336,395.10546875
574,18368,395.10546875
575,18400,395.10546875
576,18432,395.10546875
577,18464,395.10546875
578,18496,395.10546875
579,18528,395.10546875
580,18560,395.10546875
581,18592,395.10546875
582,18624,395.10546875
583,18656,395.10546875
584,18688,395.10546875
585,18720,395.10546875
586,18752,395.10546875
587,18784,395.10546875
588,18816,395.10546875
589,18848,395.10546875
590,18880,395.10546875
591,18912,395.10546875
592,18944,395.109375
593,18976,395.109375
594,19008,395.15234375
595,19040,395.15625
596,19072,395.15625
597,19104,395.16015625
598,19136,395.16015625
599,19168,395.16015625
600,19200,395.16015625
601,19232,395.16015625
602,19264,395.16015625
603,19296,395.16015625
604,19328,395.16015625
605,19360,395.16015625
606,19392,395.16015625
607,19424,395.16015625
608,19456,395.16015625
609,19488,395.16015625
610,19520,395.16015625
611,19552,395.16015625
612,19584,395.16015625
613,19616,395.16015625
614,19648,395.16015625
615,19680,395.1640625
616,19712,395.16796875
617,19744,395.171875
618,19776,395.171875
619,19808,395.21484375
620,19840,395.21484375
621,19872,395.22265625
622,19904,395.2265625
623,19936,395.2265625
624,19968,395.2265625
625,20000,395.2265625
626,20032,395.2265625
627,20064,395.2265625
628,20096,395.2265625
629,20128,395.2265625
630,20160,395.23046875
631,20192,395.23046875
632,20224,395.23046875
633,20256,395.23046875
634,20288,395.23828125
635,20320,395.23828125
636,20352,395.2421875
637,20384,395.2421875
638,20416,395.2421875
639,20448,395.2421875
640,20480,395.2421875
641,20512,395.2421875
642,20544,395.2421875
643,20576,395.2421875
644,20608,395.2421875
645,20640,395.2421875
646,20672,395.2421875
647,20704,395.2421875
648,20736,395.2421875
649,20768,395.2421875
650,20800,395.2421875
651,20832,395.2421875
652,20864,395.2421875
653,20896,395.2421875
654,20928,395.2421875
655,20960,395.2421875
656,20992,395.2421875
657,21024,395.2421875
658,21056,395.2421875
659,21088,395.24609375
660,21120,395.24609375
661,21152,395.24609375
662,21184,395.24609375
663,21216,395.25
664,21248,395.25
665,21280,395.25
666,21312,395.25390625
667,21344,395.25390625
668,21376,395.25390625
669,21408,395.25390625
670,21440,395.25390625
671,21472,395.25390625
672,21504,395.25390625
673,21536,395.25390625
674,21568,395.25390625
675,21600,395.25390625
676,21632,395.25390625
677,21664,395.25390625
678,21696,395.25390625
679,21728,395.25390625
680,21760,395.25390625
681,21792,395.2578125
682,21824,395.2578125
683,21856,395.26171875
684,21888,395.26171875
685,21920,395.26171875
686,21952,395.26171875
687,21984,395.26171875
688,22016,395.26171875
689,22048,395.26171875
690,22080,395.26171875
691,22112,395.26171875
692,22144,395.26171875
693,22176,395.26171875
694,22208,395.26171875
695,22240,395.26171875
696,22272,395.26171875
697,22304,395.26171875
698,22336,395.26171875
699,22368,395.26171875
700,22400,395.265625
701,22432,395.265625
702,22464,395.265625
703,22496,395.265625
704,22528,395.265625
705,22560,395.26953125
706,22592,395.26953125
707,22624,395.26953125
708,22656,395.26953125
709,22688,395.26953125
710,22720,395.26953125
711,22752,395.26953125
712,22784,395.26953125
713,22816,395.26953125
714,22848,395.26953125
715,22880,395.26953125
716,22912,395.26953125
717,22944,395.2734375
718,22976,395.2734375
719,23008,395.2734375
720,23040,395.2734375
721,23072,395.2734375
722,23104,395.2734375
723,23136,395.2734375
724,23168,395.2734375
725,23200,395.2734375
726,23232,395.2734375
727,23264,395.2734375
728,23296,395.27734375
729,23328,395.27734375
730,23360,395.27734375
731,23392,395.27734375
732,23424,395.27734375
733,23456,395.27734375
734,23488,395.27734375
735,23520,395.27734375
736,23552,395.27734375
737,23584,395.27734375
738,23616,395.28125
739,23648,395.28125
740,23680,395.28125
741,23712,395.28125
742,23744,395.28125
743,23776,395.28125
744,23808,395.28125
745,23840,395.28515625
746,23872,395.28515625
747,23904,395.28515625
748,23936,395.28515625
749,23968,395.28515625
750,24000,395.2890625
751,24032,395.2890625
752,24064,395.2890625
753,24096,395.2890625
754,24128,395.2890625
755,24160,395.2890625
756,24192,395.2890625
757,24224,395.2890625
758,24256,395.2890625
759,24288,395.2890625
760,24320,395.2890625
761,24352,395.2890625
762,24384,395.3671875
763,24416,395.3671875
764,24448,395.3671875
765,24480,395.3671875
766,24512,395.3671875
767,24544,395.3671875
768,24576,395.37109375
769,24608,395.37109375
770,24640,395.37109375
771,24672,395.375
772,24704,395.375
773,24736,395.375
774,24768,395.375
775,24800,395.37890625
776,24832,395.37890625
777,24864,395.37890625
778,24896,395.37890625
779,24928,395.37890625
780,24960,395.37890625
781,24992,395.37890625
782,25024,395.37890625
783,25056,395.37890625
784,25088,395.37890625
785,25120,395.37890625
786,25152,395.37890625
787,25184,395.37890625
788,25216,395.37890625
789,25248,395.37890625
790,25280,395.37890625
791,25312,395.37890625
792,25344,395.37890625
793,25376,395.3828125
794,25408,395.3828125
795,25440,395.3828125
796,25472,395.3828125
797,25504,395.3828125
798,25536,395.3828125
799,25568,395.3828125
800,25600,395.3828125
801,25632,395.3828125
802,25664,395.3828125
803,25696,395.3828125
804,25728,395.3828125
805,25760,395.3828125
806,25792,395.3828125
807,25824,395.3828125
808,25856,395.38671875
809,25888,395.38671875
810,25920,395.38671875
811,25952,395.38671875
812,25984,395.38671875
813,26016,395.38671875
814,26048,395.390625
815,26080,395.39453125
816,26112,395.39453125
817,26144,395.39453125
818,26176,395.39453125
819,26208,395.39453125
820,26240,395.3984375
821,26272,395.3984375
822,26304,395.3984375
823,26336,395.3984375
824,26368,395.3984375
825,26400,395.3984375
826,26432,395.3984375
827,26464,395.3984375
828,26496,395.3984375
829,26528,395.3984375
830,26560,395.3984375
831,26592,395.3984375
832,26624,395.3984375
833,26656,395.3984375
834,26688,395.3984375
835,26720,395.3984375
836,26752,395.3984375
837,26784,395.3984375
838,26816,395.3984375
839,26848,395.3984375
840,26880,395.3984375
841,26912,395.3984375
842,26944,395.3984375
843,26976,395.3984375
844,27008,395.3984375
845,27040,395.3984375
846,27072,395.3984375
847,27104,395.3984375
848,27136,395.3984375
849,27168,395.3984375
850,27200,395.3984375
851,27232,395.3984375
852,27264,395.3984375
853,27296,395.3984375
854,27328,395.3984375
855,27360,395.3984375
856,27392,395.3984375
857,27424,395.40234375
858,27456,395.40234375
859,27488,395.40234375
860,27520,395.40234375
861,27552,395.40234375
862,27584,395.47265625
863,27616,395.47265625
864,27648,395.47265625
865,27680,395.47265625
866,27712,395.47265625
867,27744,395.47265625
868,27776,395.47265625
869,27808,395.47265625
870,27840,395.4765625
871,27872,395.4765625
872,27904,395.484375
873,27936,395.484375
874,27968,395.484375
875,28000,395.484375
876,28032,395.484375
877,28064,395.484375
878,28096,395.484375
879,28128,395.484375
880,28160,395.484375
881,28192,395.484375
882,28224,395.484375
883,28256,395.484375
884,28288,395.484375
885,28320,395.484375
886,28352,395.484375
887,28384,395.484375
888,28416,395.484375
889,28448,395.484375
890,28480,395.484375
891,28512,395.484375
892,28544,395.484375
893,28576,395.484375
894,28608,395.484375
895,28640,395.484375
896,28672,395.484375
897,28704,395.484375
898,28736,395.484375
899,28768,395.484375
900,28800,395.484375
901,28832,395.484375
902,28864,395.484375
903,28896,395.484375
904,28928,395.484375
905,28960,395.484375
906,28992,395.484375
907,29024,395.484375
908,29056,395.484375
909,29088,395.484375
910,29120,395.484375
911,29152,395.484375
912,29184,395.484375
913,29216,395.484375
914,29248,395.484375
915,29280,395.484375
916,29312,395.484375
917,29344,395.484375
918,29376,395.484375
919,29408,395.484375
920,29440,395.484375
921,29472,395.48828125
922,29504,395.48828125
923,29536,395.48828125
924,29568,395.48828125
925,29600,395.48828125
926,29632,395.48828125
927,29664,395.48828125
928,29696,395.48828125
929,29728,395.48828125
930,29760,395.48828125
931,29792,395.48828125
932,29824,395.48828125
933,29856,395.48828125
934,29888,395.48828125
935,29920,395.4921875
936,29952,395.49609375
937,29984,395.49609375
938,30016,395.49609375
939,30048,395.49609375
940,30080,395.49609375
941,30112,395.49609375
942,30144,395.49609375
943,30176,395.49609375
944,30208,395.49609375
945,30240,395.49609375
946,30272,395.49609375
947,30304,395.49609375
948,30336,395.49609375
949,30368,395.49609375
950,30400,395.49609375
951,30432,395.49609375
952,30464,395.49609375
953,30496,395.49609375
954,30528,395.49609375
955,30560,395.49609375
956,30592,395.49609375
957,30624,395.49609375
958,30656,395.49609375
959,30688,395.49609375
960,30720,395.49609375
961,30752,395.49609375
962,30784,395.49609375
963,30816,395.49609375
964,30848,395.49609375
965,30880,395.49609375
966,30912,395.49609375
967,30944,395.49609375
968,30976,395.49609375
969,31008,395.49609375
970,31040,395.49609375
971,31072,395.49609375
972,31104,395.5
973,31136,395.5
974,31168,395.50390625
975,31200,395.50390625
976,31232,395.50390625
977,31264,395.50390625
978,31296,395.50390625
979,31328,395.50390625
980,31360,395.50390625
981,31392,395.5078125
982,31424,395.5078125
983,31456,395.5078125
984,31488,395.5078125
985,31520,395.5078125
986,31552,395.5078125
987,31584,395.5078125
988,31616,395.5078125
989,31648,395.5078125
990,31680,395.5078125
991,31712,395.5078125
992,31744,395.5078125
993,31776,395.5078125
994,31808,395.5078125
995,31840,395.5078125
996,31872,395.5078125
997,31904,395.5078125
998,31936,395.5078125
999,31968,395.51171875
1000,32000,395.515625
1001,32032,395.515625
1002,32064,395.515625
1003,32096,395.515625
1004,32128,395.515625
1005,32160,395.515625
1006,32192,395.515625
1007,32224,395.515625
1008,32256,395.515625
1009,32288,395.515625
1010,32320,395.515625
1011,32352,395.515625
1012,32384,395.515625
1013,32416,395.515625
1014,32448,395.515625
1015,32480,395.515625
1016,32512,395.515625
1017,32544,395.515625
1018,32576,395.515625
1019,32608,395.515625
1020,32640,395.515625
1021,32672,395.515625
1022,32704,395.515625
1023,32736,395.515625
1024,32768,395.51953125
1025,32800,395.51953125
1026,32832,395.51953125
1027,32864,395.51953125
1028,32896,395.51953125
1029,32928,395.51953125
1030,32960,395.51953125
1031,32992,395.51953125
1032,33024,395.51953125
1033,33056,395.51953125
1034,33088,395.51953125
1035,33120,395.51953125
1036,33152,395.51953125
1037,33184,395.51953125
1038,33216,395.51953125
1039,33248,395.51953125
1040,33280,395.51953125
1041,33312,395.51953125
1042,33344,395.51953125
1043,33376,395.51953125
1044,33408,395.51953125
1045,33440,395.51953125
1046,33472,395.51953125
1047,33504,395.51953125
1048,33536,395.51953125
1049,33568,395.51953125
1050,33600,395.51953125
1051,33632,395.51953125
1052,33664,395.51953125
1053,33696,395.51953125
1054,33728,395.51953125
1055,33760,395.51953125
1056,33792,395.51953125
1057,33824,395.51953125
1058,33856,395.51953125
1059,33888,395.51953125
1060,33920,395.51953125
1061,33952,395.5234375
1062,33984,395.5234375
1063,34016,395.52734375
1064,34048,395.52734375
1065,34080,395.52734375
1066,34112,395.52734375
1067,34144,395.52734375
1068,34176,395.52734375
1069,34208,395.52734375
1070,34240,395.52734375
1071,34272,395.52734375
1072,34304,395.52734375
1073,34336,395.52734375
1074,34368,395.53125
1075,34400,395.53125
1076,34432,395.53125
1077,34464,395.53125
1078,34496,395.53125
1079,34528,395.53125
1080,34560,395.53125
1081,34592,395.53125
1082,34624,395.53125
1083,34656,395.53125
1084,34688,395.53125
1085,34720,395.53125
1086,34752,395.53125
1087,34784,395.53125
1088,34816,395.53125
1089,34848,395.53125
1090,34880,395.53125
1091,34912,395.53125
1092,34944,395.53125
1093,34976,395.53125
1094,35008,395.53125
1095,35040,395.53125
1096,35072,395.53125
1097,35104,395.53515625
1098,35136,395.53515625
1099,35168,395.53515625
1100,35200,395.53515625
1101,35232,395.53515625
1102,35264,395.53515625
1103,35296,395.53515625
1104,35328,395.53515625
1105,35360,395.53515625
1106,35392,395.53515625
1107,35424,395.53515625
1108,35456,395.53515625
1109,35488,395.53515625
1110,35520,395.53515625
1111,35552,395.53515625
1112,35584,395.53515625
1113,35616,395.53515625
1114,35648,395.53515625
1115,35680,395.53515625
1116,35712,395.53515625
1117,35744,395.53515625
1118,35776,395.53515625
1119,35808,395.53515625
1120,35840,395.53515625
1121,35872,395.53515625
1122,35904,395.53515625
1123,35936,395.53515625
1124,35968,395.53515625
1125,36000,395.5390625
1126,36032,395.54296875
1127,36064,395.546875
1128,36096,395.546875
1129,36128,395.546875
1130,36160,395.546875
1131,36192,395.546875
1132,36224,395.546875
1133,36256,395.546875
1134,36288,395.546875
1135,36320,395.546875
1136,36352,395.546875
1137,36384,395.546875
1138,36416,395.546875
1139,36448,395.546875
1140,36480,395.546875
1141,36512,395.546875
1142,36544,395.546875
1143,36576,395.546875
1144,36608,395.546875
1145,36640,395.546875
1146,36672,395.546875
1147,36704,395.546875
1148,36736,395.546875
1149,36768,395.546875
1150,36800,395.546875
1151,36832,395.546875
1152,36864,395.546875
1153,36896,395.546875
1154,36928,395.546875
1155,36960,395.546875
1156,36992,395.546875
1157,37024,395.546875
1158,37056,395.546875
1159,37088,395.546875
1160,37120,395.546875
1161,37152,395.546875
1162,37184,395.546875
1163,37216,395.546875
1164,37248,395.546875
1165,37280,395.546875
1166,37312,395.546875
1167,37344,395.546875
1168,37376,395.546875
1169,37408,395.546875
1170,37440,395.546875
1171,37472,395.546875
1172,37504,395.546875
1173,37536,395.546875
1174,37568,395.546875
1175,37600,395.546875
1176,37632,395.55078125
1177,37664,395.55078125
1178,37696,395.55078125
1179,37728,395.55078125
1180,37760,395.55078125
1181,37792,395.55078125
1182,37824,395.55078125
1183,37856,395.55078125
1184,37888,395.55078125
1185,37920,395.55078125
1186,37952,395.55078125
1187,37984,395.55078125
1188,38016,395.5546875
1189,38048,395.5546875
1190,38080,395.5546875
1191,38112,395.55859375
1192,38144,395.55859375
1193,38176,395.55859375
1194,38208,395.55859375
1195,38240,395.55859375
1196,38272,395.55859375
1197,38304,395.55859375
1198,38336,395.55859375
1199,38368,395.55859375
1200,38400,395.55859375
1201,38432,395.55859375
1202,38464,395.55859375
1203,38496,395.55859375
1204,38528,395.55859375
1205,38560,395.55859375
1206,38592,395.55859375
1207,38624,395.55859375
1208,38656,395.55859375
1209,38688,395.55859375
1210,38720,395.55859375
1211,38752,395.55859375
1212,38784,395.55859375
1213,38816,395.55859375
1214,38848,395.55859375
1215,38880,395.55859375
1216,38912,395.55859375
1217,38944,395.55859375
1218,38976,395.55859375
1219,39008,395.55859375
1220,39040,395.55859375
1221,39072,395.55859375
1222,39104,395.55859375
1223,39136,395.55859375
1224,39168,395.55859375
1225,39200,395.55859375
1226,39232,395.55859375
1227,39264,395.55859375
1228,39296,395.5625
1229,39328,395.5625
1230,39360,395.5625
1231,39392,395.5625
1232,39424,395.5625
1233,39456,395.5625
1234,39488,395.5625
1235,39520,395.5625
1236,39552,395.5625
1237,39584,395.5625
1238,39616,395.5625
1239,39648,395.5625
1240,39680,395.5625
1241,39712,395.5625
1242,39744,395.5625
1243,39776,395.5625
1244,39808,395.5625
1245,39840,395.5625
1246,39872,395.5625
1247,39904,395.5625
1248,39936,395.5625
1249,39968,395.5625
1250,40000,395.5625
1251,40032,395.5625
1252,40064,395.5625
1253,40096,395.56640625
1254,40128,395.56640625
1255,40160,395.5703125
1256,40192,395.5703125
1257,40224,395.5703125
1258,40256,395.5703125
1259,40288,395.5703125
1260,40320,395.5703125
1261,40352,395.5703125
1262,40384,395.5703125
1263,40416,395.5703125
1264,40448,395.5703125
1265,40480,395.5703125
1266,40512,395.5703125
1267,40544,395.5703125
1268,40576,395.5703125
1269,40608,395.5703125
1270,40640,395.5703125
1271,40672,395.5703125
1272,40704,395.5703125
1273,40736,395.5703125
1274,40768,395.5703125
1275,40800,395.5703125
1276,40832,395.5703125
1277,40864,395.5703125
1278,40896,395.57421875
1279,40928,395.57421875
1280,40960,395.57421875
1281,40992,395.57421875
1282,41024,395.57421875
1283,41056,395.57421875
1284,41088,395.57421875
1285,41120,395.57421875
1286,41152,395.57421875
1287,41184,395.57421875
1288,41216,395.57421875
1289,41248,395.57421875
1290,41280,395.57421875
1291,41312,395.57421875
1292,41344,395.57421875
1293,41376,395.57421875
1294,41408,395.57421875
1295,41440,395.57421875
1296,41472,395.57421875
1297,41504,395.57421875
1298,41536,395.57421875
1299,41568,395.57421875
1300,41600,395.57421875
1301,41632,395.57421875
1302,41664,395.57421875
1303,41696,395.57421875
1304,41728,395.57421875
1305,41760,395.57421875
1306,41792,395.57421875
1307,41824,395.57421875
1308,41856,395.57421875
1309,41888,395.57421875
1310,41920,395.57421875
1311,41952,395.57421875
1312,41984,395.57421875
1313,42016,395.57421875
1314,42048,395.57421875
1315,42080,395.57421875
1316,42112,395.578125
1317,42144,395.578125
1318,42176,395.58203125
1319,42208,395.58203125
1320,42240,395.58203125
1321,42272,395.58203125
1322,42304,395.58203125
1323,42336,395.58203125
1324,42368,395.58203125
1325,42400,395.58203125
1326,42432,395.58203125
1327,42464,395.58203125
1328,42496,395.58203125
1329,42528,395.5859375
1330,42560,395.5859375
1331,42592,395.5859375
1332,42624,395.5859375
1333,42656,395.5859375
1334,42688,395.5859375
1335,42720,395.5859375
1336,42752,395.5859375
1337,42784,395.5859375
1338,42816,395.5859375
1339,42848,395.5859375
1340,42880,395.5859375
1341,42912,395.5859375
1342,42944,395.5859375
1343,42976,395.5859375
1344,43008,395.5859375
1345,43040,395.5859375
1346,43072,395.5859375
1347,43104,395.58984375
1348,43136,395.58984375
1349,43168,395.58984375
1350,43200,395.58984375
1351,43232,395.58984375
1352,43264,395.58984375
1353,43296,395.58984375
1354,43328,395.58984375
1355,43360,395.58984375
1356,43392,395.58984375
1357,43424,395.58984375
1358,43456,395.58984375
1359,43488,395.58984375
1360,43520,395.58984375
1361,43552,395.58984375
1362,43584,395.58984375
1363,43616,395.58984375
1364,43648,395.58984375
1365,43680,395.58984375
1366,43712,395.58984375
1367,43744,395.58984375
1368,43776,395.58984375
1369,43808,395.58984375
1370,43840,395.58984375
1371,43872,395.58984375
1372,43904,395.58984375
1373,43936,395.58984375
1374,43968,395.58984375
1375,44000,395.58984375
1376,44032,395.58984375
1377,44064,395.58984375
1378,44096,395.58984375
1379,44128,395.58984375
1380,44160,395.59765625
1381,44192,395.59765625
1382,44224,395.6015625
1383,44256,395.6015625
1384,44288,395.6015625
1385,44320,395.6015625
1386,44352,395.6015625
1387,44384,395.6015625
1388,44416,395.6015625
1389,44448,395.6015625
1390,44480,395.6015625
1391,44512,395.6015625
1392,44544,395.6015625
1393,44576,395.6015625
1394,44608,395.6015625
1395,44640,395.6015625
1396,44672,395.6015625
1397,44704,395.6015625
1398,44736,395.6015625
1399,44768,395.6015625
1400,44800,395.6015625
1401,44832,395.6015625
1402,44864,395.6015625
1403,44896,395.6015625
1404,44928,395.6015625
1405,44960,395.6015625
1406,44992,395.6015625
1407,45024,395.6015625
1408,45056,395.6015625
1409,45088,395.6015625
1410,45120,395.6015625
1411,45152,395.6015625
1412,45184,395.6015625
1413,45216,395.6015625
1414,45248,395.6015625
1415,45280,395.6015625
1416,45312,395.6015625
1417,45344,395.6015625
1418,45376,395.6015625
1419,45408,395.6015625
1420,45440,395.6015625
1421,45472,395.6015625
1422,45504,395.6015625
1423,45536,395.6015625
1424,45568,395.6015625
1425,45600,395.6015625
1426,45632,395.6015625
1427,45664,395.6015625
1428,45696,395.6015625
1429,45728,395.6015625
1430,45760,395.6015625
1431,45792,395.6015625
1432,45824,395.60546875
1433,45856,395.60546875
1434,45888,395.60546875
1435,45920,395.60546875
1436,45952,395.60546875
1437,45984,395.60546875
1438,46016,395.60546875
1439,46048,395.60546875
1440,46080,395.60546875
1441,46112,395.609375
1442,46144,395.609375
1443,46176,395.609375
1444,46208,395.609375
1445,46240,395.609375
1446,46272,395.61328125
1447,46304,395.61328125
1448,46336,395.61328125
1449,46368,395.61328125
1450,46400,395.61328125
1451,46432,395.61328125
1452,46464,395.61328125
1453,46496,395.61328125
1454,46528,395.61328125
1455,46560,395.61328125
1456,46592,395.61328125
1457,46624,395.61328125
1458,46656,395.61328125
1459,46688,395.61328125
1460,46720,395.61328125
1461,46752,395.61328125
1462,46784,395.61328125
1463,46816,395.61328125
1464,46848,395.61328125
1465,46880,395.61328125
1466,46912,395.61328125
1467,46944,395.61328125
1468,46976,395.61328125
1469,47008,395.61328125
1470,47040,395.61328125
1471,47072,395.61328125
1472,47104,395.61328125
1473,47136,395.61328125
1474,47168,395.61328125
1475,47200,395.61328125
1476,47232,395.61328125
1477,47264,395.61328125
1478,47296,395.61328125
1479,47328,395.61328125
1480,47360,395.61328125
1481,47392,395.61328125
1482,47424,395.6171875
1483,47456,395.6171875
1484,47488,395.6171875
1485,47520,395.6171875
1486,47552,395.6171875
1487,47584,395.6171875
1488,47616,395.6171875
1489,47648,395.6171875
1490,47680,395.6171875
1491,47712,395.6171875
1492,47744,395.6171875
1493,47776,395.6171875
1494,47808,395.6171875
1495,47840,395.6171875
1496,47872,395.6171875
1497,47904,395.6171875
1498,47936,395.6171875
1499,47968,395.6171875
1500,48000,395.6171875
1501,48032,395.6171875
1502,48064,395.6171875
1503,48096,395.6171875
1504,48128,395.62109375
1505,48160,395.62109375
1506,48192,395.62109375
1507,48224,395.62109375
1508,48256,395.62109375
1509,48288,395.62109375
1510,48320,395.625
1511,48352,395.625
1512,48384,395.625
1513,48416,395.625
1514,48448,395.625
1515,48480,395.625
1516,48512,395.625
1517,48544,395.625
1518,48576,395.625
1519,48608,395.625
1520,48640,395.625
1521,48672,395.625
1522,48704,395.625
1523,48736,395.625
1524,48768,395.625
1525,48800,395.625
1526,48832,395.625
1527,48864,395.625
1528,48896,395.625
1529,48928,395.625
1530,48960,395.625
1531,48992,395.625
1532,49024,395.625
1533,49056,395.62890625
1534,49088,395.62890625
1535,49120,395.62890625
1536,49152,395.62890625
1537,49184,395.62890625
1538,49216,395.62890625
1539,49248,395.62890625
1540,49280,395.62890625
1541,49312,395.62890625
1542,49344,395.62890625
1543,49376,395.62890625
1544,49408,395.62890625
1545,49440,395.62890625
1546,49472,395.62890625
1547,49504,395.62890625
1548,49536,395.62890625
1549,49568,395.62890625
1550,49600,395.62890625
1551,49632,395.62890625
1552,49664,395.62890625
1553,49696,395.62890625
1554,49728,395.62890625
1555,49760,395.62890625
1556,49792,395.62890625
1557,49824,395.62890625
1558,49856,395.62890625
1559,49888,395.62890625
1560,49920,395.62890625
1561,49952,395.62890625
1562,49984,395.62890625
1563,50016,395.62890625
1564,50048,395.62890625
1565,50080,395.62890625
1566,50112,395.62890625
1567,50144,395.62890625
1568,50176,395.62890625
1569,50208,395.6328125
1570,50240,395.6328125
1571,50272,395.6328125
1572,50304,395.6328125
1573,50336,395.63671875
1574,50368,395.63671875
1575,50400,395.63671875
1576,50432,395.63671875
1577,50464,395.63671875
1578,50496,395.63671875
1579,50528,395.63671875
1580,50560,395.63671875
1581,50592,395.63671875
1582,50624,395.63671875
1583,50656,395.63671875
1584,50688,395.640625
1585,50720,395.640625
1586,50752,395.640625
1587,50784,395.640625
1588,50816,395.640625
1589,50848,395.640625
1590,50880,395.640625
1591,50912,395.640625
1592,50944,395.640625
1593,50976,395.640625
1594,51008,395.640625
1595,51040,395.640625
1596,51072,395.640625
1597,51104,395.640625
1598,51136,395.640625
1599,51168,395.640625
1600,51200,395.640625
1601,51232,395.640625
1602,51264,395.640625
1603,51296,395.640625
1604,51328,395.640625
1605,51360,395.640625
1606,51392,395.640625
1607,51424,395.640625
1608,51456,395.640625
1609,51488,395.640625
1610,51520,395.640625
1611,51552,395.640625
1612,51584,395.640625
1613,51616,395.640625
1614,51648,395.640625
1615,51680,395.640625
1616,51712,395.640625
1617,51744,395.640625
1618,51776,395.640625
1619,51808,395.640625
1620,51840,395.640625
1621,51872,395.640625
1622,51904,395.640625
1623,51936,395.640625
1624,51968,395.640625
1625,52000,395.640625
1626,52032,395.640625
1627,52064,395.640625
1628,52096,395.640625
1629,52128,395.640625
1630,52160,395.640625
1631,52192,395.640625
1632,52224,395.64453125
1633,52256,395.64453125
1634,52288,395.64453125
1635,52320,395.64453125
1636,52352,395.6484375
1637,52384,395.65234375
1638,52416,395.65234375
1639,52448,395.65234375
1640,52480,395.65234375
1641,52512,395.65234375
1642,52544,395.65234375
1643,52576,395.65234375
1644,52608,395.65234375
1645,52640,395.65234375
1646,52672,395.65234375
1647,52704,395.65234375
1648,52736,395.65234375
1649,52768,395.65234375
1650,52800,395.65234375
1651,52832,395.65234375
1652,52864,395.65234375
1653,52896,395.65234375
1654,52928,395.65234375
1655,52960,395.65234375
1656,52992,395.65234375
1657,53024,395.65234375
1658,53056,395.65234375
1659,53088,395.65234375
1660,53120,395.65234375
1661,53152,395.65234375
1662,53184,395.65234375
1663,53216,395.65234375
1664,53248,395.65234375
1665,53280,395.65234375
1666,53312,395.65234375
1667,53344,395.65234375
1668,53376,395.65234375
1669,53408,395.65234375
1670,53440,395.65234375
1671,53472,395.65234375
1672,53504,395.65234375
1673,53536,395.65234375
1674,53568,395.65234375
1675,53600,395.65234375
1676,53632,395.65234375
1677,53664,395.65234375
1678,53696,395.65234375
1679,53728,395.65234375
1680,53760,395.65234375
1681,53792,395.65234375
1682,53824,395.65234375
1683,53856,395.65234375
1684,53888,395.65234375
1685,53920,395.65234375
1686,53952,395.65625
1687,53984,395.65625
1688,54016,395.65625
1689,54048,395.65625
1690,54080,395.65625
1691,54112,395.65625
1692,54144,395.65625
1693,54176,395.65625
1694,54208,395.65625
1695,54240,395.66015625
1696,54272,395.66015625
1697,54304,395.66015625
1698,54336,395.66015625
1699,54368,395.66015625
1700,54400,395.66015625
1701,54432,395.6640625
1702,54464,395.6640625
1703,54496,395.6640625
1704,54528,395.6640625
1705,54560,395.6640625
1706,54592,395.6640625
1707,54624,395.6640625
1708,54656,395.6640625
1709,54688,395.6640625
1710,54720,395.6640625
1711,54752,395.6640625
1712,54784,395.6640625
1713,54816,395.6640625
1714,54848,395.6640625
1715,54880,395.6640625
1716,54912,395.6640625
1717,54944,395.6640625
1718,54976,395.6640625
1719,55008,395.6640625
1720,55040,395.6640625
1721,55072,395.6640625
1722,55104,395.6640625
1723,55136,395.6640625
1724,55168,395.6640625
1725,55200,395.6640625
1726,55232,395.6640625
1727,55264,395.6640625
1728,55296,395.6640625
1729,55328,395.6640625
1730,55360,395.6640625
1731,55392,395.6640625
1732,55424,395.6640625
1733,55456,395.6640625
1734,55488,395.6640625
1735,55520,395.6640625
1736,55552,395.6640625
1737,55584,395.66796875
1738,55616,395.66796875
1739,55648,395.66796875
1740,55680,395.66796875
1741,55712,395.66796875
1742,55744,395.66796875
1743,55776,395.66796875
1744,55808,395.66796875
1745,55840,395.66796875
1746,55872,395.66796875
1747,55904,395.66796875
1748,55936,395.66796875
1749,55968,395.66796875
1750,56000,395.66796875
1751,56032,395.66796875
1752,56064,395.66796875
1753,56096,395.66796875
1754,56128,395.66796875
1755,56160,395.66796875
1756,56192,395.66796875
1757,56224,395.66796875
1758,56256,395.671875
1759,56288,395.671875
1760,56320,395.671875
1761,56352,395.671875
1762,56384,395.671875
1763,56416,395.671875
1764,56448,395.671875
1765,56480,395.67578125
1766,56512,395.67578125
1767,56544,395.67578125
1768,56576,395.67578125
1769,56608,395.67578125
1770,56640,395.67578125
1771,56672,395.67578125
1772,56704,395.67578125
1773,56736,395.67578125
1774,56768,395.67578125
1775,56800,395.67578125
1776,56832,395.67578125
1777,56864,395.67578125
1778,56896,395.67578125
1779,56928,395.67578125
1780,56960,395.67578125
1781,56992,395.67578125
1782,57024,395.67578125
1783,57056,395.67578125
1784,57088,395.67578125
1785,57120,395.67578125
1786,57152,395.67578125
1787,57184,395.67578125
1788,57216,395.6796875
1789,57248,395.6796875
1790,57280,395.69140625
1791,57312,395.69140625
1792,57344,395.69140625
1793,57376,395.69140625
1794,57408,395.69140625
1795,57440,395.69140625
1796,57472,395.69140625
1797,57504,395.69140625
1798,57536,395.69140625
1799,57568,395.69140625
1800,57600,395.69140625
1801,57632,395.69140625
1802,57664,395.69140625
1803,57696,395.69140625
1804,57728,395.69140625
1805,57760,395.69140625
1806,57792,395.69140625
1807,57824,395.69140625
1808,57856,395.69140625
1809,57888,395.69140625
1810,57920,395.69140625
1811,57952,395.69140625
1812,57984,395.69140625
1813,58016,395.69140625
1814,58048,395.69140625
1815,58080,395.69140625
1816,58112,395.69140625
1817,58144,395.69140625
1818,58176,395.69140625
1819,58208,395.69140625
1820,58240,395.69140625
1821,58272,395.69140625
1822,58304,395.6953125
1823,58336,395.6953125
1824,58368,395.6953125
1825,58400,395.6953125
1826,58432,395.6953125
1827,58464,395.6953125
1828,58496,395.69921875
1829,58528,395.69921875
1830,58560,395.69921875
1831,58592,395.69921875
1832,58624,395.69921875
1833,58656,395.69921875
1834,58688,395.69921875
1835,58720,395.69921875
1836,58752,395.69921875
1837,58784,395.69921875
1838,58816,395.69921875
1839,58848,395.69921875
1840,58880,395.703125
1841,58912,395.703125
1842,58944,395.703125
1843,58976,395.703125
1844,59008,395.703125
1845,59040,395.703125
1846,59072,395.703125
1847,59104,395.703125
1848,59136,395.703125
1849,59168,395.703125
1850,59200,395.703125
1851,59232,395.703125
1852,59264,395.703125
1853,59296,395.703125
1854,59328,395.703125
1855,59360,395.703125
1856,59392,395.703125
1857,59424,395.703125
1858,59456,395.703125
1859,59488,395.703125
1860,59520,395.703125
1861,59552,395.703125
1862,59584,395.703125
1863,59616,395.703125
1864,59648,395.703125
1865,59680,395.703125
1866,59712,395.703125
1867,59744,395.703125
1868,59776,395.703125
1869,59808,395.703125
1870,59840,395.703125
1871,59872,395.703125
1872,59904,395.703125
1873,59936,395.703125
1874,59968,395.703125
1875,60000,395.703125
1876,60032,395.703125
1877,60064,395.703125
1878,60096,395.703125
1879,60128,395.703125
1880,60160,395.703125
1881,60192,395.703125
1882,60224,395.703125
1883,60256,395.703125
1884,60288,395.703125
1885,60320,395.703125
1886,60352,395.70703125
1887,60384,395.70703125
1888,60416,395.70703125
1889,60448,395.70703125
1890,60480,395.7109375
1891,60512,395.7109375
1892,60544,395.71484375
1893,60576,395.71484375
1894,60608,395.71484375
1895,60640,395.71484375
1896,60672,395.71484375
1897,60704,395.71484375
1898,60736,395.71484375
1899,60768,395.71484375
1900,60800,395.71484375
1901,60832,395.71484375
1902,60864,395.71484375
1903,60896,395.71484375
1904,60928,395.71484375
1905,60960,395.71484375
1906,60992,395.71484375
1907,61024,395.71484375
1908,61056,395.71484375
1909,61088,395.71484375
1910,61120,395.71484375
1911,61152,395.71484375
1912,61184,395.71484375
1913,61216,395.71484375
1914,61248,395.71484375
1915,61280,395.71484375
1916,61312,395.71484375
1917,61344,395.71484375
1918,61376,395.71484375
1919,61408,395.71484375
1920,61440,395.71484375
1921,61472,395.71484375
1922,61504,395.71484375
1923,61536,395.71484375
1924,61568,395.71484375
1925,61600,395.71484375
1926,61632,395.71484375
1927,61664,395.71484375
1928,61696,395.71484375
1929,61728,395.71484375
1930,61760,395.71484375
1931,61792,395.71484375
1932,61824,395.71484375
1933,61856,395.71484375
1934,61888,395.71484375
1935,61920,395.71484375
1936,61952,395.71484375
1937,61984,395.71484375
1938,62016,395.71484375
1939,62048,395.71484375
1940,62080,395.71484375
1941,62112,395.71875
1942,62144,395.71875
1943,62176,395.71875
1944,62208,395.71875
1945,62240,395.71875
1946,62272,395.71875
1947,62304,395.71875
1948,62336,395.71875
1949,62368,395.71875
1950,62400,395.71875
1951,62432,395.71875
1952,62464,395.71875
1953,62496,395.71875
1954,62528,395.71875
1955,62560,395.71875
1956,62592,395.72265625
1957,62624,395.72265625
1958,62656,395.72265625
1959,62688,395.72265625
1960,62720,395.72265625
1961,62752,395.72265625
1962,62784,395.72265625
1963,62816,395.72265625
1964,62848,395.72265625
1965,62880,395.72265625
1966,62912,395.72265625
1967,62944,395.72265625
1968,62976,395.72265625
1969,63008,395.72265625
1970,63040,395.72265625
1971,63072,395.72265625
1972,63104,395.72265625
1973,63136,395.72265625
1974,63168,395.72265625
1975,63200,395.72265625
1976,63232,395.72265625
1977,63264,395.72265625
1978,63296,395.72265625
1979,63328,395.72265625
1980,63360,395.72265625
1981,63392,395.72265625
1982,63424,395.72265625
1983,63456,395.72265625
1984,63488,395.72265625
1985,63520,395.72265625
1986,63552,395.72265625
1987,63584,395.72265625
1988,63616,395.72265625
1989,63648,395.72265625
1990,63680,395.72265625
1991,63712,395.72265625
1992,63744,395.7265625
1993,63776,395.7265625
1994,63808,395.7265625
1995,63840,395.7265625
1996,63872,395.7265625
1997,63904,395.7265625
1998,63936,395.7265625
1999,63968,395.7265625
2000,64000,395.7265625
2001,64032,395.7265625
2002,64064,395.7265625
2003,64096,395.7265625
2004,64128,395.7265625
2005,64160,395.7265625
2006,64192,395.7265625
2007,64224,395.7265625
2008,64256,395.7265625
2009,64288,395.7265625
2010,64320,395.7265625
2011,64352,395.7265625
2012,64384,395.7265625
2013,64416,395.7265625
2014,64448,395.7265625
2015,64480,395.7265625
2016,64512,395.7265625
2017,64544,395.7265625
2018,64576,395.76171875
2019,64608,395.76171875
2020,64640,395.765625
2021,64672,395.765625
2022,64704,395.765625
2023,64736,395.765625
2024,64768,395.765625
2025,64800,395.765625
2026,64832,395.765625
2027,64864,395.765625
2028,64896,395.765625
2029,64928,395.765625
2030,64960,395.765625
2031,64992,395.765625
2032,65024,395.765625
2033,65056,395.765625
2034,65088,395.765625
2035,65120,395.765625
2036,65152,395.765625
2037,65184,395.765625
2038,65216,395.765625
2039,65248,395.765625
2040,65280,395.765625
2041,65312,395.765625
2042,65344,395.765625
2043,65376,395.765625
2044,65408,395.765625
2045,65440,395.765625
2046,65472,395.765625
2047,65504,395.765625
2048,65536,395.765625
2049,65568,395.765625
2050,65600,395.765625
2051,65632,395.765625
2052,65664,395.765625
2053,65696,395.765625
2054,65728,395.765625
2055,65760,395.765625
2056,65792,395.765625
2057,65824,395.765625
2058,65856,395.765625
2059,65888,395.765625
2060,65920,395.765625
2061,65952,395.765625
2062,65984,395.765625
2063,66016,395.765625
2064,66048,395.765625
2065,66080,395.765625
2066,66112,395.765625
2067,66144,395.765625
2068,66176,395.765625
2069,66208,395.765625
2070,66240,395.765625
2071,66272,395.765625
2072,66304,395.765625
2073,66336,395.765625
2074,66368,395.765625
2075,66400,395.765625
2076,66432,395.765625
2077,66464,395.765625
2078,66496,395.765625
2079,66528,395.765625
2080,66560,395.765625
2081,66592,395.765625
2082,66624,395.765625
2083,66656,395.76953125
2084,66688,395.76953125
2085,66720,395.76953125
2086,66752,395.76953125
2087,66784,395.76953125
2088,66816,395.76953125
2089,66848,395.76953125
2090,66880,395.76953125
2091,66912,395.76953125
2092,66944,395.76953125
2093,66976,395.76953125
2094,67008,395.76953125
2095,67040,395.76953125
2096,67072,395.76953125
2097,67104,395.76953125
2098,67136,395.76953125
2099,67168,395.76953125
2100,67200,395.76953125
2101,67232,395.76953125
2102,67264,395.76953125
2103,67296,395.76953125
2104,67328,395.76953125
2105,67360,395.76953125
2106,67392,395.76953125
2107,67424,395.76953125
2108,67456,395.76953125
2109,67488,395.76953125
2110,67520,395.76953125
2111,67552,395.76953125
2112,67584,395.76953125
2113,67616,395.76953125
2114,67648,395.76953125
2115,67680,395.76953125
2116,67712,395.76953125
2117,67744,395.76953125
2118,67776,395.76953125
2119,67808,395.76953125
2120,67840,395.76953125
2121,67872,395.76953125
2122,67904,395.76953125
2123,67936,395.76953125
2124,67968,395.76953125
2125,68000,395.76953125
2126,68032,395.76953125
2127,68064,395.76953125
2128,68096,395.76953125
2129,68128,395.76953125
2130,68160,395.76953125
2131,68192,395.76953125
2132,68224,395.76953125
2133,68256,395.76953125
2134,68288,395.76953125
2135,68320,395.76953125
2136,68352,395.76953125
2137,68384,395.76953125
2138,68416,395.76953125
2139,68448,395.76953125
2140,68480,395.76953125
2141,68512,395.76953125
2142,68544,395.76953125
2143,68576,395.76953125
2144,68608,395.76953125
2145,68640,395.76953125
2146,68672,395.76953125
2147,68704,395.7734375
2148,68736,395.7734375
2149,68768,395.7734375
2150,68800,395.7734375
2151,68832,395.7734375
2152,68864,395.7734375
2153,68896,395.7734375
2154,68928,395.7734375
2155,68960,395.7734375
2156,68992,395.7734375
2157,69024,395.7734375
2158,69056,395.7734375
2159,69088,395.7734375
2160,69120,395.7734375
2161,69152,395.7734375
2162,69184,395.7734375
2163,69216,395.7734375
2164,69248,395.7734375
2165,69280,395.7734375
2166,69312,395.7734375
2167,69344,395.7734375
2168,69376,395.7734375
2169,69408,395.7734375
2170,69440,395.7734375
2171,69472,395.7734375
2172,69504,395.7734375
2173,69536,395.7734375
2174,69568,395.7734375
2175,69600,395.7734375
2176,69632,395.7734375
2177,69664,395.7734375
2178,69696,395.7734375
2179,69728,395.7734375
2180,69760,395.7734375
2181,69792,395.7734375
2182,69824,395.7734375
2183,69856,395.7734375
2184,69888,395.7734375
2185,69920,395.7734375
2186,69952,395.7734375
2187,69984,395.7734375
2188,70016,395.7734375
2189,70048,395.7734375
2190,70080,395.7734375
2191,70112,395.7734375
2192,70144,395.7734375
2193,70176,395.7734375
2194,70208,395.7734375
2195,70240,395.7734375
2196,70272,395.7734375
2197,70304,395.7734375
2198,70336,395.7734375
2199,70368,395.7734375
2200,70400,395.7734375
2201,70432,395.7734375
2202,70464,395.7734375
2203,70496,395.7734375
2204,70528,395.7734375
2205,70560,395.7734375
2206,70592,395.7734375
2207,70624,395.7734375
2208,70656,395.7734375
2209,70688,395.7734375
2210,70720,395.7734375
2211,70752,395.77734375
2212,70784,395.77734375
2213,70816,395.77734375
2214,70848,395.77734375
2215,70880,395.77734375
2216,70912,395.77734375
2217,70944,395.77734375
2218,70976,395.77734375
2219,71008,395.77734375
2220,71040,395.77734375
2221,71072,395.77734375
2222,71104,395.77734375
2223,71136,395.77734375
2224,71168,395.77734375
2225,71200,395.77734375
2226,71232,395.77734375
2227,71264,395.77734375
2228,71296,395.77734375
2229,71328,395.77734375
2230,71360,395.77734375
2231,71392,395.77734375
2232,71424,395.77734375
2233,71456,395.77734375
2234,71488,395.77734375
2235,71520,395.77734375
2236,71552,395.77734375
2237,71584,395.77734375
2238,71616,395.77734375
2239,71648,395.77734375
2240,71680,395.77734375
2241,71712,395.77734375
2242,71744,395.77734375
2243,71776,395.77734375
2244,71808,395.77734375
2245,71840,395.77734375
2246,71872,395.77734375
2247,71904,395.77734375
2248,71936,395.77734375
2249,71968,395.77734375
2250,72000,395.77734375
2251,72032,395.77734375
2252,72064,395.77734375
2253,72096,395.77734375
2254,72128,395.77734375
2255,72160,395.77734375
2256,72192,395.77734375
2257,72224,395.77734375
2258,72256,395.77734375
2259,72288,395.77734375
2260,72320,395.77734375
2261,72352,395.77734375
2262,72384,395.77734375
2263,72416,395.77734375
2264,72448,395.77734375
2265,72480,395.77734375
2266,72512,395.77734375
2267,72544,395.77734375
2268,72576,395.77734375
2269,72608,395.77734375
2270,72640,395.77734375
2271,72672,395.77734375
2272,72704,395.77734375
2273,72736,395.77734375
2274,72768,395.81640625
2275,72800,395.8203125
2276,72832,395.8203125
2277,72864,395.8203125
2278,72896,395.8203125
2279,72928,395.8203125
2280,72960,395.8203125
2281,72992,395.8203125
2282,73024,395.8203125
2283,73056,395.8203125
2284,73088,395.8203125
2285,73120,395.8203125
2286,73152,395.8203125
2287,73184,395.8203125
2288,73216,395.8203125
2289,73248,395.8203125
2290,73280,395.8203125
2291,73312,395.8203125
2292,73344,395.8203125
2293,73376,395.8203125
2294,73408,395.8203125
2295,73440,395.8203125
2296,73472,395.8203125
2297,73504,395.8203125
2298,73536,395.8203125
2299,73568,395.8203125
2300,73600,395.8203125
2301,73632,395.8203125
2302,73664,395.8203125
2303,73696,395.8203125
2304,73728,395.8203125
2305,73760,395.8203125
2306,73792,395.8203125
2307,73824,395.8203125
2308,73856,395.8203125
2309,73888,395.8203125
2310,73920,395.8203125
2311,73952,395.8203125
2312,73984,395.8203125
2313,74016,395.8203125
2314,74048,395.8203125
2315,74080,395.8203125
2316,74112,395.8203125
2317,74144,395.8203125
2318,74176,395.8203125
2319,74208,395.8203125
2320,74240,395.8203125
2321,74272,395.8203125
2322,74304,395.8203125
2323,74336,395.8203125
2324,74368,395.8203125
2325,74400,395.8203125
2326,74432,395.8203125
2327,74464,395.8203125
2328,74496,395.8203125
2329,74528,395.8203125
2330,74560,395.8203125
2331,74592,395.8203125
2332,74624,395.8203125
2333,74656,395.8203125
2334,74688,395.8203125
2335,74720,395.8203125
2336,74752,395.8203125
2337,74784,395.8203125
2338,74816,395.82421875
2339,74848,395.82421875
2340,74880,395.82421875
2341,74912,395.82421875
2342,74944,395.82421875
2343,74976,395.82421875
2344,75008,395.82421875
2345,75040,395.82421875
2346,75072,395.82421875
2347,75104,395.82421875
2348,75136,395.82421875
2349,75168,395.82421875
2350,75200,395.82421875
2351,75232,395.82421875
2352,75264,395.82421875
2353,75296,395.82421875
2354,75328,395.82421875
2355,75360,395.82421875
2356,75392,395.82421875
2357,75424,395.82421875
2358,75456,395.82421875
2359,75488,395.82421875
2360,75520,395.82421875
2361,75552,395.82421875
2362,75584,395.82421875
2363,75616,395.82421875
2364,75648,395.82421875
2365,75680,395.82421875
2366,75712,395.82421875
2367,75744,395.82421875
2368,75776,395.82421875
2369,75808,395.82421875
2370,75840,395.82421875
2371,75872,395.82421875
2372,75904,395.82421875
2373,75936,395.82421875
2374,75968,395.82421875
2375,76000,395.82421875
2376,76032,395.82421875
2377,76064,395.82421875
2378,76096,395.82421875
2379,76128,395.82421875
2380,76160,395.82421875
2381,76192,395.82421875
2382,76224,395.82421875
2383,76256,395.82421875
2384,76288,395.82421875
2385,76320,395.82421875
2386,76352,395.82421875
2387,76384,395.82421875
2388,76416,395.82421875
2389,76448,395.82421875
2390,76480,395.82421875
2391,76512,395.82421875
2392,76544,395.82421875
2393,76576,395.82421875
2394,76608,395.82421875
2395,76640,395.82421875
2396,76672,395.82421875
2397,76704,395.82421875
2398,76736,395.82421875
2399,76768,395.82421875
2400,76800,395.82421875
2401,76832,395.82421875
2402,76864,395.828125
2403,76896,395.828125
2404,76928,395.828125
2405,76960,395.828125
2406,76992,395.828125
2407,77024,395.828125
2408,77056,395.828125
2409,77088,395.828125
2410,77120,395.828125
2411,77152,395.828125
2412,77184,395.828125
2413,77216,395.828125
2414,77248,395.828125
2415,77280,395.828125
2416,77312,395.828125
2417,77344,395.828125
2418,77376,395.828125
2419,77408,395.828125
2420,77440,395.828125
2421,77472,395.828125
2422,77504,395.828125
2423,77536,395.828125
2424,77568,395.828125
2425,77600,395.828125
2426,77632,395.828125
2427,77664,395.828125
2428,77696,395.828125
2429,77728,395.828125
2430,77760,395.828125
2431,77792,395.828125
2432,77824,395.828125
2433,77856,395.828125
2434,77888,395.828125
2435,77920,395.828125
2436,77952,395.828125
2437,77984,395.828125
2438,78016,395.828125
2439,78048,395.828125
2440,78080,395.828125
2441,78112,395.828125
2442,78144,395.828125
2443,78176,395.828125
2444,78208,395.828125
2445,78240,395.828125
2446,78272,395.828125
2447,78304,395.828125
2448,78336,395.828125
2449,78368,395.828125
2450,78400,395.828125
2451,78432,395.828125
2452,78464,395.828125
2453,78496,395.828125
2454,78528,395.828125
2455,78560,395.828125
2456,78592,395.828125
2457,78624,395.828125
2458,78656,395.828125
2459,78688,395.828125
2460,78720,395.828125
2461,78752,395.828125
2462,78784,395.828125
2463,78816,395.828125
2464,78848,395.828125
2465,78880,395.828125
2466,78912,395.83203125
2467,78944,395.83203125
2468,78976,395.83203125
2469,79008,395.83203125
2470,79040,395.83203125
2471,79072,395.83203125
2472,79104,395.83203125
2473,79136,395.83203125
2474,79168,395.83203125
2475,79200,395.83203125
2476,79232,395.83203125
2477,79264,395.83203125
2478,79296,395.83203125
2479,79328,395.83203125
2480,79360,395.83203125
2481,79392,395.83203125
2482,79424,395.83203125
2483,79456,395.83203125
2484,79488,395.83203125
2485,79520,395.83203125
2486,79552,395.83203125
2487,79584,395.83203125
2488,79616,395.83203125
2489,79648,395.83203125
2490,79680,395.83203125
2491,79712,395.83203125
2492,79744,395.83203125
2493,79776,395.83203125
2494,79808,395.83203125
2495,79840,395.83203125
2496,79872,395.83203125
2497,79904,395.83203125
2498,79936,395.83203125
2499,79968,395.83203125
2500,80000,395.83203125
2501,80032,395.83203125
2502,80064,395.83203125
2503,80096,395.83203125
2504,80128,395.83203125
2505,80160,395.83203125
2506,80192,395.83203125
2507,80224,395.83203125
2508,80256,395.83203125
2509,80288,395.83203125
2510,80320,395.83203125
2511,80352,395.83203125
2512,80384,395.83203125
2513,80416,395.83203125
2514,80448,395.83203125
2515,80480,395.83203125
2516,80512,395.83203125
2517,80544,395.83203125
2518,80576,395.83203125
2519,80608,395.83203125
2520,80640,395.83203125
2521,80672,395.83203125
2522,80704,395.83203125
2523,80736,395.83203125
2524,80768,395.83203125
2525,80800,395.83203125
2526,80832,395.83203125
2527,80864,395.83203125
2528,80896,395.83203125
2529,80928,395.83203125
2530,80960,395.8359375
2531,80992,395.8359375
2532,81024,395.8359375
2533,81056,395.8359375
2534,81088,395.8359375
2535,81120,395.8359375
2536,81152,395.8359375
2537,81184,395.8359375
2538,81216,395.8359375
2539,81248,395.8359375
2540,81280,395.8359375
2541,81312,395.8359375
2542,81344,395.8359375
2543,81376,395.8359375
2544,81408,395.8359375
2545,81440,395.8359375
2546,81472,395.8359375
2547,81504,395.8359375
2548,81536,395.8359375
2549,81568,395.8359375
2550,81600,395.8359375
2551,81632,395.8359375
2552,81664,395.8359375
2553,81696,395.8359375
2554,81728,395.8359375
2555,81760,395.8359375
2556,81792,395.8359375
2557,81824,395.8359375
2558,81856,395.8359375
2559,81888,395.8359375
2560,81920,395.8359375
2561,81952,395.83984375
2562,81984,395.84375
2563,82016,395.84375
2564,82048,395.84375
2565,82080,395.84375
2566,82112,395.84375
2567,82144,395.84375
2568,82176,395.84375
2569,82208,395.84375
2570,82240,395.84375
2571,82272,395.84375
2572,82304,395.84375
2573,82336,395.84375
2574,82368,395.84375
2575,82400,395.84375
2576,82432,395.84375
2577,82464,395.84375
2578,82496,395.84375
2579,82528,395.84375
2580,82560,395.84375
2581,82592,395.84375
2582,82624,395.84375
2583,82656,395.84375
2584,82688,395.84375
2585,82720,395.84375
2586,82752,395.84375
2587,82784,395.84375
2588,82816,395.84375
2589,82848,395.84375
2590,82880,395.84375
2591,82912,395.84375
2592,82944,395.84375
2593,82976,395.84765625
2594,83008,395.84765625
2595,83040,395.84765625
2596,83072,395.84765625
2597,83104,395.84765625
2598,83136,395.84765625
2599,83168,395.84765625
2600,83200,395.84765625
2601,83232,395.84765625
2602,83264,395.84765625
2603,83296,395.84765625
2604,83328,395.84765625
2605,83360,395.84765625
2606,83392,395.84765625
2607,83424,395.84765625
2608,83456,395.84765625
2609,83488,395.84765625
2610,83520,395.84765625
2611,83552,395.84765625
2612,83584,395.84765625
2613,83616,395.84765625
2614,83648,395.84765625
2615,83680,395.84765625
2616,83712,395.84765625
2617,83744,395.84765625
2618,83776,395.84765625
2619,83808,395.84765625
2620,83840,395.84765625
2621,83872,395.84765625
2622,83904,395.84765625
2623,83936,395.84765625
2624,83968,395.84765625
2625,84000,395.84765625
2626,84032,395.84765625
2627,84064,395.84765625
2628,84096,395.84765625
2629,84128,395.84765625
2630,84160,395.84765625
2631,84192,395.84765625
2632,84224,395.84765625
2633,84256,395.84765625
2634,84288,395.84765625
2635,84320,395.84765625
2636,84352,395.84765625
2637,84384,395.84765625
2638,84416,395.84765625
2639,84448,395.84765625
2640,84480,395.84765625
2641,84512,395.84765625
2642,84544,395.84765625
2643,84576,395.84765625
2644,84608,395.84765625
2645,84640,395.84765625
2646,84672,395.84765625
2647,84704,395.84765625
2648,84736,395.84765625
2649,84768,395.84765625
2650,84800,395.84765625
2651,84832,395.84765625
2652,84864,395.84765625
2653,84896,395.84765625
2654,84928,395.84765625
2655,84960,395.84765625
2656,84992,395.84765625
2657,85024,395.8515625
2658,85056,395.8515625
2659,85088,395.8515625
2660,85120,395.8515625
2661,85152,395.8515625
2662,85184,395.8515625
2663,85216,395.8515625
2664,85248,395.8515625
2665,85280,395.8515625
2666,85312,395.8515625
2667,85344,395.8515625
2668,85376,395.8515625
2669,85408,395.8515625
2670,85440,395.8515625
2671,85472,395.8515625
2672,85504,395.8515625
2673,85536,395.8515625
2674,85568,395.8515625
2675,85600,395.8515625
2676,85632,395.8515625
2677,85664,395.8515625
2678,85696,395.8515625
2679,85728,395.8515625
2680,85760,395.8515625
2681,85792,395.8515625
2682,85824,395.8515625
2683,85856,395.8515625
2684,85888,395.8515625
2685,85920,395.8515625
2686,85952,395.8515625
2687,85984,395.8515625
2688,86016,395.8515625
2689,86048,395.8515625
2690,86080,395.8515625
2691,86112,395.8515625
2692,86144,395.8515625
2693,86176,395.8515625
2694,86208,395.8515625
2695,86240,395.8515625
2696,86272,395.8515625
2697,86304,395.8515625
2698,86336,395.8515625
2699,86368,395.8515625
2700,86400,395.8515625
2701,86432,395.8515625
2702,86464,395.8515625
2703,86496,395.8515625
2704,86528,395.8515625
2705,86560,395.8515625
2706,86592,395.8515625
2707,86624,395.8515625
2708,86656,395.8515625
2709,86688,395.8515625
2710,86720,395.8515625
2711,86752,395.8515625
2712,86784,395.8515625
2713,86816,395.8515625
2714,86848,395.8515625
2715,86880,395.8515625
2716,86912,395.8515625
2717,86944,395.8515625
2718,86976,395.8515625
2719,87008,395.8515625
2720,87040,395.8515625
2721,87072,395.85546875
2722,87104,395.85546875
2723,87136,395.85546875
2724,87168,395.85546875
2725,87200,395.85546875
2726,87232,395.85546875
2727,87264,395.85546875
2728,87296,395.86328125
2729,87328,395.86328125
2730,87360,395.86328125
2731,87392,395.86328125
2732,87424,395.86328125
2733,87456,395.86328125
2734,87488,395.86328125
2735,87520,395.86328125
2736,87552,395.86328125
2737,87584,395.86328125
2738,87616,395.86328125
2739,87648,395.86328125
2740,87680,395.86328125
2741,87712,395.86328125
2742,87744,395.86328125
2743,87776,395.86328125
2744,87808,395.86328125
2745,87840,395.86328125
2746,87872,395.86328125
2747,87904,395.86328125
2748,87936,395.86328125
2749,87968,395.86328125
2750,88000,395.86328125
2751,88032,395.86328125
2752,88064,395.86328125
2753,88096,395.86328125
2754,88128,395.86328125
2755,88160,395.86328125
2756,88192,395.86328125
2757,88224,395.86328125
2758,88256,395.86328125
2759,88288,395.86328125
2760,88320,395.86328125
2761,88352,395.86328125
2762,88384,395.86328125
2763,88416,395.86328125
2764,88448,395.86328125
2765,88480,395.86328125
2766,88512,395.86328125
2767,88544,395.86328125
2768,88576,395.86328125
2769,88608,395.86328125
2770,88640,395.86328125
2771,88672,395.86328125
2772,88704,395.86328125
2773,88736,395.86328125
2774,88768,395.86328125
2775,88800,395.86328125
2776,88832,395.86328125
2777,88864,395.86328125
2778,88896,395.86328125
2779,88928,395.86328125
2780,88960,395.86328125
2781,88992,395.86328125
2782,89024,395.86328125
2783,89056,395.86328125
2784,89088,395.86328125
2785,89120,395.8671875
2786,89152,395.8671875
2787,89184,395.8671875
2788,89216,395.8671875
2789,89248,395.8671875
2790,89280,395.8671875
2791,89312,395.8671875
2792,89344,395.8671875
2793,89376,395.8671875
2794,89408,395.8671875
2795,89440,395.8671875
2796,89472,395.8671875
2797,89504,395.8671875
2798,89536,395.8671875
2799,89568,395.8671875
2800,89600,395.8671875
2801,89632,395.8671875
2802,89664,395.8671875
2803,89696,395.8671875
2804,89728,395.8671875
2805,89760,395.8671875
2806,89792,395.8671875
2807,89824,395.8671875
2808,89856,395.8671875
2809,89888,395.8671875
2810,89920,395.8671875
2811,89952,395.8671875
2812,89984,395.8671875
2813,90016,395.8671875
2814,90048,395.8671875
2815,90080,395.8671875
2816,90112,395.8671875
2817,90144,395.8671875
2818,90176,395.8671875
2819,90208,395.8671875
2820,90240,395.8671875
2821,90272,395.8671875
2822,90304,395.8671875
2823,90336,395.8671875
2824,90368,395.8671875
2825,90400,395.8671875
2826,90432,395.8671875
2827,90464,395.8671875
2828,90496,395.8671875
2829,90528,395.8671875
2830,90560,395.8671875
2831,90592,395.8671875
2832,90624,395.8671875
2833,90656,395.8671875
2834,90688,395.8671875
2835,90720,395.8671875
2836,90752,395.8671875
2837,90784,395.8671875
2838,90816,395.8671875
2839,90848,395.8671875
2840,90880,395.8671875
2841,90912,395.8671875
2842,90944,395.8671875
2843,90976,395.8671875
2844,91008,395.8671875
2845,91040,395.8671875
2846,91072,395.8671875
2847,91104,395.8671875
2848,91136,395.87109375
2849,91168,395.87109375
2850,91200,395.87109375
2851,91232,395.87109375
2852,91264,395.87109375
2853,91296,395.87109375
2854,91328,395.87109375
2855,91360,395.87109375
2856,91392,395.87109375
2857,91424,395.87109375
2858,91456,395.87109375
2859,91488,395.87109375
2860,91520,395.87109375
2861,91552,395.87109375
2862,91584,395.87109375
2863,91616,395.87109375
2864,91648,395.87109375
2865,91680,395.87109375
2866,91712,395.87109375
2867,91744,395.87109375
2868,91776,395.87109375
2869,91808,395.87109375
2870,91840,395.87109375
2871,91872,395.87109375
2872,91904,395.87109375
2873,91936,395.87109375
2874,91968,395.87109375
2875,92000,395.87109375
2876,92032,395.87109375
2877,92064,395.87109375
2878,92096,395.87109375
2879,92128,395.87109375
2880,92160,395.87109375
2881,92192,395.87109375
2882,92224,395.87109375
2883,92256,395.87109375
2884,92288,395.87109375
2885,92320,395.875
2886,92352,395.875
2887,92384,395.875
2888,92416,395.875
2889,92448,395.875
2890,92480,395.875
2891,92512,395.875
2892,92544,395.875
2893,92576,395.875
2894,92608,395.875
2895,92640,395.875
2896,92672,395.875
2897,92704,395.875
2898,92736,395.875
2899,92768,395.875
2900,92800,395.875
2901,92832,395.875
2902,92864,395.875
2903,92896,395.875
2904,92928,395.875
2905,92960,395.875
2906,92992,395.875
2907,93024,395.875
2908,93056,395.875
2909,93088,395.875
2910,93120,395.875
2911,93152,395.875
2912,93184,395.87890625
2913,93216,395.87890625
2914,93248,395.87890625
2915,93280,395.87890625
2916,93312,395.87890625
2917,93344,395.87890625
2918,93376,395.87890625
2919,93408,395.87890625
2920,93440,395.87890625
2921,93472,395.87890625
2922,93504,395.87890625
2923,93536,395.87890625
2924,93568,395.87890625
2925,93600,395.87890625
2926,93632,395.87890625
2927,93664,395.87890625
2928,93696,395.87890625
2929,93728,395.87890625
2930,93760,395.87890625
2931,93792,395.87890625
2932,93824,395.87890625
2933,93856,395.87890625
2934,93888,395.87890625
2935,93920,395.87890625
2936,93952,395.87890625
2937,93984,395.87890625
2938,94016,395.87890625
2939,94048,395.87890625
2940,94080,395.87890625
2941,94112,395.87890625
2942,94144,395.87890625
2943,94176,395.87890625
2944,94208,395.87890625
2945,94240,395.87890625
2946,94272,395.87890625
2947,94304,395.87890625
2948,94336,395.87890625
2949,94368,395.87890625
2950,94400,395.87890625
2951,94432,395.87890625
2952,94464,395.87890625
2953,94496,395.87890625
2954,94528,395.87890625
2955,94560,395.87890625
2956,94592,395.87890625
2957,94624,395.87890625
2958,94656,395.87890625
2959,94688,395.87890625
2960,94720,395.87890625
2961,94752,395.87890625
2962,94784,395.87890625
2963,94816,395.87890625
2964,94848,395.87890625
2965,94880,395.87890625
2966,94912,395.87890625
2967,94944,395.87890625
2968,94976,395.87890625
2969,95008,395.87890625
2970,95040,395.87890625
2971,95072,395.87890625
2972,95104,395.87890625
2973,95136,395.87890625
2974,95168,395.87890625
2975,95200,395.87890625
2976,95232,395.8828125
2977,95264,395.8828125
2978,95296,395.8828125
2979,95328,395.8828125
2980,95360,395.8828125
2981,95392,395.8828125
2982,95424,395.8828125
2983,95456,395.8828125
2984,95488,395.8828125
2985,95520,395.8828125
2986,95552,395.8828125
2987,95584,395.8828125
2988,95616,395.8828125
2989,95648,395.8828125
2990,95680,395.8828125
2991,95712,395.8828125
2992,95744,395.8828125
2993,95776,395.8828125
2994,95808,395.8828125
2995,95840,395.8828125
2996,95872,395.8828125
2997,95904,395.8828125
2998,95936,395.8828125
2999,95968,395.8828125
3000,96000,395.8828125
3001,96032,395.8828125
3002,96064,395.8828125
3003,96096,395.8828125
3004,96128,395.8828125
3005,96160,395.8828125
3006,96192,395.8828125
3007,96224,395.8828125
3008,96256,395.8828125
3009,96288,395.8828125
3010,96320,395.8828125
3011,96352,395.8828125
3012,96384,395.8828125
3013,96416,395.8828125
3014,96448,395.8828125
3015,96480,395.8828125
3016,96512,395.8828125
3017,96544,395.8828125
3018,96576,395.8828125
3019,96608,395.8828125
3020,96640,395.8828125
3021,96672,395.8828125
3022,96704,395.8828125
3023,96736,395.8828125
3024,96768,395.8828125
3025,96800,395.8828125
3026,96832,395.8828125
3027,96864,395.8828125
3028,96896,395.8828125
3029,96928,395.8828125
3030,96960,395.8828125
3031,96992,395.8828125
3032,97024,395.8828125
3033,97056,395.8828125
3034,97088,395.8828125
3035,97120,395.8828125
3036,97152,395.8828125
3037,97184,395.8828125
3038,97216,395.8828125
3039,97248,395.8828125
3040,97280,395.9453125
3041,97312,395.9453125
3042,97344,395.9453125
3043,97376,395.9453125
3044,97408,395.9453125
3045,97440,395.9453125
3046,97472,395.9453125
3047,97504,395.9453125
3048,97536,395.9453125
3049,97568,395.9453125
3050,97600,395.9453125
3051,97632,395.9453125
3052,97664,395.9453125
3053,97696,395.9453125
3054,97728,395.9453125
3055,97760,395.9453125
3056,97792,395.9453125
3057,97824,395.9453125
3058,97856,395.9453125
3059,97888,395.9453125
3060,97920,395.9453125
3061,97952,395.9453125
3062,97984,395.9453125
3063,98016,395.9453125
3064,98048,395.9453125
3065,98080,395.9453125
3066,98112,395.9453125
3067,98144,395.9453125
3068,98176,395.9453125
3069,98208,395.9453125
3070,98240,395.9453125
3071,98272,395.9453125
3072,98304,395.9453125
3073,98336,395.9453125
3074,98368,395.9453125
3075,98400,395.9453125
3076,98432,395.9453125
3077,98464,395.9453125
3078,98496,395.9453125
3079,98528,395.9453125
3080,98560,395.9453125
3081,98592,395.9453125
3082,98624,395.9453125
3083,98656,395.9453125
3084,98688,395.9453125
3085,98720,395.9453125
3086,98752,395.9453125
3087,98784,395.9453125
3088,98816,395.9453125
3089,98848,395.9453125
3090,98880,395.9453125
3091,98912,395.9453125
3092,98944,395.9453125
3093,98976,395.9453125
3094,99008,395.9453125
3095,99040,395.9453125
3096,99072,395.9453125
3097,99104,395.9453125
3098,99136,395.9453125
3099,99168,395.9453125
3100,99200,395.9453125
3101,99232,395.9453125
3102,99264,395.9453125
3103,99296,395.9453125
3104,99328,395.9453125
3105,99360,395.9453125
3106,99392,395.9453125
3107,99424,395.9453125
3108,99456,395.9453125
3109,99488,395.9453125
3110,99520,395.9453125
3111,99552,395.9453125
3112,99584,395.9453125
3113,99616,395.9453125
3114,99648,395.9453125
3115,99680,395.9453125
3116,99712,395.9453125
3117,99744,395.9453125
3118,99776,395.9453125
3119,99808,395.9453125
3120,99840,395.9453125
3121,99872,395.9453125
3122,99904,395.9453125
3123,99936,395.9453125
3124,99968,395.9453125
3125,100000,395.9453125
3126,100032,395.9453125
3127,100064,395.9453125
3128,100096,395.9453125
3129,100128,395.9453125
3130,100160,395.9453125
3131,100192,395.9453125
3132,100224,395.9453125
3133,100256,395.9453125
3134,100288,395.9453125
3135,100320,395.9453125
3136,100352,395.9453125
3137,100384,395.9453125
3138,100416,395.9453125
3139,100448,395.9453125
3140,100480,395.9453125
3141,100512,395.9453125
3142,100544,395.9453125
3143,100576,395.9453125
3144,100608,395.9453125
3145,100640,395.9453125
3146,100672,395.9453125
3147,100704,395.9453125
3148,100736,395.9453125
3149,100768,395.9453125
3150,100800,395.9453125
3151,100832,395.9453125
3152,100864,395.9453125
3153,100896,395.9453125
3154,100928,395.9453125
3155,100960,395.9453125
3156,100992,395.9453125
3157,101024,395.9453125
3158,101056,395.9453125
3159,101088,395.9453125
3160,101120,395.9453125
3161,101152,395.9453125
3162,101184,395.9453125
3163,101216,395.9453125
3164,101248,395.9453125
3165,101280,395.9453125
3166,101312,395.9453125
3167,101344,395.9453125
3168,101376,395.9453125
3169,101408,395.9453125
3170,101440,395.9453125
3171,101472,395.9453125
3172,101504,395.9453125
3173,101536,395.9453125
3174,101568,395.9453125
3175,101600,395.9453125
3176,101632,395.9453125
3177,101664,395.9453125
3178,101696,395.9453125
3179,101728,395.9453125
3180,101760,395.9453125
3181,101792,395.9453125
3182,101824,395.9453125
3183,101856,395.9453125
3184,101888,395.9453125
3185,101920,395.9453125
3186,101952,395.9453125
3187,101984,395.9453125
3188,102016,395.9453125
3189,102048,395.9453125
3190,102080,395.9453125
3191,102112,395.9453125
3192,102144,395.9453125
3193,102176,395.9453125
3194,102208,395.9453125
3195,102240,395.9453125
3196,102272,395.9453125
3197,102304,395.9453125
3198,102336,395.9453125
3199,102368,395.9453125
3200,102400,395.9453125
3201,102432,395.9453125
3202,102464,395.9453125
3203,102496,395.9453125
3204,102528,395.9453125
3205,102560,395.9453125
3206,102592,395.9453125
3207,102624,395.9453125
3208,102656,395.9453125
3209,102688,395.9453125
3210,102720,395.9453125
3211,102752,395.9453125
3212,102784,395.9453125
3213,102816,395.9453125
3214,102848,395.9453125
3215,102880,395.9453125
3216,102912,395.9453125
3217,102944,395.9453125
3218,102976,395.9453125
3219,103008,395.9453125
3220,103040,395.9453125
3221,103072,395.9453125
3222,103104,395.9453125
3223,103136,395.9453125
3224,103168,395.9453125
3225,103200,395.9453125
3226,103232,395.9453125
3227,103264,395.9453125
3228,103296,395.9453125
3229,103328,395.9453125
3230,103360,395.9453125
3231,103392,395.9453125
3232,103424,395.9453125
3233,103456,395.9453125
3234,103488,395.9453125
3235,103520,395.9453125
3236,103552,395.9453125
3237,103584,395.9453125
3238,103616,395.9453125
3239,103648,395.9453125
3240,103680,395.9453125
3241,103712,395.9453125
3242,103744,395.9453125
3243,103776,395.9453125
3244,103808,395.9453125
3245,103840,395.9453125
3246,103872,395.9453125
3247,103904,395.9453125
3248,103936,395.9453125
3249,103968,395.9453125
3250,104000,395.9453125
3251,104032,395.9453125
3252,104064,395.9453125
3253,104096,395.9453125
3254,104128,395.9453125
3255,104160,395.9453125
3256,104192,395.9453125
3257,104224,395.9453125
3258,104256,395.9453125
3259,104288,395.9453125
3260,104320,395.9453125
3261,104352,395.9453125
3262,104384,395.9453125
3263,104416,395.9453125
3264,104448,395.9453125
3265,104480,395.9453125
3266,104512,395.9453125
3267,104544,395.9453125
3268,104576,395.9453125
3269,104608,395.9453125
3270,104640,395.9453125
3271,104672,395.9453125
3272,104704,395.9453125
3273,104736,395.9453125
3274,104768,395.9453125
3275,104800,395.9453125
3276,104832,395.9453125
3277,104864,395.9453125
3278,104896,395.9453125
3279,104928,395.9453125
3280,104960,395.9453125
3281,104992,395.9453125
3282,105024,395.9453125
3283,105056,395.9453125
3284,105088,395.9453125
3285,105120,395.9453125
3286,105152,395.9453125
3287,105184,395.9453125
3288,105216,395.9453125
3289,105248,395.9453125
3290,105280,395.9453125
3291,105312,395.9453125
3292,105344,395.9453125
3293,105376,395.9453125
3294,105408,395.9453125
3295,105440,395.9453125
3296,105472,395.9453125
3297,105504,395.9453125
3298,105536,395.9453125
3299,105568,395.9453125
3300,105600,395.9453125
3301,105632,395.9453125
3302,105664,395.9453125
3303,105696,395.9453125
3304,105728,395.9453125
3305,105760,395.9453125
3306,105792,395.9453125
3307,105824,395.9453125
3308,105856,395.9453125
3309,105888,395.9453125
3310,105920,395.9453125
3311,105952,395.9453125
3312,105984,395.9453125
3313,106016,395.9453125
3314,106048,395.9453125
3315,106080,395.9453125
3316,106112,395.9453125
3317,106144,395.9453125
3318,106176,395.9453125
3319,106208,395.9453125
3320,106240,395.9453125
3321,106272,395.9453125
3322,106304,395.9453125
3323,106336,395.9453125
3324,106368,395.9453125
3325,106400,395.9453125
3326,106432,395.9453125
3327,106464,395.9453125
3328,106496,395.9453125
3329,106528,395.9453125
3330,106560,395.9453125
3331,106592,395.9453125
3332,106624,395.9453125
3333,106656,395.9453125
3334,106688,395.9453125
3335,106720,395.9453125
3336,106752,395.9453125
3337,106784,395.9453125
3338,106816,395.9453125
3339,106848,395.9453125
3340,106880,395.9453125
3341,106912,395.9453125
3342,106944,395.9453125
3343,106976,395.9453125
3344,107008,395.9453125
3345,107040,395.9453125
3346,107072,395.9453125
3347,107104,395.9453125
3348,107136,395.9453125
3349,107168,395.9453125
3350,107200,395.9453125
3351,107232,395.9453125
3352,107264,395.9453125
3353,107296,395.9453125
3354,107328,395.9453125
3355,107360,395.9453125
3356,107392,395.9453125
3357,107424,395.9453125
3358,107456,395.9453125
3359,107488,395.9453125
3360,107520,395.9453125
3361,107552,395.9453125
3362,107584,395.9453125
3363,107616,395.9453125
3364,107648,395.9453125
3365,107680,395.9453125
3366,107712,395.9453125
3367,107744,395.9453125
3368,107776,395.9453125
3369,107808,395.9453125
3370,107840,395.9453125
3371,107872,395.9453125
3372,107904,395.9453125
3373,107936,395.9453125
3374,107968,395.9453125
3375,108000,395.9453125
3376,108032,395.9453125
3377,108064,395.9453125
3378,108096,395.9453125
3379,108128,395.9453125
3380,108160,395.9453125
3381,108192,395.9453125
3382,108224,395.9453125
3383,108256,395.9453125
3384,108288,395.9453125
3385,108320,395.9453125
3386,108352,395.9453125
3387,108384,395.9453125
3388,108416,395.9453125
3389,108448,395.9453125
3390,108480,395.9453125
3391,108512,395.9453125
3392,108544,395.9453125
3393,108576,395.9453125
3394,108608,395.9453125
3395,108640,395.9453125
3396,108672,395.9453125
3397,108704,395.9453125
3398,108736,395.9453125
3399,108768,395.9453125
3400,108800,395.9453125
3401,108832,395.9453125
3402,108864,395.9453125
3403,108896,395.9453125
3404,108928,395.9453125
3405,108960,395.9453125
3406,108992,395.9453125
3407,109024,395.9453125
3408,109056,395.9453125
3409,109088,395.9453125
3410,109120,395.9453125
3411,109152,395.9453125
3412,109184,395.9453125
3413,109216,395.9453125
3414,109248,395.9453125
3415,109280,395.9453125
3416,109312,395.9453125
3417,109344,395.9453125
3418,109376,395.9453125
3419,109408,395.9453125
3420,109440,395.9453125
3421,109472,395.9453125
3422,109504,395.9453125
3423,109536,395.9453125
3424,109568,395.9453125
3425,109600,395.9453125
3426,109632,395.9453125
3427,109664,395.9453125
3428,109696,395.9453125
3429,109728,395.9453125
3430,109760,395.9453125
3431,109792,395.9453125
3432,109824,395.9453125
3433,109856,395.9453125
3434,109888,395.9453125
3435,109920,395.9453125
3436,109952,395.9453125
3437,109984,395.9453125
3438,110016,395.9453125
3439,110048,395.9453125
3440,110080,395.9453125
3441,110112,395.9453125
3442,110144,395.9453125
3443,110176,395.9453125
3444,110208,395.9453125
3445,110240,395.9453125
3446,110272,395.9453125
3447,110304,395.9453125
3448,110336,395.9453125
3449,110368,395.9453125
3450,110400,395.9453125
3451,110432,395.9453125
3452,110464,395.9453125
3453,110496,395.9453125
3454,110528,395.9453125
3455,110560,395.9453125
3456,110592,395.9453125
3457,110624,395.9453125
3458,110656,395.9453125
3459,110688,395.9453125
3460,110720,395.9453125
3461,110752,395.9453125
3462,110784,395.9453125
3463,110816,395.9453125
3464,110848,395.9453125
3465,110880,395.9453125
3466,110912,395.9453125
3467,110944,395.9453125
3468,110976,395.9453125
3469,111008,395.9453125
3470,111040,395.9453125
3471,111072,395.9453125
3472,111104,395.9453125
3473,111136,395.9453125
3474,111168,395.9453125
3475,111200,395.9453125
3476,111232,395.9453125
3477,111264,395.9453125
3478,111296,395.9453125
3479,111328,395.9453125
3480,111360,395.9453125
3481,111392,395.9453125
3482,111424,395.9453125
3483,111456,395.9453125
3484,111488,395.9453125
3485,111520,395.9453125
3486,111552,395.9453125
3487,111584,395.9453125
3488,111616,395.9453125
3489,111648,395.9453125
3490,111680,395.9453125
3491,111712,395.9453125
3492,111744,395.9453125
3493,111776,395.9453125
3494,111808,395.9453125
3495,111840,395.9453125
3496,111872,395.9453125
3497,111904,395.9453125
3498,111936,395.9453125
3499,111968,395.9453125
3500,112000,395.9453125
3501,112032,395.9453125
3502,112064,395.9453125
3503,112096,395.9453125
3504,112128,395.9453125
3505,112160,395.9453125
3506,112192,395.9453125
3507,112224,395.9453125
3508,112256,395.9453125
3509,112288,395.9453125
3510,112320,395.9453125
3511,112352,395.9453125
3512,112384,395.9453125
3513,112416,395.9453125
3514,112448,395.9453125
3515,112480,395.9453125
3516,112512,395.9453125
3517,112544,395.9453125
3518,112576,395.9453125
3519,112608,395.9453125
3520,112640,395.9453125
3521,112672,395.9453125
3522,112704,395.9453125
3523,112736,395.9453125
3524,112768,395.9453125
3525,112800,395.9453125
3526,112832,395.9453125
3527,112864,395.9453125
3528,112896,395.9453125
3529,112928,395.9453125
3530,112960,395.9453125
3531,112992,395.9453125
3532,113024,395.9453125
3533,113056,395.9453125
3534,113088,395.9453125
3535,113120,395.9453125
3536,113152,395.9453125
3537,113184,395.9453125
3538,113216,395.9453125
3539,113248,395.9453125
3540,113280,395.9453125
3541,113312,395.9453125
3542,113344,395.9453125
3543,113376,395.9453125
3544,113408,395.9453125
3545,113440,395.9453125
3546,113472,395.9453125
3547,113504,395.9453125
3548,113536,395.9453125
3549,113568,395.9453125
3550,113600,395.9453125
3551,113632,395.9453125
3552,113664,395.9453125
3553,113696,395.9453125
3554,113728,395.9453125
3555,113760,395.9453125
3556,113792,395.9453125
3557,113824,395.9453125
3558,113856,395.9453125
3559,113888,395.9453125
3560,113920,395.9453125
3561,113952,395.9453125
3562,113984,395.9453125
3563,114016,395.9453125
3564,114048,395.9453125
3565,114080,395.9453125
3566,114112,395.9453125
3567,114144,395.9453125
3568,114176,395.9453125
3569,114208,395.9453125
3570,114240,395.9453125
3571,114272,395.9453125
3572,114304,395.9453125
3573,114336,395.9453125
3574,114368,395.9453125
3575,114400,395.9453125
3576,114432,395.9453125
3577,114464,395.9453125
3578,114496,395.9453125
3579,114528,395.9453125
3580,114560,395.9453125
3581,114592,395.9453125
3582,114624,395.9453125
3583,114656,395.9453125
3584,114688,395.9453125
3585,114720,395.9453125
3586,114752,395.9453125
3587,114784,395.9453125
3588,114816,395.9453125
3589,114848,395.9453125
3590,114880,395.9453125
3591,114912,395.9453125
3592,114944,395.9453125
3593,114976,395.9453125
3594,115008,395.9453125
3595,115040,395.9453125
3596,115072,395.9453125
3597,115104,395.9453125
3598,115136,395.9453125
3599,115168,395.9453125
3600,115200,395.9453125
3601,115232,395.9453125
3602,115264,395.9453125
3603,115296,395.9453125
3604,115328,395.9453125
3605,115360,395.9453125
3606,115392,395.9453125
3607,115424,395.9453125
3608,115456,395.9453125
3609,115488,395.9453125
3610,115520,395.9453125
3611,115552,395.9453125
3612,115584,395.9453125
3613,115616,395.9453125
3614,115648,395.9453125
3615,115680,395.9453125
3616,115712,395.9453125
3617,115744,395.9453125
3618,115776,395.9453125
3619,115808,395.9453125
3620,115840,395.9453125
3621,115872,395.9453125
3622,115904,395.9453125
3623,115936,395.9453125
3624,115968,395.9453125
3625,116000,395.9453125
3626,116032,395.9453125
3627,116064,395.9453125
3628,116096,395.9453125
3629,116128,395.9453125
3630,116160,395.9453125
3631,116192,395.9453125
3632,116224,395.9453125
3633,116256,395.9453125
3634,116288,395.9453125
3635,116320,395.9453125
3636,116352,395.9453125
3637,116384,395.9453125
3638,116416,395.9453125
3639,116448,395.9453125
3640,116480,395.9453125
3641,116512,395.9453125
3642,116544,395.9453125
3643,116576,395.9453125
3644,116608,395.9453125
3645,116640,395.9453125
3646,116672,395.9453125
3647,116704,395.9453125
3648,116736,395.9453125
3649,116768,395.9453125
3650,116800,395.9453125
3651,116832,395.9453125
3652,116864,395.9453125
3653,116896,395.9453125
3654,116928,395.9453125
3655,116960,395.9453125
3656,116992,395.9453125
3657,117024,395.9453125
3658,117056,395.9453125
3659,117088,395.9453125
3660,117120,395.9453125
3661,117152,395.94921875
3662,117184,395.94921875
3663,117216,395.94921875
3664,117248,395.94921875
3665,117280,395.94921875
3666,117312,395.94921875
3667,117344,395.94921875
3668,117376,395.94921875
3669,117408,395.94921875
3670,117440,395.94921875
3671,117472,395.94921875
3672,117504,395.94921875
3673,117536,395.94921875
3674,117568,395.94921875
3675,117600,395.94921875
3676,117632,395.94921875
3677,117664,395.94921875
3678,117696,395.94921875
3679,117728,395.94921875
3680,117760,395.94921875
3681,117792,395.94921875
3682,117824,395.94921875
3683,117856,395.94921875
3684,117888,395.94921875
3685,117920,395.94921875
3686,117952,395.94921875
3687,117984,395.94921875
3688,118016,395.94921875
3689,118048,395.94921875
3690,118080,395.94921875
3691,118112,395.94921875
3692,118144,395.94921875
3693,118176,395.94921875
3694,118208,395.94921875
3695,118240,395.94921875
3696,118272,395.94921875
3697,118304,395.94921875
3698,118336,395.94921875
3699,118368,395.94921875
3700,118400,395.94921875
3701,118432,395.94921875
3702,118464,395.94921875
3703,118496,395.94921875
3704,118528,395.94921875
3705,118560,395.94921875
3706,118592,395.94921875
3707,118624,395.94921875
3708,118656,395.94921875
3709,118688,395.96875
3710,118720,395.96875
3711,118752,395.96875
3712,118784,395.96875
3713,118816,395.96875
3714,118848,395.96875
3715,118880,395.96875
3716,118912,395.96875
3717,118944,395.96875
3718,118976,395.96875
3719,119008,395.96875
3720,119040,395.96875
3721,119072,395.96875
3722,119104,395.96875
3723,119136,395.96875
3724,119168,395.96875
3725,119200,395.96875
3726,119232,395.96875
3727,119264,395.96875
3728,119296,395.96875
3729,119328,395.96875
3730,119360,395.96875
3731,119392,395.96875
3732,119424,395.96875
3733,119456,395.96875
3734,119488,395.96875
3735,119520,395.96875
3736,119552,395.96875
3737,119584,395.96875
3738,119616,395.96875
3739,119648,395.96875
3740,119680,395.96875
3741,119712,395.96875
3742,119744,395.96875
3743,119776,395.96875
3744,119808,395.96875
3745,119840,395.96875
3746,119872,395.96875
3747,119904,395.96875
3748,119936,395.96875
3749,119968,395.96875
3750,120000,395.96875
3751,120032,395.96875
3752,120064,395.96875
3753,120096,395.96875
3754,120128,395.96875
3755,120160,395.96875
3756,120192,395.96875
3757,120224,395.96875
3758,120256,395.96875
3759,120288,395.96875
3760,120320,395.96875
3761,120352,395.96875
3762,120384,395.96875
3763,120416,395.96875
3764,120448,395.96875
3765,120480,395.96875
3766,120512,395.96875
3767,120544,395.96875
3768,120576,395.96875
3769,120608,395.96875
3770,120640,395.96875
3771,120672,395.96875
3772,120704,395.96875
3773,120736,395.96875
3774,120768,395.96875
3775,120800,395.96875
3776,120832,395.96875
3777,120864,395.96875
3778,120896,395.96875
3779,120928,395.96875
3780,120960,395.96875
3781,120992,395.96875
3782,121024,395.96875
3783,121056,395.96875
3784,121088,395.96875
3785,121120,395.96875
3786,121152,395.96875
3787,121184,395.96875
3788,121216,395.96875
3789,121248,395.96875
3790,121280,395.96875
3791,121312,395.96875
3792,121344,395.96875
3793,121376,395.96875
3794,121408,395.96875
3795,121440,395.96875
3796,121472,395.96875
3797,121504,395.96875
3798,121536,395.96875
3799,121568,395.96875
3800,121600,395.96875
3801,121632,395.96875
3802,121664,395.96875
3803,121696,395.96875
3804,121728,395.96875
3805,121760,395.96875
3806,121792,395.96875
3807,121824,395.96875
3808,121856,395.96875
3809,121888,395.96875
3810,121920,395.96875
3811,121952,395.96875
3812,121984,395.96875
3813,122016,395.96875
3814,122048,395.96875
3815,122080,395.96875
3816,122112,395.96875
3817,122144,395.96875
3818,122176,395.96875
3819,122208,395.96875
3820,122240,395.96875
3821,122272,395.96875
3822,122304,395.96875
3823,122336,395.96875
3824,122368,395.96875
3825,122400,395.96875
3826,122432,395.96875
3827,122464,395.96875
3828,122496,395.96875
3829,122528,395.96875
3830,122560,395.96875
3831,122592,395.96875
3832,122624,395.96875
3833,122656,395.96875
3834,122688,395.96875
3835,122720,395.96875
3836,122752,395.96875
3837,122784,395.96875
3838,122816,395.96875
3839,122848,395.96875
3840,122880,395.96875
3841,122912,395.96875
3842,122944,395.96875
3843,122976,395.96875
3844,123008,395.96875
3845,123040,395.96875
3846,123072,395.96875
3847,123104,395.96875
3848,123136,395.96875
3849,123168,395.96875
3850,123200,395.96875
3851,123232,395.96875
3852,123264,395.96875
3853,123296,395.96875
3854,123328,395.96875
3855,123360,395.96875
3856,123392,395.96875
3857,123424,395.96875
3858,123456,395.96875
3859,123488,395.96875
3860,123520,395.96875
3861,123552,395.96875
3862,123584,395.96875
3863,123616,395.96875
3864,123648,395.96875
3865,123680,395.96875
3866,123712,395.96875
3867,123744,395.96875
3868,123776,395.96875
3869,123808,395.96875
3870,123840,395.96875
3871,123872,395.96875
3872,123904,395.96875
3873,123936,395.96875
3874,123968,395.96875
3875,124000,395.96875
3876,124032,395.96875
3877,124064,395.96875
3878,124096,395.96875
3879,124128,395.96875
3880,124160,395.96875
3881,124192,395.96875
3882,124224,395.96875
3883,124256,395.96875
3884,124288,395.96875
3885,124320,395.96875
3886,124352,395.96875
3887,124384,395.96875
3888,124416,395.96875
3889,124448,395.96875
3890,124480,395.96875
3891,124512,395.96875
3892,124544,395.96875
3893,124576,395.96875
3894,124608,395.96875
3895,124640,395.96875
3896,124672,395.96875
3897,124704,395.96875
3898,124736,395.96875
3899,124768,395.96875
3900,124800,395.96875
3901,124832,395.96875
3902,124864,395.96875
3903,124896,395.96875
3904,124928,395.96875
3905,124960,395.96875
3906,124992,395.96875
3907,125024,395.96875
3908,125056,395.96875
3909,125088,395.96875
3910,125120,395.96875
3911,125152,395.96875
3912,125184,395.96875
3913,125216,395.96875
3914,125248,395.96875
3915,125280,395.96875
3916,125312,395.96875
3917,125344,395.96875
3918,125376,395.96875
3919,125408,395.96875
3920,125440,395.96875
3921,125472,395.96875
3922,125504,395.96875
3923,125536,395.96875
3924,125568,395.96875
3925,125600,395.96875
3926,125632,395.96875
3927,125664,395.96875
3928,125696,395.96875
3929,125728,395.96875
3930,125760,395.96875
3931,125792,395.96875
3932,125824,395.96875
3933,125856,395.96875
3934,125888,395.96875
3935,125920,395.96875
3936,125952,395.96875
3937,125984,395.96875
3938,126016,395.96875
3939,126048,395.96875
3940,126080,395.96875
3941,126112,395.96875
3942,126144,395.96875
3943,126176,395.96875
3944,126208,395.96875
3945,126240,395.96875
3946,126272,395.96875
3947,126304,395.96875
3948,126336,395.96875
3949,126368,395.96875
3950,126400,395.96875
3951,126432,395.96875
3952,126464,395.96875
3953,126496,395.96875
3954,126528,395.96875
3955,126560,395.96875
3956,126592,395.96875
3957,126624,395.96875
3958,126656,395.96875
3959,126688,395.96875
3960,126720,395.96875
3961,126752,395.96875
3962,126784,395.96875
3963,126816,395.96875
3964,126848,395.96875
3965,126880,395.96875
3966,126912,395.96875
3967,126944,395.96875
3968,126976,395.96875
3969,127008,395.96875
3970,127040,395.96875
3971,127072,395.96875
3972,127104,395.96875
3973,127136,395.96875
3974,127168,395.96875
3975,127200,395.96875
3976,127232,395.96875
3977,127264,395.96875
3978,127296,395.96875
3979,127328,395.96875
3980,127360,395.96875
3981,127392,395.96875
3982,127424,395.96875
3983,127456,395.96875
3984,127488,395.96875
3985,127520,395.96875
3986,127552,395.96875
3987,127584,395.96875
3988,127616,395.96875
3989,127648,395.96875
3990,127680,395.96875
3991,127712,395.96875
3992,127744,395.96875
3993,127776,395.96875
3994,127808,395.96875
3995,127840,395.96875
3996,127872,395.96875
3997,127904,395.96875
3998,127936,395.96875
3999,127968,395.96875
4000,128000,395.96875
4001,128032,395.96875
4002,128064,395.96875
4003,128096,395.96875
4004,128128,395.96875
4005,128160,395.96875
4006,128192,395.96875
4007,128224,395.96875
4008,128256,395.96875
4009,128288,395.96875
4010,128320,395.96875
4011,128352,395.96875
4012,128384,395.96875
4013,128416,395.96875
4014,128448,395.96875
4015,128480,395.96875
4016,128512,395.96875
4017,128544,395.96875
4018,128576,395.96875
4019,128608,395.96875
4020,128640,395.96875
4021,128672,395.96875
4022,128704,395.96875
4023,128736,395.96875
4024,128768,395.96875
4025,128800,395.96875
4026,128832,395.96875
4027,128864,395.96875
4028,128896,395.96875
4029,128928,395.96875
4030,128960,395.96875
4031,128992,395.96875
4032,129024,395.96875
4033,129056,395.96875
4034,129088,395.96875
4035,129120,395.96875
4036,129152,395.96875
4037,129184,395.96875
4038,129216,395.96875
4039,129248,395.96875
4040,129280,395.96875
4041,129312,395.96875
4042,129344,395.96875
4043,129376,395.96875
4044,129408,395.96875
4045,129440,395.96875
4046,129472,395.96875
4047,129504,395.96875
4048,129536,395.96875
4049,129568,395.96875
4050,129600,395.96875
4051,129632,395.96875
4052,129664,395.96875
4053,129696,395.96875
4054,129728,395.96875
4055,129760,395.96875
4056,129792,395.96875
4057,129824,395.96875
4058,129856,395.96875
4059,129888,395.96875
4060,129920,396.03125
4061,129952,396.03125
4062,129984,396.03125
4063,130016,396.03125
4064,130048,396.03125
4065,130080,396.03125
4066,130112,396.03125
4067,130144,396.03125
4068,130176,396.03125
4069,130208,396.03125
4070,130240,396.03125
4071,130272,396.03125
4072,130304,396.03125
4073,130336,396.03125
4074,130368,396.03125
4075,130400,396.03125
4076,130432,396.03125
4077,130464,396.03125
4078,130496,396.03125
4079,130528,396.03125
4080,130560,396.03125
4081,130592,396.03125
4082,130624,396.03125
4083,130656,396.03125
4084,130688,396.03125
4085,130720,396.03125
4086,130752,396.03125
4087,130784,396.03125
4088,130816,396.03125
4089,130848,396.03125
4090,130880,396.03125
4091,130912,396.03125
4092,130944,396.03125
4093,130976,396.03125
4094,131008,396.03125
4095,131040,396.03125
4096,131072,396.03125
4097,131104,396.03125
4098,131136,396.03125
4099,131168,396.03125
4100,131200,396.03125
4101,131232,396.03125
4102,131264,396.03125
4103,131296,396.03125
4104,131328,396.03125
4105,131360,396.03125
4106,131392,396.03125
4107,131424,396.03125
4108,131456,396.03125
4109,131488,396.03125
4110,131520,396.03125
4111,131552,396.03125
4112,131584,396.03125
4113,131616,396.03125
4114,131648,396.03125
4115,131680,396.03125
4116,131712,396.03125
4117,131744,396.03125
4118,131776,396.03125
4119,131808,396.03125
4120,131840,396.03125
4121,131872,396.03125
4122,131904,396.03125
4123,131936,396.03125
4124,131968,396.03125
4125,132000,396.0703125
4126,132032,396.0703125
4127,132064,396.0703125
4128,132096,396.0703125
4129,132128,396.0703125
4130,132160,396.0703125
4131,132192,396.0703125
4132,132224,396.0703125
4133,132256,396.0703125
4134,132288,396.0703125
4135,132320,396.0703125
4136,132352,396.0703125
4137,132384,396.0703125
4138,132416,396.0703125
4139,132448,396.0703125
4140,132480,396.0703125
4141,132512,396.0703125
4142,132544,396.0703125
4143,132576,396.0703125
4144,132608,396.0703125
4145,132640,396.0703125
4146,132672,396.0703125
4147,132704,396.0703125
4148,132736,396.0703125
4149,132768,396.0703125
4150,132800,396.0703125
4151,132832,396.0703125
4152,132864,396.0703125
4153,132896,396.0703125
4154,132928,396.0703125
4155,132960,396.0703125
4156,132992,396.0703125
4157,133024,396.0703125
4158,133056,396.0703125
4159,133088,396.0703125
4160,133120,396.0703125
4161,133152,396.0703125
4162,133184,396.0703125
4163,133216,396.0703125
4164,133248,396.0703125
4165,133280,396.0703125
4166,133312,396.0703125
4167,133344,396.0703125
4168,133376,396.0703125
4169,133408,396.0703125
4170,133440,396.0703125
4171,133472,396.0703125
4172,133504,396.0703125
4173,133536,396.0703125
4174,133568,396.0703125
4175,133600,396.0703125
4176,133632,396.0703125
4177,133664,396.0703125
4178,133696,396.0703125
4179,133728,396.0703125
4180,133760,396.0703125
4181,133792,396.0703125
4182,133824,396.0703125
4183,133856,396.0703125
4184,133888,396.0703125
4185,133920,396.0703125
4186,133952,396.0703125
4187,133984,396.0703125
4188,134016,396.0703125
4189,134048,396.0703125
4190,134080,396.0703125
4191,134112,396.0703125
4192,134144,396.0703125
4193,134176,396.0703125
4194,134208,396.0703125
4195,134240,396.0703125
4196,134272,396.0703125
4197,134304,396.0703125
4198,134336,396.0703125
4199,134368,396.0703125
4200,134400,396.0703125
4201,134432,396.0703125
4202,134464,396.0703125
4203,134496,396.0703125
4204,134528,396.0703125
4205,134560,396.0703125
4206,134592,396.0703125
4207,134624,396.0703125
4208,134656,396.0703125
4209,134688,396.0703125
4210,134720,396.0703125
4211,134752,396.0703125
4212,134784,396.0703125
4213,134816,396.0703125
4214,134848,396.0703125
4215,134880,396.0703125
4216,134912,396.0703125
4217,134944,396.0703125
4218,134976,396.0703125
4219,135008,396.0703125
4220,135040,396.0703125
4221,135072,396.0703125
4222,135104,396.0703125
4223,135136,396.0703125
4224,135168,396.0703125
4225,135200,396.0703125
4226,135232,396.0703125
4227,135264,396.0703125
4228,135296,396.0703125
4229,135328,396.0703125
4230,135360,396.0703125
4231,135392,396.0703125
4232,135424,396.0703125
4233,135456,396.0703125
4234,135488,396.0703125
4235,135520,396.0703125
4236,135552,396.0703125
4237,135584,396.0703125
4238,135616,396.0703125
4239,135648,396.0703125
4240,135680,396.0703125
4241,135712,396.0703125
4242,135744,396.0703125
4243,135776,396.0703125
4244,135808,396.0703125
4245,135840,396.0703125
4246,135872,396.0703125
4247,135904,396.0703125
4248,135936,396.0703125
4249,135968,396.0703125
4250,136000,396.0703125
4251,136032,396.0703125
4252,136064,396.0703125
4253,136096,396.0703125
4254,136128,396.0703125
4255,136160,396.0703125
4256,136192,396.0703125
4257,136224,396.0703125
4258,136256,396.0703125
4259,136288,396.0703125
4260,136320,396.0703125
4261,136352,396.0703125
4262,136384,396.0703125
4263,136416,396.0703125
4264,136448,396.0703125
4265,136480,396.0703125
4266,136512,396.0703125
4267,136544,396.0703125
4268,136576,396.0703125
4269,136608,396.0703125
4270,136640,396.0703125
4271,136672,396.0703125
4272,136704,396.0703125
4273,136736,396.0703125
4274,136768,396.0703125
4275,136800,396.0703125
4276,136832,396.0703125
4277,136864,396.0703125
4278,136896,396.0703125
4279,136928,396.0703125
4280,136960,396.0703125
4281,136992,396.0703125
4282,137024,396.0703125
4283,137056,396.0703125
4284,137088,396.0703125
4285,137120,396.0703125
4286,137152,396.0703125
4287,137184,396.0703125
4288,137216,396.0703125
4289,137248,396.0703125
4290,137280,396.0703125
4291,137312,396.0703125
4292,137344,396.0703125
4293,137376,396.0703125
4294,137408,396.0703125
4295,137440,396.0703125
4296,137472,396.0703125
4297,137504,396.0703125
4298,137536,396.0703125
4299,137568,396.0703125
4300,137600,396.0703125
4301,137632,396.0703125
4302,137664,396.0703125
4303,137696,396.0703125
4304,137728,396.0703125
4305,137760,396.0703125
4306,137792,396.0703125
4307,137824,396.0703125
4308,137856,396.0703125
4309,137888,396.0703125
4310,137920,396.0703125
4311,137952,396.0703125
4312,137984,396.0703125
4313,138016,396.0703125
4314,138048,396.0703125
4315,138080,396.0703125
4316,138112,396.0703125
4317,138144,396.0703125
4318,138176,396.0703125
4319,138208,396.0703125
4320,138240,396.0703125
4321,138272,396.0703125
4322,138304,396.0703125
4323,138336,396.0703125
4324,138368,396.0703125
4325,138400,396.0703125
4326,138432,396.0703125
4327,138464,396.0703125
4328,138496,396.0703125
4329,138528,396.0703125
4330,138560,396.0703125
4331,138592,396.0703125
4332,138624,396.0703125
4333,138656,396.0703125
4334,138688,396.0703125
4335,138720,396.0703125
4336,138752,396.0703125
4337,138784,396.0703125
4338,138816,396.0703125
4339,138848,396.0703125
4340,138880,396.0703125
4341,138912,396.0703125
4342,138944,396.0703125
4343,138976,396.0703125
4344,139008,396.0703125
4345,139040,396.0703125
4346,139072,396.0703125
4347,139104,396.0703125
4348,139136,396.0703125
4349,139168,396.0703125
4350,139200,396.0703125
4351,139232,396.0703125
4352,139264,396.0703125
4353,139296,396.0703125
4354,139328,396.0703125
4355,139360,396.0703125
4356,139392,396.0703125
4357,139424,396.0703125
4358,139456,396.0703125
4359,139488,396.0703125
4360,139520,396.0703125
4361,139552,396.0703125
4362,139584,396.0703125
4363,139616,396.0703125
4364,139648,396.0703125
4365,139680,396.0703125
4366,139712,396.0703125
4367,139744,396.0703125
4368,139776,396.0703125
4369,139808,396.0703125
4370,139840,396.0703125
4371,139872,396.0703125
4372,139904,396.0703125
4373,139936,396.0703125
4374,139968,396.0703125
4375,140000,396.0703125
4376,140032,396.0703125
4377,140064,396.0703125
4378,140096,396.0703125
4379,140128,396.0703125
4380,140160,396.0703125
4381,140192,396.0703125
4382,140224,396.0703125
4383,140256,396.0703125
4384,140288,396.0703125
4385,140320,396.0703125
4386,140352,396.0703125
4387,140384,396.0703125
4388,140416,396.0703125
4389,140448,396.0703125
4390,140480,396.0703125
4391,140512,396.0703125
4392,140544,396.0703125
4393,140576,396.0703125
4394,140608,396.0703125
4395,140640,396.0703125
4396,140672,396.0703125
4397,140704,396.0703125
4398,140736,396.0703125
4399,140768,396.0703125
4400,140800,396.0703125
4401,140832,396.0703125
4402,140864,396.0703125
4403,140896,396.0703125
4404,140928,396.0703125
4405,140960,396.0703125
4406,140992,396.0703125
4407,141024,396.0703125
4408,141056,396.0703125
4409,141088,396.0703125
4410,141120,396.0703125
4411,141152,396.0703125
4412,141184,396.0703125
4413,141216,396.0703125
4414,141248,396.0703125
4415,141280,396.0703125
4416,141312,396.0703125
4417,141344,396.0703125
4418,141376,396.0703125
4419,141408,396.0703125
4420,141440,396.0703125
4421,141472,396.0703125
4422,141504,396.0703125
4423,141536,396.0703125
4424,141568,396.0703125
4425,141600,396.0703125
4426,141632,396.0703125
4427,141664,396.0703125
4428,141696,396.0703125
4429,141728,396.0703125
4430,141760,396.0703125
4431,141792,396.0703125
4432,141824,396.0703125
4433,141856,396.0703125
4434,141888,396.0703125
4435,141920,396.0703125
4436,141952,396.0703125
4437,141984,396.0703125
4438,142016,396.0703125
4439,142048,396.0703125
4440,142080,396.0703125
4441,142112,396.0703125
4442,142144,396.0703125
4443,142176,396.0703125
4444,142208,396.0703125
4445,142240,396.0703125
4446,142272,396.0703125
4447,142304,396.0703125
4448,142336,396.0703125
4449,142368,396.0703125
4450,142400,396.0703125
4451,142432,396.0703125
4452,142464,396.0703125
4453,142496,396.0703125
4454,142528,396.0703125
4455,142560,396.0703125
4456,142592,396.0703125
4457,142624,396.0703125
4458,142656,396.0703125
4459,142688,396.0703125
4460,142720,396.0703125
4461,142752,396.0703125
4462,142784,396.0703125
4463,142816,396.0703125
4464,142848,396.0703125
4465,142880,396.0703125
4466,142912,396.0703125
4467,142944,396.0703125
4468,142976,396.0703125
4469,143008,396.0703125
4470,143040,396.0703125
4471,143072,396.0703125
4472,143104,396.0703125
4473,143136,396.0703125
4474,143168,396.0703125
4475,143200,396.0703125
4476,143232,396.0703125
4477,143264,396.0703125
4478,143296,396.0703125
4479,143328,396.0703125
4480,143360,396.0703125
4481,143392,396.0703125
4482,143424,396.0703125
4483,143456,396.0703125
4484,143488,396.0703125
4485,143520,396.0703125
4486,143552,396.0703125
4487,143584,396.0703125
4488,143616,396.0703125
4489,143648,396.0703125
4490,143680,396.0703125
4491,143712,396.0703125
4492,143744,396.0703125
4493,143776,396.0703125
4494,143808,396.0703125
4495,143840,396.0703125
4496,143872,396.0703125
4497,143904,396.0703125
4498,143936,396.0703125
4499,143968,396.0703125
4500,144000,396.0703125
4501,144032,396.0703125
4502,144064,396.0703125
4503,144096,396.0703125
4504,144128,396.0703125
4505,144160,396.0703125
4506,144192,396.0703125
4507,144224,396.0703125
4508,144256,396.0703125
4509,144288,396.0703125
4510,144320,396.0703125
4511,144352,396.0703125
4512,144384,396.0703125
4513,144416,396.0703125
4514,144448,396.0703125
4515,144480,396.0703125
4516,144512,396.0703125
4517,144544,396.0703125
4518,144576,396.0703125
4519,144608,396.0703125
4520,144640,396.0703125
4521,144672,396.0703125
4522,144704,396.0703125
4523,144736,396.0703125
4524,144768,396.0703125
4525,144800,396.0703125
4526,144832,396.0703125
4527,144864,396.0703125
4528,144896,396.0703125
4529,144928,396.0703125
4530,144960,396.0703125
4531,144992,396.0703125
4532,145024,396.0703125
4533,145056,396.0703125
4534,145088,396.0703125
4535,145120,396.0703125
4536,145152,396.0703125
4537,145184,396.0703125
4538,145216,396.0703125
4539,145248,396.0703125
4540,145280,396.0703125
4541,145312,396.0703125
4542,145344,396.0703125
4543,145376,396.0703125
4544,145408,396.0703125
4545,145440,396.0703125
4546,145472,396.0703125
4547,145504,396.0703125
4548,145536,396.0703125
4549,145568,396.0703125
4550,145600,396.0703125
4551,145632,396.0703125
4552,145664,396.0703125
4553,145696,396.0703125
4554,145728,396.0703125
4555,145760,396.0703125
4556,145792,396.0703125
4557,145824,396.0703125
4558,145856,396.0703125
4559,145888,396.0703125
4560,145920,396.0703125
4561,145952,396.0703125
4562,145984,396.0703125
4563,146016,396.0703125
4564,146048,396.0703125
4565,146080,396.0703125
4566,146112,396.0703125
4567,146144,396.0703125
4568,146176,396.0703125
4569,146208,396.0703125
4570,146240,396.0703125
4571,146272,396.0703125
4572,146304,396.0703125
4573,146336,396.0703125
4574,146368,396.0703125
4575,146400,396.0703125
4576,146432,396.0703125
4577,146464,396.0703125
4578,146496,396.0703125
4579,146528,396.0703125
4580,146560,396.0703125
4581,146592,396.0703125
4582,146624,396.0703125
4583,146656,396.0703125
4584,146688,396.0703125
4585,146720,396.0703125
4586,146752,396.0703125
4587,146784,396.0703125
4588,146816,396.0703125
4589,146848,396.0703125
4590,146880,396.0703125
4591,146912,396.0703125
4592,146944,396.0703125
4593,146976,396.07421875
4594,147008,396.07421875
4595,147040,396.109375
4596,147072,396.109375
4597,147104,396.109375
4598,147136,396.140625
4599,147168,396.140625
4600,147200,396.140625
4601,147232,396.16796875
4602,147264,396.16796875
4603,147296,396.16796875
4604,147328,396.16796875
4605,147360,396.16796875
4606,147392,396.16796875
4607,147424,396.16796875
4608,147456,396.16796875
4609,147488,396.16796875
4610,147520,396.16796875
4611,147552,396.171875
4612,147584,396.171875
4613,147616,396.171875
4614,147648,396.171875
4615,147680,396.171875
4616,147712,396.171875
4617,147744,396.171875
4618,147776,396.171875
4619,147808,396.171875
4620,147840,396.171875
4621,147872,396.171875
4622,147904,396.171875
4623,147936,396.171875
4624,147968,396.171875
4625,148000,396.171875
4626,148032,396.171875
4627,148064,396.171875
4628,148096,396.171875
4629,148128,396.171875
4630,148160,396.171875
4631,148192,396.171875
4632,148224,396.171875
4633,148256,396.171875
4634,148288,396.171875
4635,148320,396.171875
4636,148352,396.171875
4637,148384,396.171875
4638,148416,396.171875
4639,148448,396.171875
4640,148480,396.171875
4641,148512,396.171875
4642,148544,396.171875
4643,148576,396.1796875
4644,148608,396.1796875
4645,148640,396.21484375
4646,148672,396.25390625
4647,148704,396.25390625
4648,148736,396.25390625
4649,148768,396.25390625
4650,148800,396.25390625
4651,148832,396.25390625
4652,148864,396.25390625
4653,148896,396.25390625
4654,148928,396.25390625
4655,148960,396.25390625
4656,148992,396.25390625
4657,149024,396.25390625
4658,149056,396.25390625
4659,149088,396.25390625
4660,149120,396.25390625
4661,149152,396.25390625
4662,149184,396.25390625
4663,149216,396.25390625
4664,149248,396.25390625
4665,149280,396.25390625
4666,149312,396.25390625
4667,149344,396.25390625
4668,149376,396.25390625
4669,149408,396.25390625
4670,149440,396.25390625
4671,149472,396.25390625
4672,149504,396.25390625
4673,149536,396.25390625
4674,149568,396.25390625
4675,149600,396.25390625
4676,149632,396.25390625
4677,149664,396.25390625
4678,149696,396.25390625
4679,149728,396.25390625
4680,149760,396.25390625
4681,149792,396.25390625
4682,149824,396.25390625
4683,149856,396.25390625
4684,149888,396.25390625
4685,149920,396.25390625
4686,149952,396.25390625
4687,149984,396.25390625
4688,150016,396.25390625
4689,150048,396.25390625
4690,150080,396.25390625
4691,150112,396.25390625
4692,150144,396.25390625
4693,150176,396.25390625
4694,150208,396.25390625
4695,150240,396.25390625
4696,150272,396.25390625
4697,150304,396.25390625
4698,150336,396.25390625
4699,150368,396.25390625
4700,150400,396.25390625
4701,150432,396.25390625
4702,150464,396.25390625
4703,150496,396.25390625
4704,150528,396.25390625
4705,150560,396.25390625
4706,150592,396.25390625
4707,150624,396.25390625
4708,150656,396.25390625
4709,150688,396.25390625
4710,150720,396.25390625
4711,150752,396.25390625
4712,150784,396.25390625
4713,150816,396.25390625
4714,150848,396.25390625
4715,150880,396.30078125
4716,150912,396.30078125
4717,150944,396.30078125
4718,150976,396.3046875
4719,151008,396.3046875
4720,151040,396.3046875
4721,151072,396.3046875
4722,151104,396.3046875
4723,151136,396.3046875
4724,151168,396.3046875
4725,151200,396.3046875
4726,151232,396.3046875
4727,151264,396.3046875
4728,151296,396.3046875
4729,151328,396.3046875
4730,151360,396.3046875
4731,151392,396.3046875
4732,151424,396.3046875
4733,151456,396.3046875
4734,151488,396.3046875
4735,151520,396.3046875
4736,151552,396.3046875
4737,151584,396.3046875
4738,151616,396.3046875
4739,151648,396.3046875
4740,151680,396.3046875
4741,151712,396.3046875
4742,151744,396.3046875
4743,151776,396.3046875
4744,151808,396.3046875
4745,151840,396.3046875
4746,151872,396.3046875
4747,151904,396.3046875
4748,151936,396.3046875
4749,151968,396.3046875
4750,152000,396.3046875
4751,152032,396.3046875
4752,152064,396.3046875
4753,152096,396.3046875
4754,152128,396.3046875
4755,152160,396.3046875
4756,152192,396.3046875
4757,152224,396.3046875
4758,152256,396.3046875
4759,152288,396.3046875
4760,152320,396.3046875
4761,152352,396.3046875
4762,152384,396.3046875
4763,152416,396.3046875
4764,152448,396.3046875
4765,152480,396.3046875
4766,152512,396.3046875
4767,152544,396.3046875
4768,152576,396.3046875
4769,152608,396.3046875
4770,152640,396.3046875
4771,152672,396.3046875
4772,152704,396.3046875
4773,152736,396.3046875
4774,152768,396.3046875
4775,152800,396.3046875
4776,152832,396.3046875
4777,152864,396.3046875
4778,152896,396.3046875
4779,152928,396.3046875
4780,152960,396.3046875
4781,152992,396.3046875
4782,153024,396.3046875
4783,153056,396.3046875
4784,153088,396.3046875
4785,153120,396.3046875
4786,153152,396.3046875
4787,153184,396.3046875
4788,153216,396.3046875
4789,153248,396.3046875
4790,153280,396.3046875
4791,153312,396.3046875
4792,153344,396.3046875
4793,153376,396.3046875
4794,153408,396.3046875
4795,153440,396.3046875
4796,153472,396.3046875
4797,153504,396.3046875
4798,153536,396.3046875
4799,153568,396.3046875
4800,153600,396.3046875
4801,153632,396.3046875
4802,153664,396.3046875
4803,153696,396.3046875
4804,153728,396.3046875
4805,153760,396.3046875
4806,153792,396.3046875
4807,153824,396.3046875
4808,153856,396.3046875
4809,153888,396.3046875
4810,153920,396.3046875
4811,153952,396.3046875
4812,153984,396.3046875
4813,154016,396.3046875
4814,154048,396.3046875
4815,154080,396.3046875
4816,154112,396.3046875
4817,154144,396.3046875
4818,154176,396.3046875
4819,154208,396.3046875
4820,154240,396.3046875
4821,154272,396.3046875
4822,154304,396.3046875
4823,154336,396.3046875
4824,154368,396.3046875
4825,154400,396.3046875
4826,154432,396.3046875
4827,154464,396.3046875
4828,154496,396.3046875
4829,154528,396.3046875
4830,154560,396.3046875
4831,154592,396.3046875
4832,154624,396.3046875
4833,154656,396.3046875
4834,154688,396.3046875
4835,154720,396.3046875
4836,154752,396.3046875
4837,154784,396.3046875
4838,154816,396.3046875
4839,154848,396.3046875
4840,154880,396.3046875
4841,154912,396.3046875
4842,154944,396.3046875
4843,154976,396.3046875
4844,155008,396.3046875
4845,155040,396.3046875
4846,155072,396.3046875
4847,155104,396.3046875
4848,155136,396.3046875
4849,155168,396.3046875
4850,155200,396.3046875
4851,155232,396.3046875
4852,155264,396.3046875
4853,155296,396.3046875
4854,155328,396.3046875
4855,155360,396.3046875
4856,155392,396.3046875
4857,155424,396.3046875
4858,155456,396.3046875
4859,155488,396.3046875
4860,155520,396.3046875
4861,155552,396.3046875
4862,155584,396.3046875
4863,155616,396.3046875
4864,155648,396.3046875
4865,155680,396.3046875
4866,155712,396.3046875
4867,155744,396.3046875
4868,155776,396.3046875
4869,155808,396.3046875
4870,155840,396.3046875
4871,155872,396.3046875
4872,155904,396.3046875
4873,155936,396.3046875
4874,155968,396.3046875
4875,156000,396.3046875
4876,156032,396.3046875
4877,156064,396.3046875
4878,156096,396.3046875
4879,156128,396.3046875
4880,156160,396.3046875
4881,156192,396.3046875
4882,156224,396.3046875
4883,156256,396.3046875
4884,156288,396.3046875
4885,156320,396.3046875
4886,156352,396.3046875
4887,156384,396.3046875
4888,156416,396.3046875
4889,156448,396.3046875
4890,156480,396.3046875
4891,156512,396.3046875
4892,156544,396.3046875
4893,156576,396.3046875
4894,156608,396.3046875
4895,156640,396.3046875
4896,156672,396.3046875
4897,156704,396.30859375
4898,156736,396.30859375
4899,156768,396.30859375
4900,156800,396.30859375
4901,156832,396.30859375
4902,156864,396.30859375
4903,156896,396.30859375
4904,156928,396.30859375
4905,156960,396.30859375
4906,156992,396.30859375
4907,157024,396.30859375
4908,157056,396.30859375
4909,157088,396.30859375
4910,157120,396.30859375
4911,157152,396.30859375
4912,157184,396.30859375
4913,157216,396.30859375
4914,157248,396.30859375
4915,157280,396.30859375
4916,157312,396.30859375
4917,157344,396.30859375
4918,157376,396.30859375
4919,157408,396.30859375
4920,157440,396.30859375
4921,157472,396.30859375
4922,157504,396.30859375
4923,157536,396.30859375
4924,157568,396.30859375
4925,157600,396.30859375
4926,157632,396.30859375
4927,157664,396.30859375
4928,157696,396.30859375
4929,157728,396.30859375
4930,157760,396.30859375
4931,157792,396.30859375
4932,157824,396.30859375
4933,157856,396.30859375
4934,157888,396.30859375
4935,157920,396.30859375
4936,157952,396.30859375
4937,157984,396.30859375
4938,158016,396.30859375
4939,158048,396.30859375
4940,158080,396.30859375
4941,158112,396.30859375
4942,158144,396.30859375
4943,158176,396.30859375
4944,158208,396.30859375
4945,158240,396.30859375
4946,158272,396.30859375
4947,158304,396.30859375
4948,158336,396.30859375
4949,158368,396.30859375
4950,158400,396.30859375
4951,158432,396.30859375
4952,158464,396.30859375
4953,158496,396.30859375
4954,158528,396.30859375
4955,158560,396.30859375
4956,158592,396.30859375
4957,158624,396.30859375
4958,158656,396.30859375
4959,158688,396.30859375
4960,158720,396.30859375
4961,158752,396.30859375
4962,158784,396.30859375
4963,158816,396.30859375
4964,158848,396.30859375
4965,158880,396.30859375
4966,158912,396.30859375
4967,158944,396.30859375
4968,158976,396.30859375
4969,159008,396.30859375
4970,159040,396.30859375
4971,159072,396.30859375
4972,159104,396.30859375
4973,159136,396.30859375
4974,159168,396.30859375
4975,159200,396.30859375
4976,159232,396.30859375
4977,159264,396.30859375
4978,159296,396.30859375
4979,159328,396.30859375
4980,159360,396.30859375
4981,159392,396.30859375
4982,159424,396.30859375
4983,159456,396.30859375
4984,159488,396.30859375
4985,159520,396.30859375
4986,159552,396.30859375
4987,159584,396.30859375
4988,159616,396.30859375
4989,159648,396.30859375
4990,159680,396.30859375
4991,159712,396.30859375
4992,159744,396.30859375
4993,159776,396.30859375
4994,159808,396.30859375
4995,159840,396.30859375
4996,159872,396.30859375
4997,159904,396.30859375
4998,159936,396.30859375
4999,159968,396.30859375
5000,160000,396.30859375
5001,160032,396.30859375
5002,160064,396.30859375
5003,160096,396.30859375
5004,160128,396.30859375
5005,160160,396.30859375
5006,160192,396.30859375
5007,160224,396.30859375
5008,160256,396.30859375
5009,160288,396.30859375
5010,160320,396.30859375
5011,160352,396.30859375
5012,160384,396.30859375
5013,160416,396.30859375
5014,160448,396.30859375
5015,160480,396.30859375
5016,160512,396.30859375
5017,160544,396.30859375
5018,160576,396.30859375
5019,160608,396.30859375
5020,160640,396.30859375
5021,160672,396.30859375
5022,160704,396.30859375
5023,160736,396.30859375
5024,160768,396.30859375
5025,160800,396.30859375
5026,160832,396.30859375
5027,160864,396.30859375
5028,160896,396.30859375
5029,160928,396.30859375
5030,160960,396.30859375
5031,160992,396.30859375
5032,161024,396.30859375
5033,161056,396.30859375
5034,161088,396.30859375
5035,161120,396.30859375
5036,161152,396.30859375
5037,161184,396.30859375
5038,161216,396.30859375
5039,161248,396.30859375
5040,161280,396.30859375
5041,161312,396.30859375
5042,161344,396.30859375
5043,161376,396.30859375
5044,161408,396.30859375
5045,161440,396.30859375
5046,161472,396.30859375
5047,161504,396.30859375
5048,161536,396.30859375
5049,161568,396.30859375
5050,161600,396.30859375
5051,161632,396.30859375
5052,161664,396.30859375
5053,161696,396.30859375
5054,161728,396.30859375
5055,161760,396.30859375
5056,161792,396.30859375
5057,161824,396.30859375
5058,161856,396.30859375
5059,161888,396.30859375
5060,161920,396.30859375
5061,161952,396.30859375
5062,161984,396.30859375
5063,162016,396.30859375
5064,162048,396.30859375
5065,162080,396.30859375
5066,162112,396.30859375
5067,162144,396.30859375
5068,162176,396.30859375
5069,162208,396.30859375
5070,162240,396.30859375
5071,162272,396.30859375
5072,162304,396.30859375
5073,162336,396.30859375
5074,162368,396.30859375
5075,162400,396.30859375
5076,162432,396.30859375
5077,162464,396.30859375
5078,162496,396.30859375
5079,162528,396.30859375
5080,162560,396.37109375
5081,162592,396.37109375
5082,162624,396.37109375
5083,162656,396.37109375
5084,162688,396.37109375
5085,162720,396.37109375
5086,162752,396.37109375
5087,162784,396.37109375
5088,162816,396.37109375
5089,162848,396.37109375
5090,162880,396.37109375
5091,162912,396.37109375
5092,162944,396.37109375
5093,162976,396.37109375
5094,163008,396.37109375
5095,163040,396.37109375
5096,163072,396.37109375
5097,163104,396.37109375
5098,163136,396.37109375
5099,163168,396.37109375
5100,163200,396.37109375
5101,163232,396.37109375
5102,163264,396.37109375
5103,163296,396.37109375
5104,163328,396.37109375
5105,163360,396.37109375
5106,163392,396.37109375
5107,163424,396.37109375
5108,163456,396.37109375
5109,163488,396.37109375
5110,163520,396.37109375
5111,163552,396.37109375
5112,163584,396.37109375
5113,163616,396.37109375
5114,163648,396.37109375
5115,163680,396.37109375
5116,163712,396.37109375
5117,163744,396.37109375
5118,163776,396.37109375
5119,163808,396.37109375
5120,163840,396.37109375
5121,163872,396.37109375
5122,163904,396.37109375
5123,163936,396.37109375
5124,163968,396.37109375
5125,164000,396.37109375
5126,164032,396.37109375
5127,164064,396.37109375
5128,164096,396.37109375
5129,164128,396.37109375
5130,164160,396.37109375
5131,164192,396.37109375
5132,164224,396.37109375
5133,164256,396.37109375
5134,164288,396.37109375
5135,164320,396.37109375
5136,164352,396.37109375
5137,164384,396.37109375
5138,164416,396.37109375
5139,164448,396.37109375
5140,164480,396.37109375
5141,164512,396.37109375
5142,164544,396.37109375
5143,164576,396.37109375
5144,164608,396.37109375
5145,164640,396.37109375
5146,164672,396.37109375
5147,164704,396.37109375
5148,164736,396.37109375
5149,164768,396.37109375
5150,164800,396.37109375
5151,164832,396.37109375
5152,164864,396.37109375
5153,164896,396.37109375
5154,164928,396.37109375
5155,164960,396.37109375
5156,164992,396.37109375
5157,165024,396.37109375
5158,165056,396.37109375
5159,165088,396.37109375
5160,165120,396.37109375
5161,165152,396.37109375
5162,165184,396.37109375
5163,165216,396.37109375
5164,165248,396.37109375
5165,165280,396.37109375
5166,165312,396.37109375
5167,165344,396.37109375
5168,165376,396.37109375
5169,165408,396.37109375
5170,165440,396.37109375
5171,165472,396.37109375
5172,165504,396.37109375
5173,165536,396.37109375
5174,165568,396.37109375
5175,165600,396.37109375
5176,165632,396.37109375
5177,165664,396.37109375
5178,165696,396.37109375
5179,165728,396.37109375
5180,165760,396.37109375
5181,165792,396.37109375
5182,165824,396.37109375
5183,165856,396.37109375
5184,165888,396.37109375
5185,165920,396.37109375
5186,165952,396.37109375
5187,165984,396.37109375
5188,166016,396.37109375
5189,166048,396.37109375
5190,166080,396.37109375
5191,166112,396.37109375
5192,166144,396.37109375
5193,166176,396.37109375
5194,166208,396.37109375
5195,166240,396.37109375
5196,166272,396.37109375
5197,166304,396.37109375
5198,166336,396.37109375
5199,166368,396.37109375
5200,166400,396.37109375
5201,166432,396.37109375
5202,166464,396.37109375
5203,166496,396.37109375
5204,166528,396.37109375
5205,166560,396.37109375
5206,166592,396.37109375
5207,166624,396.37109375
5208,166656,396.37109375
5209,166688,396.37109375
5210,166720,396.37109375
5211,166752,396.37109375
5212,166784,396.37109375
5213,166816,396.37109375
5214,166848,396.37109375
5215,166880,396.37109375
5216,166912,396.37109375
5217,166944,396.37109375
5218,166976,396.37109375
5219,167008,396.37109375
5220,167040,396.37109375
5221,167072,396.37109375
5222,167104,396.37109375
5223,167136,396.37109375
5224,167168,396.37109375
5225,167200,396.37109375
5226,167232,396.37109375
5227,167264,396.37109375
5228,167296,396.37109375
5229,167328,396.41015625
5230,167360,396.45703125
5231,167392,396.45703125
5232,167424,396.45703125
5233,167456,396.45703125
5234,167488,396.45703125
5235,167520,396.45703125
5236,167552,396.45703125
5237,167584,396.45703125
5238,167616,396.45703125
5239,167648,396.45703125
5240,167680,396.45703125
5241,167712,396.45703125
5242,167744,396.45703125
5243,167776,396.45703125
5244,167808,396.45703125
5245,167840,396.45703125
5246,167872,396.45703125
5247,167904,396.45703125
5248,167936,396.45703125
5249,167968,396.45703125
5250,168000,396.45703125
5251,168032,396.45703125
5252,168064,396.45703125
5253,168096,396.45703125
5254,168128,396.45703125
5255,168160,396.45703125
5256,168192,396.45703125
5257,168224,396.45703125
5258,168256,396.45703125
5259,168288,396.45703125
5260,168320,396.45703125
5261,168352,396.45703125
5262,168384,396.45703125
5263,168416,396.45703125
5264,168448,396.45703125
5265,168480,396.45703125
5266,168512,396.45703125
5267,168544,396.45703125
5268,168576,396.45703125
5269,168608,396.45703125
5270,168640,396.45703125
5271,168672,396.45703125
5272,168704,396.45703125
5273,168736,396.45703125
5274,168768,396.45703125
5275,168800,396.45703125
5276,168832,396.45703125
5277,168864,396.45703125
5278,168896,396.45703125
5279,168928,396.45703125
5280,168960,396.45703125
5281,168992,396.45703125
5282,169024,396.45703125
5283,169056,396.45703125
5284,169088,396.45703125
5285,169120,396.45703125
5286,169152,396.45703125
5287,169184,396.45703125
5288,169216,396.45703125
5289,169248,396.45703125
5290,169280,396.45703125
5291,169312,396.45703125
5292,169344,396.45703125
5293,169376,396.45703125
5294,169408,396.45703125
5295,169440,396.45703125
5296,169472,396.45703125
5297,169504,396.45703125
5298,169536,396.45703125
5299,169568,396.45703125
5300,169600,396.45703125
5301,169632,396.45703125
5302,169664,396.45703125
5303,169696,396.45703125
5304,169728,396.45703125
5305,169760,396.45703125
5306,169792,396.45703125
5307,169824,396.45703125
5308,169856,396.45703125
5309,169888,396.45703125
5310,169920,396.45703125
5311,169952,396.45703125
5312,169984,396.45703125
5313,170016,396.45703125
5314,170048,396.45703125
5315,170080,396.45703125
5316,170112,396.45703125
5317,170144,396.45703125
5318,170176,396.45703125
5319,170208,396.45703125
5320,170240,396.45703125
5321,170272,396.45703125
5322,170304,396.45703125
5323,170336,396.45703125
5324,170368,396.45703125
5325,170400,396.45703125
5326,170432,396.45703125
5327,170464,396.45703125
5328,170496,396.45703125
5329,170528,396.45703125
5330,170560,396.45703125
5331,170592,396.45703125
5332,170624,396.45703125
5333,170656,396.45703125
5334,170688,396.45703125
5335,170720,396.45703125
5336,170752,396.45703125
5337,170784,396.45703125
5338,170816,396.45703125
5339,170848,396.45703125
5340,170880,396.45703125
5341,170912,396.45703125
5342,170944,396.45703125
5343,170976,396.45703125
5344,171008,396.45703125
5345,171040,396.45703125
5346,171072,396.45703125
5347,171104,396.45703125
5348,171136,396.45703125
5349,171168,396.45703125
5350,171200,396.45703125
5351,171232,396.45703125
5352,171264,396.45703125
5353,171296,396.45703125
5354,171328,396.45703125
5355,171360,396.45703125
5356,171392,396.45703125
5357,171424,396.45703125
5358,171456,396.45703125
5359,171488,396.45703125
5360,171520,396.45703125
5361,171552,396.45703125
5362,171584,396.45703125
5363,171616,396.45703125
5364,171648,396.45703125
5365,171680,396.45703125
5366,171712,396.45703125
5367,171744,396.45703125
5368,171776,396.45703125
5369,171808,396.45703125
5370,171840,396.45703125
5371,171872,396.45703125
5372,171904,396.45703125
5373,171936,396.45703125
5374,171968,396.45703125
5375,172000,396.45703125
5376,172032,396.45703125
5377,172064,396.45703125
5378,172096,396.45703125
5379,172128,396.45703125
5380,172160,396.45703125
5381,172192,396.45703125
5382,172224,396.45703125
5383,172256,396.45703125
5384,172288,396.45703125
5385,172320,396.45703125
5386,172352,396.45703125
5387,172384,396.45703125
5388,172416,396.45703125
5389,172448,396.45703125
5390,172480,396.45703125
5391,172512,396.45703125
5392,172544,396.45703125
5393,172576,396.45703125
5394,172608,396.45703125
5395,172640,396.45703125
5396,172672,396.45703125
5397,172704,396.45703125
5398,172736,396.45703125
5399,172768,396.45703125
5400,172800,396.45703125
5401,172832,396.45703125
5402,172864,396.45703125
5403,172896,396.45703125
5404,172928,396.45703125
5405,172960,396.45703125
5406,172992,396.45703125
5407,173024,396.45703125
5408,173056,396.45703125
5409,173088,396.45703125
5410,173120,396.45703125
5411,173152,396.45703125
5412,173184,396.45703125
5413,173216,396.45703125
5414,173248,396.45703125
5415,173280,396.45703125
5416,173312,396.45703125
5417,173344,396.45703125
5418,173376,396.45703125
5419,173408,396.45703125
5420,173440,396.45703125
5421,173472,396.45703125
5422,173504,396.45703125
5423,173536,396.45703125
5424,173568,396.45703125
5425,173600,396.45703125
5426,173632,396.45703125
5427,173664,396.45703125
5428,173696,396.45703125
5429,173728,396.45703125
5430,173760,396.45703125
5431,173792,396.45703125
5432,173824,396.45703125
5433,173856,396.45703125
5434,173888,396.45703125
5435,173920,396.45703125
5436,173952,396.45703125
5437,173984,396.45703125
5438,174016,396.45703125
5439,174048,396.45703125
5440,174080,396.45703125
5441,174112,396.45703125
5442,174144,396.45703125
5443,174176,396.45703125
5444,174208,396.45703125
5445,174240,396.45703125
5446,174272,396.45703125
5447,174304,396.45703125
5448,174336,396.45703125
5449,174368,396.45703125
5450,174400,396.45703125
5451,174432,396.45703125
5452,174464,396.45703125
5453,174496,396.45703125
5454,174528,396.45703125
5455,174560,396.45703125
5456,174592,396.45703125
5457,174624,396.45703125
5458,174656,396.45703125
5459,174688,396.45703125
5460,174720,396.45703125
5461,174752,396.45703125
5462,174784,396.45703125
5463,174816,396.45703125
5464,174848,396.45703125
5465,174880,396.45703125
5466,174912,396.45703125
5467,174944,396.45703125
5468,174976,396.45703125
5469,175008,396.45703125
5470,175040,396.45703125
5471,175072,396.45703125
5472,175104,396.45703125
5473,175136,396.45703125
5474,175168,396.45703125
5475,175200,396.45703125
5476,175232,396.45703125
5477,175264,396.45703125
5478,175296,396.45703125
5479,175328,396.45703125
5480,175360,396.45703125
5481,175392,396.45703125
5482,175424,396.45703125
5483,175456,396.45703125
5484,175488,396.45703125
5485,175520,396.45703125
5486,175552,396.45703125
5487,175584,396.45703125
5488,175616,396.45703125
5489,175648,396.45703125
5490,175680,396.45703125
5491,175712,396.45703125
5492,175744,396.45703125
5493,175776,396.45703125
5494,175808,396.45703125
5495,175840,396.45703125
5496,175872,396.45703125
5497,175904,396.45703125
5498,175936,396.45703125
5499,175968,396.45703125
5500,176000,396.45703125
5501,176032,396.45703125
5502,176064,396.45703125
5503,176096,396.45703125
5504,176128,396.45703125
5505,176160,396.45703125
5506,176192,396.45703125
5507,176224,396.45703125
5508,176256,396.45703125
5509,176288,396.45703125
5510,176320,396.45703125
5511,176352,396.45703125
5512,176384,396.45703125
5513,176416,396.45703125
5514,176448,396.45703125
5515,176480,396.45703125
5516,176512,396.45703125
5517,176544,396.45703125
5518,176576,396.45703125
5519,176608,396.45703125
5520,176640,396.45703125
5521,176672,396.45703125
5522,176704,396.45703125
5523,176736,396.45703125
5524,176768,396.45703125
5525,176800,396.45703125
5526,176832,396.45703125
5527,176864,396.45703125
5528,176896,396.45703125
5529,176928,396.45703125
5530,176960,396.45703125
5531,176992,396.45703125
5532,177024,396.45703125
5533,177056,396.45703125
5534,177088,396.45703125
5535,177120,396.45703125
5536,177152,396.45703125
5537,177184,396.45703125
5538,177216,396.45703125
5539,177248,396.45703125
5540,177280,396.45703125
5541,177312,396.45703125
5542,177344,396.45703125
5543,177376,396.45703125
5544,177408,396.45703125
5545,177440,396.45703125
5546,177472,396.45703125
5547,177504,396.45703125
5548,177536,396.45703125
5549,177568,396.45703125
5550,177600,396.45703125
5551,177632,396.45703125
5552,177664,396.45703125
5553,177696,396.45703125
5554,177728,396.45703125
5555,177760,396.45703125
5556,177792,396.45703125
5557,177824,396.45703125
5558,177856,396.45703125
5559,177888,396.45703125
5560,177920,396.45703125
5561,177952,396.45703125
5562,177984,396.45703125
5563,178016,396.45703125
5564,178048,396.45703125
5565,178080,396.45703125
5566,178112,396.45703125
5567,178144,396.45703125
5568,178176,396.45703125
5569,178208,396.45703125
5570,178240,396.45703125
5571,178272,396.45703125
5572,178304,396.45703125
5573,178336,396.45703125
5574,178368,396.45703125
5575,178400,396.45703125
5576,178432,396.45703125
5577,178464,396.45703125
5578,178496,396.45703125
5579,178528,396.45703125
5580,178560,396.45703125
5581,178592,396.45703125
5582,178624,396.45703125
5583,178656,396.45703125
5584,178688,396.45703125
5585,178720,396.45703125
5586,178752,396.45703125
5587,178784,396.45703125
5588,178816,396.45703125
5589,178848,396.45703125
5590,178880,396.45703125
5591,178912,396.45703125
5592,178944,396.45703125
5593,178976,396.45703125
5594,179008,396.45703125
5595,179040,396.45703125
5596,179072,396.45703125
5597,179104,396.45703125
5598,179136,396.45703125
5599,179168,396.45703125
5600,179200,396.45703125
5601,179232,396.45703125
5602,179264,396.45703125
5603,179296,396.45703125
5604,179328,396.45703125
5605,179360,396.45703125
5606,179392,396.45703125
5607,179424,396.45703125
5608,179456,396.45703125
5609,179488,396.45703125
5610,179520,396.45703125
5611,179552,396.45703125
5612,179584,396.45703125
5613,179616,396.45703125
5614,179648,396.45703125
5615,179680,396.45703125
5616,179712,396.45703125
5617,179744,396.45703125
5618,179776,396.45703125
5619,179808,396.45703125
5620,179840,396.45703125
5621,179872,396.45703125
5622,179904,396.45703125
5623,179936,396.45703125
5624,179968,396.45703125
5625,180000,396.45703125
5626,180032,396.45703125
5627,180064,396.45703125
5628,180096,396.45703125
5629,180128,396.45703125
5630,180160,396.45703125
5631,180192,396.45703125
5632,180224,396.45703125
5633,180256,396.45703125
5634,180288,396.45703125
5635,180320,396.45703125
5636,180352,396.45703125
5637,180384,396.45703125
5638,180416,396.45703125
5639,180448,396.45703125
5640,180480,396.45703125
5641,180512,396.45703125
5642,180544,396.45703125
5643,180576,396.45703125
5644,180608,396.45703125
5645,180640,396.45703125
5646,180672,396.45703125
5647,180704,396.45703125
5648,180736,396.45703125
5649,180768,396.45703125
5650,180800,396.45703125
5651,180832,396.45703125
5652,180864,396.45703125
5653,180896,396.45703125
5654,180928,396.45703125
5655,180960,396.45703125
5656,180992,396.45703125
5657,181024,396.45703125
5658,181056,396.45703125
5659,181088,396.45703125
5660,181120,396.45703125
5661,181152,396.45703125
5662,181184,396.45703125
5663,181216,396.45703125
5664,181248,396.45703125
5665,181280,396.45703125
5666,181312,396.45703125
5667,181344,396.45703125
5668,181376,396.45703125
5669,181408,396.45703125
5670,181440,396.45703125
5671,181472,396.45703125
5672,181504,396.45703125
5673,181536,396.45703125
5674,181568,396.45703125
5675,181600,396.45703125
5676,181632,396.45703125
5677,181664,396.45703125
5678,181696,396.45703125
5679,181728,396.45703125
5680,181760,396.45703125
5681,181792,396.45703125
5682,181824,396.45703125
5683,181856,396.45703125
5684,181888,396.45703125
5685,181920,396.45703125
5686,181952,396.45703125
5687,181984,396.45703125
5688,182016,396.45703125
5689,182048,396.45703125
5690,182080,396.45703125
5691,182112,396.45703125
5692,182144,396.45703125
5693,182176,396.45703125
5694,182208,396.45703125
5695,182240,396.45703125
5696,182272,396.45703125
5697,182304,396.45703125
5698,182336,396.45703125
5699,182368,396.45703125
5700,182400,396.45703125
5701,182432,396.45703125
5702,182464,396.45703125
5703,182496,396.45703125
5704,182528,396.45703125
5705,182560,396.45703125
5706,182592,396.45703125
5707,182624,396.45703125
5708,182656,396.45703125
5709,182688,396.45703125
5710,182720,396.45703125
5711,182752,396.45703125
5712,182784,396.45703125
5713,182816,396.45703125
5714,182848,396.45703125
5715,182880,396.45703125
5716,182912,396.45703125
5717,182944,396.45703125
5718,182976,396.45703125
5719,183008,396.45703125
5720,183040,396.45703125
5721,183072,396.45703125
5722,183104,396.45703125
5723,183136,396.45703125
5724,183168,396.45703125
5725,183200,396.45703125
5726,183232,396.45703125
5727,183264,396.45703125
5728,183296,396.45703125
5729,183328,396.45703125
5730,183360,396.45703125
5731,183392,396.45703125
5732,183424,396.45703125
5733,183456,396.45703125
5734,183488,396.45703125
5735,183520,396.45703125
5736,183552,396.45703125
5737,183584,396.45703125
5738,183616,396.45703125
5739,183648,396.45703125
5740,183680,396.45703125
5741,183712,396.45703125
5742,183744,396.45703125
5743,183776,396.45703125
5744,183808,396.45703125
5745,183840,396.45703125
5746,183872,396.45703125
5747,183904,396.45703125
5748,183936,396.45703125
5749,183968,396.45703125
5750,184000,396.45703125
5751,184032,396.45703125
5752,184064,396.45703125
5753,184096,396.45703125
5754,184128,396.45703125
5755,184160,396.45703125
5756,184192,396.45703125
5757,184224,396.45703125
5758,184256,396.45703125
5759,184288,396.45703125
5760,184320,396.45703125
5761,184352,396.45703125
5762,184384,396.45703125
5763,184416,396.45703125
5764,184448,396.45703125
5765,184480,396.45703125
5766,184512,396.45703125
5767,184544,396.45703125
5768,184576,396.45703125
5769,184608,396.45703125
5770,184640,396.45703125
5771,184672,396.45703125
5772,184704,396.45703125
5773,184736,396.45703125
5774,184768,396.45703125
5775,184800,396.45703125
5776,184832,396.45703125
5777,184864,396.45703125
5778,184896,396.45703125
5779,184928,396.45703125
5780,184960,396.45703125
5781,184992,396.45703125
5782,185024,396.45703125
5783,185056,396.45703125
5784,185088,396.45703125
5785,185120,396.45703125
5786,185152,396.45703125
5787,185184,396.45703125
5788,185216,396.45703125
5789,185248,396.45703125
5790,185280,396.45703125
5791,185312,396.45703125
5792,185344,396.45703125
5793,185376,396.45703125
5794,185408,396.45703125
5795,185440,396.45703125
5796,185472,396.45703125
5797,185504,396.45703125
5798,185536,396.45703125
5799,185568,396.45703125
5800,185600,396.45703125
5801,185632,396.45703125
5802,185664,396.45703125
5803,185696,396.45703125
5804,185728,396.45703125
5805,185760,396.45703125
5806,185792,396.45703125
5807,185824,396.45703125
5808,185856,396.45703125
5809,185888,396.45703125
5810,185920,396.45703125
5811,185952,396.45703125
5812,185984,396.45703125
5813,186016,396.45703125
5814,186048,396.45703125
5815,186080,396.45703125
5816,186112,396.45703125
5817,186144,396.45703125
5818,186176,396.45703125
5819,186208,396.45703125
5820,186240,396.45703125
5821,186272,396.45703125
5822,186304,396.45703125
5823,186336,396.45703125
5824,186368,396.45703125
5825,186400,396.45703125
5826,186432,396.45703125
5827,186464,396.45703125
5828,186496,396.45703125
5829,186528,396.45703125
5830,186560,396.45703125
5831,186592,396.45703125
5832,186624,396.45703125
5833,186656,396.45703125
5834,186688,396.45703125
5835,186720,396.45703125
5836,186752,396.45703125
5837,186784,396.45703125
5838,186816,396.45703125
5839,186848,396.45703125
5840,186880,396.45703125
5841,186912,396.45703125
5842,186944,396.45703125
5843,186976,396.45703125
5844,187008,396.45703125
5845,187040,396.45703125
5846,187072,396.45703125
5847,187104,396.45703125
5848,187136,396.45703125
5849,187168,396.45703125
5850,187200,396.45703125
5851,187232,396.45703125
5852,187264,396.45703125
5853,187296,396.45703125
5854,187328,396.45703125
5855,187360,396.45703125
5856,187392,396.45703125
5857,187424,396.45703125
5858,187456,396.45703125
5859,187488,396.45703125
5860,187520,396.45703125
5861,187552,396.45703125
5862,187584,396.45703125
5863,187616,396.45703125
5864,187648,396.45703125
5865,187680,396.45703125
5866,187712,396.45703125
5867,187744,396.45703125
5868,187776,396.45703125
5869,187808,396.45703125
5870,187840,396.45703125
5871,187872,396.45703125
5872,187904,396.45703125
5873,187936,396.45703125
5874,187968,396.45703125
5875,188000,396.45703125
5876,188032,396.45703125
5877,188064,396.45703125
5878,188096,396.45703125
5879,188128,396.45703125
5880,188160,396.45703125
5881,188192,396.45703125
5882,188224,396.45703125
5883,188256,396.45703125
5884,188288,396.45703125
5885,188320,396.45703125
5886,188352,396.45703125
5887,188384,396.45703125
5888,188416,396.45703125
5889,188448,396.45703125
5890,188480,396.5078125
5891,188512,396.5078125
5892,188544,396.5078125
5893,188576,396.5078125
5894,188608,396.5078125
5895,188640,396.5078125
5896,188672,396.5078125
5897,188704,396.5078125
5898,188736,396.5078125
5899,188768,396.5078125
5900,188800,396.5078125
5901,188832,396.5078125
5902,188864,396.5078125
5903,188896,396.5078125
5904,188928,396.5078125
5905,188960,396.5078125
5906,188992,396.5078125
5907,189024,396.5078125
5908,189056,396.5078125
5909,189088,396.5078125
5910,189120,396.5078125
5911,189152,396.5078125
5912,189184,396.5078125
5913,189216,396.5078125
5914,189248,396.5078125
5915,189280,396.5078125
5916,189312,396.5078125
5917,189344,396.5078125
5918,189376,396.5078125
5919,189408,396.5078125
5920,189440,396.5078125
5921,189472,396.5078125
5922,189504,396.5078125
5923,189536,396.5078125
5924,189568,396.5078125
5925,189600,396.5078125
5926,189632,396.5078125
5927,189664,396.5078125
5928,189696,396.5078125
5929,189728,396.5078125
5930,189760,396.5078125
5931,189792,396.5078125
5932,189824,396.5078125
5933,189856,396.5078125
5934,189888,396.5078125
5935,189920,396.5078125
5936,189952,396.5078125
5937,189984,396.5078125
5938,190016,396.5078125
5939,190048,396.5078125
5940,190080,396.5078125
5941,190112,396.5078125
5942,190144,396.5078125
5943,190176,396.5078125
5944,190208,396.5078125
5945,190240,396.5078125
5946,190272,396.5078125
5947,190304,396.5078125
5948,190336,396.5078125
5949,190368,396.5078125
5950,190400,396.5078125
5951,190432,396.5078125
5952,190464,396.5078125
5953,190496,396.5078125
5954,190528,396.5078125
5955,190560,396.5078125
5956,190592,396.5078125
5957,190624,396.5078125
5958,190656,396.5078125
5959,190688,396.5078125
5960,190720,396.5078125
5961,190752,396.5078125
5962,190784,396.5078125
5963,190816,396.5078125
5964,190848,396.5078125
5965,190880,396.5078125
5966,190912,396.5078125
5967,190944,396.5078125
5968,190976,396.5078125
5969,191008,396.5078125
5970,191040,396.5078125
5971,191072,396.5078125
5972,191104,396.5078125
5973,191136,396.5078125
5974,191168,396.5078125
5975,191200,396.5078125
5976,191232,396.5078125
5977,191264,396.5078125
5978,191296,396.5078125
5979,191328,396.5078125
5980,191360,396.5078125
5981,191392,396.5078125
5982,191424,396.5078125
5983,191456,396.5078125
5984,191488,396.5078125
5985,191520,396.5078125
5986,191552,396.5078125
5987,191584,396.5078125
5988,191616,396.5078125
5989,191648,396.5078125
5990,191680,396.5078125
5991,191712,396.5078125
5992,191744,396.5078125
5993,191776,396.5078125
5994,191808,396.5078125
5995,191840,396.5078125
5996,191872,396.5078125
5997,191904,396.5078125
5998,191936,396.5078125
5999,191968,396.5078125
6000,192000,396.5078125
6001,192032,396.5078125
6002,192064,396.5078125
6003,192096,396.5078125
6004,192128,396.5078125
6005,192160,396.5078125
6006,192192,396.5078125
6007,192224,396.5078125
6008,192256,396.5078125
6009,192288,396.5078125
6010,192320,396.5078125
6011,192352,396.5078125
6012,192384,396.5078125
6013,192416,396.5078125
6014,192448,396.5078125
6015,192480,396.5078125
6016,192512,396.5078125
6017,192544,396.5078125
6018,192576,396.5078125
6019,192608,396.5078125
6020,192640,396.5078125
6021,192672,396.5078125
6022,192704,396.5078125
6023,192736,396.5078125
6024,192768,396.5078125
6025,192800,396.5078125
6026,192832,396.5078125
6027,192864,396.5078125
6028,192896,396.5078125
6029,192928,396.5078125
6030,192960,396.5078125
6031,192992,396.5078125
6032,193024,396.5078125
6033,193056,396.5078125
6034,193088,396.5078125
6035,193120,396.5078125
6036,193152,396.5078125
6037,193184,396.5078125
6038,193216,396.5078125
6039,193248,396.5078125
6040,193280,396.5078125
6041,193312,396.5078125
6042,193344,396.5078125
6043,193376,396.5078125
6044,193408,396.5078125
6045,193440,396.5078125
6046,193472,396.5078125
6047,193504,396.5078125
6048,193536,396.5078125
6049,193568,396.5078125
6050,193600,396.5078125
6051,193632,396.5078125
6052,193664,396.5078125
6053,193696,396.5078125
6054,193728,396.5078125
6055,193760,396.5078125
6056,193792,396.5078125
6057,193824,396.5078125
6058,193856,396.5078125
6059,193888,396.5078125
6060,193920,396.5078125
6061,193952,396.5078125
6062,193984,396.5078125
6063,194016,396.5078125
6064,194048,396.5078125
6065,194080,396.5078125
6066,194112,396.5078125
6067,194144,396.5078125
6068,194176,396.5078125
6069,194208,396.5078125
6070,194240,396.5078125
6071,194272,396.5078125
6072,194304,396.5078125
6073,194336,396.5078125
6074,194368,396.5078125
6075,194400,396.5078125
6076,194432,396.5078125
6077,194464,396.5078125
6078,194496,396.5078125
6079,194528,396.5078125
6080,194560,396.5078125
6081,194592,396.5078125
6082,194624,396.5078125
6083,194656,396.5078125
6084,194688,396.5078125
6085,194720,396.5078125
6086,194752,396.5078125
6087,194784,396.5078125
6088,194816,396.5078125
6089,194848,396.5078125
6090,194880,396.5078125
6091,194912,396.5078125
6092,194944,396.5078125
6093,194976,396.5078125
6094,195008,396.5078125
6095,195040,396.5078125
6096,195072,396.5078125
6097,195104,396.5078125
6098,195136,396.5078125
6099,195168,396.5078125
6100,195200,396.5703125
6101,195232,396.5703125
6102,195264,396.5703125
6103,195296,396.5703125
6104,195328,396.5703125
6105,195360,396.5703125
6106,195392,396.5703125
6107,195424,396.5703125
6108,195456,396.5703125
6109,195488,396.5703125
6110,195520,396.5703125
6111,195552,396.5703125
6112,195584,396.5703125
6113,195616,396.5703125
6114,195648,396.5703125
6115,195680,396.5703125
6116,195712,396.5703125
6117,195744,396.5703125
6118,195776,396.5703125
6119,195808,396.5703125
6120,195840,396.5703125
6121,195872,396.5703125
6122,195904,396.5703125
6123,195936,396.5703125
6124,195968,396.5703125
6125,196000,396.5703125
6126,196032,396.5703125
6127,196064,396.5703125
6128,196096,396.5703125
6129,196128,396.5703125
6130,196160,396.5703125
6131,196192,396.5703125
6132,196224,396.5703125
6133,196256,396.5703125
6134,196288,396.5703125
6135,196320,396.5703125
6136,196352,396.5703125
6137,196384,396.5703125
6138,196416,396.5703125
6139,196448,396.5703125
6140,196480,396.5703125
6141,196512,396.5703125
6142,196544,396.5703125
6143,196576,396.5703125
6144,196608,396.5703125
6145,196640,396.5703125
6146,196672,396.5703125
6147,196704,396.5703125
6148,196736,396.5703125
6149,196768,396.5703125
6150,196800,396.5703125
6151,196832,396.5703125
6152,196864,396.5703125
6153,196896,396.5703125
6154,196928,396.5703125
6155,196960,396.5703125
6156,196992,396.5703125
6157,197024,396.5703125
6158,197056,396.5703125
6159,197088,396.5703125
6160,197120,396.5703125
6161,197152,396.5703125
6162,197184,396.5703125
6163,197216,396.5703125
6164,197248,396.5703125
6165,197280,396.5703125
6166,197312,396.5703125
6167,197344,396.5703125
6168,197376,396.5703125
6169,197408,396.5703125
6170,197440,396.5703125
6171,197472,396.5703125
6172,197504,396.5703125
6173,197536,396.5703125
6174,197568,396.5703125
6175,197600,396.5703125
6176,197632,396.5703125
6177,197664,396.5703125
6178,197696,396.5703125
6179,197728,396.5703125
6180,197760,396.5703125
6181,197792,396.5703125
6182,197824,396.5703125
6183,197856,396.5703125
6184,197888,396.5703125
6185,197920,396.5703125
6186,197952,396.5703125
6187,197984,396.5703125
6188,198016,396.5703125
6189,198048,396.5703125
6190,198080,396.5703125
6191,198112,396.5703125
6192,198144,396.5703125
6193,198176,396.5703125
6194,198208,396.5703125
6195,198240,396.5703125
6196,198272,396.5703125
6197,198304,396.5703125
6198,198336,396.5703125
6199,198368,396.5703125
6200,198400,396.5703125
6201,198432,396.5703125
6202,198464,396.5703125
6203,198496,396.5703125
6204,198528,396.5703125
6205,198560,396.5703125
6206,198592,396.5703125
6207,198624,396.5703125
6208,198656,396.5703125
6209,198688,396.5703125
6210,198720,396.5703125
6211,198752,396.5703125
6212,198784,396.5703125
6213,198816,396.5703125
6214,198848,396.5703125
6215,198880,396.5703125
6216,198912,396.5703125
6217,198944,396.5703125
6218,198976,396.5703125
6219,199008,396.5703125
6220,199040,396.5703125
6221,199072,396.5703125
6222,199104,396.5703125
6223,199136,396.5703125
6224,199168,396.5703125
6225,199200,396.5703125
6226,199232,396.5703125
6227,199264,396.5703125
6228,199296,396.5703125
6229,199328,396.5703125
6230,199360,396.5703125
6231,199392,396.5703125
6232,199424,396.5703125
6233,199456,396.5703125
6234,199488,396.5703125
6235,199520,396.5703125
6236,199552,396.5703125
6237,199584,396.5703125
6238,199616,396.5703125
6239,199648,396.5703125
6240,199680,396.5703125
6241,199712,396.5703125
6242,199744,396.5703125
6243,199776,396.5703125
6244,199808,396.5703125
6245,199840,396.5703125
6246,199872,396.5703125
6247,199904,396.5703125
6248,199936,396.5703125
6249,199968,396.5703125
6250,200000,396.5703125
6251,200032,400.9453125
6252,200064,400.9453125
6253,200096,400.9453125
6254,200128,400.9453125
6255,200160,400.9453125
6256,200192,400.9453125
6257,200224,400.9453125
6258,200256,400.9453125
6259,200288,400.9453125
6260,200320,400.9453125
6261,200352,400.9453125
6262,200384,400.9453125
6263,200416,400.9453125
6264,200448,400.9453125
6265,200480,400.9453125
6266,200512,400.9453125
6267,200544,400.9453125
6268,200576,400.9453125
6269,200608,400.9453125
6270,200640,400.9453125
6271,200672,400.9453125
6272,200704,400.9453125
6273,200736,400.9453125
6274,200768,400.9453125
6275,200800,400.9453125
6276,200832,400.9453125
6277,200864,400.9453125
6278,200896,400.9453125
6279,200928,400.9453125
6280,200960,400.9453125
6281,200992,400.9453125
6282,201024,400.9453125
6283,201056,400.9453125
6284,201088,400.9453125
6285,201120,400.9453125
6286,201152,400.9453125
6287,201184,400.9453125
6288,201216,400.9453125
6289,201248,400.9453125
6290,201280,400.9453125
6291,201312,400.9453125
6292,201344,400.9453125
6293,201376,400.9453125
6294,201408,400.9453125
6295,201440,400.9453125
6296,201472,400.9453125
6297,201504,400.9453125
6298,201536,400.9453125
6299,201568,400.9453125
6300,201600,400.9453125
6301,201632,400.9453125
6302,201664,400.9453125
6303,201696,400.9453125
6304,201728,400.9453125
6305,201760,400.9453125
6306,201792,400.9453125
6307,201824,400.9453125
6308,201856,400.9453125
6309,201888,400.9453125
6310,201920,400.9453125
6311,201952,400.9453125
6312,201984,400.9453125
6313,202016,400.9453125
6314,202048,400.9453125
6315,202080,400.9453125
6316,202112,400.9453125
6317,202144,400.9453125
6318,202176,400.9453125
6319,202208,400.9453125
6320,202240,400.9453125
6321,202272,400.9453125
6322,202304,400.9453125
6323,202336,400.9453125
6324,202368,400.9453125
6325,202400,400.9453125
6326,202432,400.9453125
6327,202464,400.9453125
6328,202496,400.9453125
6329,202528,400.9453125
6330,202560,400.9453125
6331,202592,400.9453125
6332,202624,400.9453125
6333,202656,400.9453125
6334,202688,400.9453125
6335,202720,400.9453125
6336,202752,400.9453125
6337,202784,400.9453125
6338,202816,400.9453125
6339,202848,400.9453125
6340,202880,400.9453125
6341,202912,400.9453125
6342,202944,400.9453125
6343,202976,400.9453125
6344,203008,400.9453125
6345,203040,400.9453125
6346,203072,400.9453125
6347,203104,400.9453125
6348,203136,400.9453125
6349,203168,400.9453125
6350,203200,400.9453125
6351,203232,400.9453125
6352,203264,400.9453125
6353,203296,400.9453125
6354,203328,400.9453125
6355,203360,400.9453125
6356,203392,400.9453125
6357,203424,400.9453125
6358,203456,400.9453125
6359,203488,400.9453125
6360,203520,400.9453125
6361,203552,400.9453125
6362,203584,400.9453125
6363,203616,400.9453125
6364,203648,400.9453125
6365,203680,400.9453125
6366,203712,400.9453125
6367,203744,400.9453125
6368,203776,400.9453125
6369,203808,400.9453125
6370,203840,400.9453125
6371,203872,400.9453125
6372,203904,400.9453125
6373,203936,400.9453125
6374,203968,400.9453125
6375,204000,400.9453125
6376,204032,400.9453125
6377,204064,400.9453125
6378,204096,400.9453125
6379,204128,400.9453125
6380,204160,400.9453125
6381,204192,400.9453125
6382,204224,400.9453125
6383,204256,400.9453125
6384,204288,400.9453125
6385,204320,400.9453125
6386,204352,400.9453125
6387,204384,400.9453125
6388,204416,400.9453125
6389,204448,400.9453125
6390,204480,400.9453125
6391,204512,400.9453125
6392,204544,400.9453125
6393,204576,400.9453125
6394,204608,400.9453125
6395,204640,400.9453125
6396,204672,400.9453125
6397,204704,400.9453125
6398,204736,400.9453125
6399,204768,400.9453125
6400,204800,400.9453125
6401,204832,400.9453125
6402,204864,400.9453125
6403,204896,400.9453125
6404,204928,400.9453125
6405,204960,400.9453125
6406,204992,400.9453125
6407,205024,400.9453125
6408,205056,400.9453125
6409,205088,400.9453125
6410,205120,400.9453125
6411,205152,400.9453125
6412,205184,400.9453125
6413,205216,400.9453125
6414,205248,400.9453125
6415,205280,400.9453125
6416,205312,400.9453125
6417,205344,400.9453125
6418,205376,400.9453125
6419,205408,400.9453125
6420,205440,400.9453125
6421,205472,400.9453125
6422,205504,400.9453125
6423,205536,400.9453125
6424,205568,400.9453125
6425,205600,400.9453125
6426,205632,400.9453125
6427,205664,400.9453125
6428,205696,400.9453125
6429,205728,400.9453125
6430,205760,400.9453125
6431,205792,400.9453125
6432,205824,400.9453125
6433,205856,400.9453125
6434,205888,400.9453125
6435,205920,400.9453125
6436,205952,400.9453125
6437,205984,400.9453125
6438,206016,400.9453125
6439,206048,400.9453125
6440,206080,400.9453125
6441,206112,400.9453125
6442,206144,400.9453125
6443,206176,400.9453125
6444,206208,400.9453125
6445,206240,400.9453125
6446,206272,400.9453125
6447,206304,400.9453125
6448,206336,400.9453125
6449,206368,400.9453125
6450,206400,400.9453125
6451,206432,400.9453125
6452,206464,400.9453125
6453,206496,400.9453125
6454,206528,400.9453125
6455,206560,400.9453125
6456,206592,400.9453125
6457,206624,400.9453125
6458,206656,400.9453125
6459,206688,400.9453125
6460,206720,400.9453125
6461,206752,400.9453125
6462,206784,400.9453125
6463,206816,400.9453125
6464,206848,400.9453125
6465,206880,400.9453125
6466,206912,400.9453125
6467,206944,400.9453125
6468,206976,400.9453125
6469,207008,400.9453125
6470,207040,400.9453125
6471,207072,400.9453125
6472,207104,400.9453125
6473,207136,400.9453125
6474,207168,400.9453125
6475,207200,400.9453125
6476,207232,400.9453125
6477,207264,400.9453125
6478,207296,400.9453125
6479,207328,400.9453125
6480,207360,400.9453125
6481,207392,400.9453125
6482,207424,400.9453125
6483,207456,400.9453125
6484,207488,400.9453125
6485,207520,400.9453125
6486,207552,400.9453125
6487,207584,400.9453125
6488,207616,400.9453125
6489,207648,400.9453125
6490,207680,400.9453125
6491,207712,400.9453125
6492,207744,400.9453125
6493,207776,400.9453125
6494,207808,400.9453125
6495,207840,400.9453125
6496,207872,400.9453125
6497,207904,400.9453125
6498,207936,400.9453125
6499,207968,400.9453125
6500,208000,400.9453125
6501,208032,400.9453125
6502,208064,400.9453125
6503,208096,400.9453125
6504,208128,400.9453125
6505,208160,400.9453125
6506,208192,400.9453125
6507,208224,400.9453125
6508,208256,400.9453125
6509,208288,400.9453125
6510,208320,400.9453125
6511,208352,400.9453125
6512,208384,400.9453125
6513,208416,400.9453125
6514,208448,400.9453125
6515,208480,400.9453125
6516,208512,400.9453125
6517,208544,400.9453125
6518,208576,400.9453125
6519,208608,400.9453125
6520,208640,400.9453125
6521,208672,400.9453125
6522,208704,400.9453125
6523,208736,400.9453125
6524,208768,400.9453125
6525,208800,400.9453125
6526,208832,400.9453125
6527,208864,400.9453125
6528,208896,400.9453125
6529,208928,400.9453125
6530,208960,400.9453125
6531,208992,400.9453125
6532,209024,400.9453125
6533,209056,400.9453125
6534,209088,400.9453125
6535,209120,400.9453125
6536,209152,400.9453125
6537,209184,400.9453125
6538,209216,400.9453125
6539,209248,400.9453125
6540,209280,400.9453125
6541,209312,400.9453125
6542,209344,400.9453125
6543,209376,400.9453125
6544,209408,400.9453125
6545,209440,400.9453125
6546,209472,400.9453125
6547,209504,400.9453125
6548,209536,400.9453125
6549,209568,400.9453125
6550,209600,400.9453125
6551,209632,400.9453125
6552,209664,400.9453125
6553,209696,400.9453125
6554,209728,400.9453125
6555,209760,400.9453125
6556,209792,400.9453125
6557,209824,400.9453125
6558,209856,400.9453125
6559,209888,400.9453125
6560,209920,400.9453125
6561,209952,400.9453125
6562,209984,400.9453125
6563,210016,400.9453125
6564,210048,400.9453125
6565,210080,400.9453125
6566,210112,400.9453125
6567,210144,400.9453125
6568,210176,400.9453125
6569,210208,400.9453125
6570,210240,400.9453125
6571,210272,400.9453125
6572,210304,400.9453125
6573,210336,400.9453125
6574,210368,400.9453125
6575,210400,400.9453125
6576,210432,400.9453125
6577,210464,400.9453125
6578,210496,400.9453125
6579,210528,400.9453125
6580,210560,400.9453125
6581,210592,400.9453125
6582,210624,400.9453125
6583,210656,400.9453125
6584,210688,400.9453125
6585,210720,400.9453125
6586,210752,400.9453125
6587,210784,400.9453125
6588,210816,400.9453125
6589,210848,400.9453125
6590,210880,400.9453125
6591,210912,400.9453125
6592,210944,400.9453125
6593,210976,400.9453125
6594,211008,400.9453125
6595,211040,400.9453125
6596,211072,400.9453125
6597,211104,400.9453125
6598,211136,400.9453125
6599,211168,400.9453125
6600,211200,400.9453125
6601,211232,400.9453125
6602,211264,400.9453125
6603,211296,400.9453125
6604,211328,400.9453125
6605,211360,400.9453125
6606,211392,400.9453125
6607,211424,400.9453125
6608,211456,400.9453125
6609,211488,400.9453125
6610,211520,400.9453125
6611,211552,400.9453125
6612,211584,400.9453125
6613,211616,400.9453125
6614,211648,400.9453125
6615,211680,400.953125
6616,211712,400.953125
6617,211744,400.953125
6618,211776,400.953125
6619,211808,400.953125
6620,211840,400.953125
6621,211872,400.953125
6622,211904,400.953125
6623,211936,400.953125
6624,211968,400.953125
6625,212000,400.953125
6626,212032,400.953125
6627,212064,400.953125
6628,212096,400.953125
6629,212128,400.953125
6630,212160,400.953125
6631,212192,400.953125
6632,212224,400.953125
6633,212256,400.953125
6634,212288,400.953125
6635,212320,400.953125
6636,212352,400.953125
6637,212384,400.953125
6638,212416,400.953125
6639,212448,400.953125
6640,212480,400.953125
6641,212512,400.953125
6642,212544,400.953125
6643,212576,400.953125
6644,212608,400.953125
6645,212640,400.953125
6646,212672,400.953125
6647,212704,400.953125
6648,212736,400.953125
6649,212768,400.953125
6650,212800,400.953125
6651,212832,400.953125
6652,212864,400.953125
6653,212896,400.953125
6654,212928,400.953125
6655,212960,400.953125
6656,212992,400.953125
6657,213024,400.953125
6658,213056,400.953125
6659,213088,400.953125
6660,213120,400.953125
6661,213152,400.953125
6662,213184,400.953125
6663,213216,400.953125
6664,213248,400.953125
6665,213280,400.953125
6666,213312,400.953125
6667,213344,400.953125
6668,213376,400.953125
6669,213408,400.953125
6670,213440,400.953125
6671,213472,400.953125
6672,213504,400.953125
6673,213536,400.953125
6674,213568,400.953125
6675,213600,400.953125
6676,213632,400.953125
6677,213664,400.953125
6678,213696,400.953125
6679,213728,400.953125
6680,213760,400.953125
6681,213792,400.953125
6682,213824,400.953125
6683,213856,400.953125
6684,213888,400.953125
6685,213920,400.953125
6686,213952,400.953125
6687,213984,400.953125
6688,214016,400.953125
6689,214048,400.953125
6690,214080,400.953125
6691,214112,400.953125
6692,214144,400.953125
6693,214176,400.953125
6694,214208,400.953125
6695,214240,400.953125
6696,214272,400.953125
6697,214304,400.953125
6698,214336,400.953125
6699,214368,400.953125
6700,214400,400.953125
6701,214432,400.953125
6702,214464,400.953125
6703,214496,400.953125
6704,214528,400.953125
6705,214560,400.953125
6706,214592,400.953125
6707,214624,400.953125
6708,214656,400.953125
6709,214688,400.953125
6710,214720,400.953125
6711,214752,400.953125
6712,214784,400.953125
6713,214816,400.953125
6714,214848,400.953125
6715,214880,400.953125
6716,214912,400.953125
6717,214944,400.953125
6718,214976,400.953125
6719,215008,400.953125
6720,215040,400.953125
6721,215072,400.953125
6722,215104,400.953125
6723,215136,400.953125
6724,215168,400.953125
6725,215200,400.953125
6726,215232,400.953125
6727,215264,400.953125
6728,215296,400.953125
6729,215328,400.953125
6730,215360,400.953125
6731,215392,400.953125
6732,215424,400.953125
6733,215456,400.953125
6734,215488,400.953125
6735,215520,400.953125
6736,215552,400.953125
6737,215584,400.953125
6738,215616,400.953125
6739,215648,400.953125
6740,215680,400.953125
6741,215712,400.953125
6742,215744,400.953125
6743,215776,400.953125
6744,215808,400.953125
6745,215840,400.953125
6746,215872,400.953125
6747,215904,400.953125
6748,215936,400.953125
6749,215968,400.953125
6750,216000,400.953125
6751,216032,400.953125
6752,216064,400.953125
6753,216096,400.953125
6754,216128,400.953125
6755,216160,400.953125
6756,216192,400.953125
6757,216224,400.953125
6758,216256,400.953125
6759,216288,400.953125
6760,216320,400.953125
6761,216352,400.953125
6762,216384,400.953125
6763,216416,400.953125
6764,216448,400.953125
6765,216480,400.953125
6766,216512,400.953125
6767,216544,400.953125
6768,216576,400.953125
6769,216608,400.953125
6770,216640,400.953125
6771,216672,400.953125
6772,216704,400.953125
6773,216736,400.953125
6774,216768,400.953125
6775,216800,400.953125
6776,216832,400.953125
6777,216864,400.953125
6778,216896,400.953125
6779,216928,400.953125
6780,216960,400.953125
6781,216992,400.953125
6782,217024,400.953125
6783,217056,400.953125
6784,217088,400.953125
6785,217120,400.953125
6786,217152,400.953125
6787,217184,400.953125
6788,217216,400.953125
6789,217248,400.953125
6790,217280,400.953125
6791,217312,400.953125
6792,217344,400.953125
6793,217376,400.953125
6794,217408,400.953125
6795,217440,400.953125
6796,217472,400.953125
6797,217504,400.953125
6798,217536,400.953125
6799,217568,400.953125
6800,217600,400.953125
6801,217632,400.953125
6802,217664,400.953125
6803,217696,400.953125
6804,217728,400.953125
6805,217760,400.953125
6806,217792,400.953125
6807,217824,400.953125
6808,217856,400.953125
6809,217888,400.953125
6810,217920,400.953125
6811,217952,400.953125
6812,217984,400.953125
6813,218016,400.953125
6814,218048,400.953125
6815,218080,400.953125
6816,218112,400.953125
6817,218144,400.953125
6818,218176,400.953125
6819,218208,400.953125
6820,218240,400.953125
6821,218272,400.953125
6822,218304,400.953125
6823,218336,400.953125
6824,218368,400.953125
6825,218400,400.953125
6826,218432,400.953125
6827,218464,400.953125
6828,218496,400.953125
6829,218528,400.953125
6830,218560,400.953125
6831,218592,400.953125
6832,218624,400.953125
6833,218656,400.953125
6834,218688,400.953125
6835,218720,400.953125
6836,218752,400.953125
6837,218784,400.953125
6838,218816,400.953125
6839,218848,400.953125
6840,218880,400.953125
6841,218912,400.953125
6842,218944,400.953125
6843,218976,400.953125
6844,219008,400.953125
6845,219040,400.953125
6846,219072,400.953125
6847,219104,400.953125
6848,219136,400.953125
6849,219168,400.953125
6850,219200,400.953125
6851,219232,400.953125
6852,219264,400.953125
6853,219296,400.953125
6854,219328,400.953125
6855,219360,400.953125
6856,219392,400.953125
6857,219424,400.953125
6858,219456,400.953125
6859,219488,400.953125
6860,219520,400.953125
6861,219552,400.953125
6862,219584,400.953125
6863,219616,400.953125
6864,219648,400.953125
6865,219680,400.953125
6866,219712,400.953125
6867,219744,400.953125
6868,219776,400.953125
6869,219808,400.953125
6870,219840,400.953125
6871,219872,400.953125
6872,219904,400.953125
6873,219936,400.953125
6874,219968,400.953125
6875,220000,400.953125
6876,220032,400.953125
6877,220064,400.953125
6878,220096,400.953125
6879,220128,400.953125
6880,220160,400.953125
6881,220192,400.953125
6882,220224,400.953125
6883,220256,400.953125
6884,220288,400.953125
6885,220320,400.953125
6886,220352,400.953125
6887,220384,400.953125
6888,220416,400.953125
6889,220448,400.953125
6890,220480,400.953125
6891,220512,400.953125
6892,220544,400.953125
6893,220576,400.953125
6894,220608,400.953125
6895,220640,400.953125
6896,220672,400.953125
6897,220704,400.953125
6898,220736,400.953125
6899,220768,400.953125
6900,220800,400.953125
6901,220832,400.953125
6902,220864,400.953125
6903,220896,400.953125
6904,220928,400.953125
6905,220960,400.953125
6906,220992,400.953125
6907,221024,400.953125
6908,221056,400.953125
6909,221088,400.953125
6910,221120,400.953125
6911,221152,400.953125
6912,221184,400.953125
6913,221216,400.953125
6914,221248,400.953125
6915,221280,400.953125
6916,221312,400.953125
6917,221344,400.953125
6918,221376,400.953125
6919,221408,400.953125
6920,221440,400.953125
6921,221472,400.953125
6922,221504,400.953125
6923,221536,400.953125
6924,221568,400.953125
6925,221600,400.953125
6926,221632,400.953125
6927,221664,400.953125
6928,221696,400.953125
6929,221728,400.953125
6930,221760,400.953125
6931,221792,400.953125
6932,221824,400.953125
6933,221856,400.953125
6934,221888,400.953125
6935,221920,400.953125
6936,221952,400.953125
6937,221984,400.953125
6938,222016,400.953125
6939,222048,400.953125
6940,222080,400.953125
6941,222112,400.953125
6942,222144,400.953125
6943,222176,400.953125
6944,222208,400.953125
6945,222240,400.953125
6946,222272,400.953125
6947,222304,400.953125
6948,222336,400.953125
6949,222368,400.953125
6950,222400,400.953125
6951,222432,400.953125
6952,222464,400.953125
6953,222496,400.953125
6954,222528,400.953125
6955,222560,400.953125
6956,222592,400.953125
6957,222624,400.953125
6958,222656,400.953125
6959,222688,400.953125
6960,222720,400.953125
6961,222752,400.953125
6962,222784,400.953125
6963,222816,400.953125
6964,222848,400.953125
6965,222880,400.953125
6966,222912,400.953125
6967,222944,400.953125
6968,222976,400.953125
6969,223008,400.953125
6970,223040,400.953125
6971,223072,400.953125
6972,223104,400.953125
6973,223136,400.953125
6974,223168,400.953125
6975,223200,400.953125
6976,223232,400.953125
6977,223264,400.953125
6978,223296,400.953125
6979,223328,400.953125
6980,223360,400.953125
6981,223392,400.953125
6982,223424,400.953125
6983,223456,400.953125
6984,223488,400.953125
6985,223520,400.953125
6986,223552,400.953125
6987,223584,400.953125
6988,223616,400.953125
6989,223648,400.953125
6990,223680,400.953125
6991,223712,400.953125
6992,223744,400.953125
6993,223776,400.953125
6994,223808,400.953125
6995,223840,400.953125
6996,223872,400.953125
6997,223904,400.953125
6998,223936,400.953125
6999,223968,400.953125
7000,224000,400.953125
7001,224032,400.953125
7002,224064,400.953125
7003,224096,400.953125
7004,224128,400.953125
7005,224160,400.953125
7006,224192,400.953125
7007,224224,400.953125
7008,224256,400.953125
7009,224288,400.953125
7010,224320,400.953125
7011,224352,400.953125
7012,224384,400.953125
7013,224416,400.953125
7014,224448,400.953125
7015,224480,400.953125
7016,224512,400.953125
7017,224544,400.953125
7018,224576,400.953125
7019,224608,400.953125
7020,224640,400.953125
7021,224672,400.953125
7022,224704,400.953125
7023,224736,400.953125
7024,224768,400.953125
7025,224800,400.953125
7026,224832,400.953125
7027,224864,400.953125
7028,224896,400.953125
7029,224928,400.953125
7030,224960,400.953125
7031,224992,400.953125
7032,225024,400.953125
7033,225056,400.953125
7034,225088,400.953125
7035,225120,400.953125
7036,225152,400.953125
7037,225184,400.953125
7038,225216,400.953125
7039,225248,400.953125
7040,225280,400.953125
7041,225312,400.953125
7042,225344,400.953125
7043,225376,400.953125
7044,225408,400.953125
7045,225440,400.953125
7046,225472,400.953125
7047,225504,400.953125
7048,225536,400.953125
7049,225568,400.953125
7050,225600,400.953125
7051,225632,400.953125
7052,225664,400.953125
7053,225696,400.953125
7054,225728,400.953125
7055,225760,400.953125
7056,225792,400.953125
7057,225824,400.953125
7058,225856,400.953125
7059,225888,400.953125
7060,225920,400.953125
7061,225952,400.953125
7062,225984,400.953125
7063,226016,400.953125
7064,226048,400.953125
7065,226080,400.953125
7066,226112,400.953125
7067,226144,400.953125
7068,226176,400.953125
7069,226208,400.953125
7070,226240,400.953125
7071,226272,400.953125
7072,226304,400.953125
7073,226336,400.953125
7074,226368,400.953125
7075,226400,400.953125
7076,226432,400.953125
7077,226464,400.953125
7078,226496,400.953125
7079,226528,400.953125
7080,226560,400.953125
7081,226592,400.953125
7082,226624,400.953125
7083,226656,400.953125
7084,226688,400.953125
7085,226720,400.953125
7086,226752,400.953125
7087,226784,400.953125
7088,226816,400.953125
7089,226848,400.953125
7090,226880,400.953125
7091,226912,400.953125
7092,226944,400.953125
7093,226976,400.953125
7094,227008,400.953125
7095,227040,400.953125
7096,227072,400.953125
7097,227104,400.953125
7098,227136,400.953125
7099,227168,400.953125
7100,227200,400.953125
7101,227232,400.953125
7102,227264,400.953125
7103,227296,400.953125
7104,227328,400.953125
7105,227360,400.953125
7106,227392,400.953125
7107,227424,400.953125
7108,227456,400.953125
7109,227488,400.953125
7110,227520,400.953125
7111,227552,400.953125
7112,227584,400.953125
7113,227616,400.953125
7114,227648,400.953125
7115,227680,400.953125
7116,227712,400.953125
7117,227744,400.953125
7118,227776,400.953125
7119,227808,400.953125
7120,227840,400.953125
7121,227872,400.953125
7122,227904,400.953125
7123,227936,400.953125
7124,227968,401.015625
7125,228000,401.015625
7126,228032,401.015625
7127,228064,401.015625
7128,228096,401.015625
7129,228128,401.015625
7130,228160,401.015625
7131,228192,401.015625
7132,228224,401.015625
7133,228256,401.015625
7134,228288,401.015625
7135,228320,401.015625
7136,228352,401.015625
7137,228384,401.015625
7138,228416,401.015625
7139,228448,401.015625
7140,228480,401.015625
7141,228512,401.015625
7142,228544,401.015625
7143,228576,401.015625
7144,228608,401.015625
7145,228640,401.015625
7146,228672,401.015625
7147,228704,401.015625
7148,228736,401.015625
7149,228768,401.015625
7150,228800,401.015625
7151,228832,401.015625
7152,228864,401.015625
7153,228896,401.015625
7154,228928,401.015625
7155,228960,401.015625
7156,228992,401.015625
7157,229024,401.015625
7158,229056,401.015625
7159,229088,401.015625
7160,229120,401.015625
7161,229152,401.015625
7162,229184,401.015625
7163,229216,401.015625
7164,229248,401.015625
7165,229280,401.015625
7166,229312,401.015625
7167,229344,401.015625
7168,229376,401.015625
7169,229408,401.015625
7170,229440,401.015625
7171,229472,401.015625
7172,229504,401.015625
7173,229536,401.015625
7174,229568,401.015625
7175,229600,401.015625
7176,229632,401.015625
7177,229664,401.015625
7178,229696,401.015625
7179,229728,401.015625
7180,229760,401.015625
7181,229792,401.015625
7182,229824,401.015625
7183,229856,401.015625
7184,229888,401.015625
7185,229920,401.015625
7186,229952,401.015625
7187,229984,401.015625
7188,230016,401.015625
7189,230048,401.015625
7190,230080,401.015625
7191,230112,401.015625
7192,230144,401.015625
7193,230176,401.015625
7194,230208,401.015625
7195,230240,401.015625
7196,230272,401.015625
7197,230304,401.015625
7198,230336,401.015625
7199,230368,401.015625
7200,230400,401.015625
7201,230432,401.015625
7202,230464,401.015625
7203,230496,401.015625
7204,230528,401.015625
7205,230560,401.015625
7206,230592,401.015625
7207,230624,401.015625
7208,230656,401.015625
7209,230688,401.015625
7210,230720,401.015625
7211,230752,401.015625
7212,230784,401.015625
7213,230816,401.015625
7214,230848,401.015625
7215,230880,401.015625
7216,230912,401.015625
7217,230944,401.015625
7218,230976,401.015625
7219,231008,401.015625
7220,231040,401.015625
7221,231072,401.015625
7222,231104,401.015625
7223,231136,401.015625
7224,231168,401.015625
7225,231200,401.015625
7226,231232,401.015625
7227,231264,401.015625
7228,231296,401.015625
7229,231328,401.015625
7230,231360,401.015625
7231,231392,401.015625
7232,231424,401.015625
7233,231456,401.015625
7234,231488,401.015625
7235,231520,401.015625
7236,231552,401.015625
7237,231584,401.015625
7238,231616,401.015625
7239,231648,401.015625
7240,231680,401.015625
7241,231712,401.015625
7242,231744,401.015625
7243,231776,401.015625
7244,231808,401.015625
7245,231840,401.015625
7246,231872,401.015625
7247,231904,401.015625
7248,231936,401.015625
7249,231968,401.015625
7250,232000,401.015625
7251,232032,401.015625
7252,232064,401.015625
7253,232096,401.015625
7254,232128,401.015625
7255,232160,401.015625
7256,232192,401.015625
7257,232224,401.015625
7258,232256,401.015625
7259,232288,401.015625
7260,232320,401.015625
7261,232352,401.015625
7262,232384,401.015625
7263,232416,401.015625
7264,232448,401.015625
7265,232480,401.015625
7266,232512,401.015625
7267,232544,401.015625
7268,232576,401.015625
7269,232608,401.015625
7270,232640,401.015625
7271,232672,401.015625
7272,232704,401.015625
7273,232736,401.015625
7274,232768,401.015625
7275,232800,401.015625
7276,232832,401.015625
7277,232864,401.015625
7278,232896,401.015625
7279,232928,401.015625
7280,232960,401.015625
7281,232992,401.015625
7282,233024,401.015625
7283,233056,401.015625
7284,233088,401.015625
7285,233120,401.015625
7286,233152,401.015625
7287,233184,401.015625
7288,233216,401.015625
7289,233248,401.015625
7290,233280,401.015625
7291,233312,401.015625
7292,233344,401.015625
7293,233376,401.015625
7294,233408,401.015625
7295,233440,401.015625
7296,233472,401.015625
7297,233504,401.015625
7298,233536,401.015625
7299,233568,401.015625
7300,233600,401.015625
7301,233632,401.015625
7302,233664,401.015625
7303,233696,401.015625
7304,233728,401.015625
7305,233760,401.015625
7306,233792,401.015625
7307,233824,401.015625
7308,233856,401.015625
7309,233888,401.015625
7310,233920,401.015625
7311,233952,401.015625
7312,233984,401.015625
7313,234016,401.015625
7314,234048,401.015625
7315,234080,401.015625
7316,234112,401.015625
7317,234144,401.015625
7318,234176,401.015625
7319,234208,401.015625
7320,234240,401.015625
7321,234272,401.015625
7322,234304,401.015625
7323,234336,401.015625
7324,234368,401.015625
7325,234400,401.015625
7326,234432,401.015625
7327,234464,401.015625
7328,234496,401.015625
7329,234528,401.015625
7330,234560,401.015625
7331,234592,401.015625
7332,234624,401.015625
7333,234656,401.015625
7334,234688,401.015625
7335,234720,401.015625
7336,234752,401.015625
7337,234784,401.015625
7338,234816,401.015625
7339,234848,401.015625
7340,234880,401.015625
7341,234912,401.015625
7342,234944,401.015625
7343,234976,401.015625
7344,235008,401.015625
7345,235040,401.015625
7346,235072,401.015625
7347,235104,401.015625
7348,235136,401.015625
7349,235168,401.015625
7350,235200,401.015625
7351,235232,401.015625
7352,235264,401.015625
7353,235296,401.015625
7354,235328,401.015625
7355,235360,401.015625
7356,235392,401.015625
7357,235424,401.015625
7358,235456,401.015625
7359,235488,401.015625
7360,235520,401.015625
7361,235552,401.015625
7362,235584,401.015625
7363,235616,401.015625
7364,235648,401.015625
7365,235680,401.015625
7366,235712,401.015625
7367,235744,401.015625
7368,235776,401.015625
7369,235808,401.015625
7370,235840,401.015625
7371,235872,401.015625
7372,235904,401.015625
7373,235936,401.015625
7374,235968,401.015625
7375,236000,401.015625
7376,236032,401.015625
7377,236064,401.015625
7378,236096,401.015625
7379,236128,401.015625
7380,236160,401.015625
7381,236192,401.015625
7382,236224,401.015625
7383,236256,401.015625
7384,236288,401.015625
7385,236320,401.015625
7386,236352,401.015625
7387,236384,401.015625
7388,236416,401.015625
7389,236448,401.015625
7390,236480,401.015625
7391,236512,401.015625
7392,236544,401.015625
7393,236576,401.015625
7394,236608,401.015625
7395,236640,401.015625
7396,236672,401.015625
7397,236704,401.015625
7398,236736,401.015625
7399,236768,401.015625
7400,236800,401.015625
7401,236832,401.015625
7402,236864,401.015625
7403,236896,401.015625
7404,236928,401.015625
7405,236960,401.015625
7406,236992,401.015625
7407,237024,401.015625
7408,237056,401.015625
7409,237088,401.015625
7410,237120,401.015625
7411,237152,401.015625
7412,237184,401.015625
7413,237216,401.015625
7414,237248,401.015625
7415,237280,401.015625
7416,237312,401.015625
7417,237344,401.015625
7418,237376,401.015625
7419,237408,401.015625
7420,237440,401.015625
7421,237472,401.015625
7422,237504,401.015625
7423,237536,401.015625
7424,237568,401.015625
7425,237600,401.015625
7426,237632,401.015625
7427,237664,401.015625
7428,237696,401.015625
7429,237728,401.015625
7430,237760,401.015625
7431,237792,401.015625
7432,237824,401.015625
7433,237856,401.015625
7434,237888,401.015625
7435,237920,401.015625
7436,237952,401.015625
7437,237984,401.015625
7438,238016,401.015625
7439,238048,401.015625
7440,238080,401.015625
7441,238112,401.015625
7442,238144,401.015625
7443,238176,401.015625
7444,238208,401.015625
7445,238240,401.015625
7446,238272,401.015625
7447,238304,401.015625
7448,238336,401.015625
7449,238368,401.015625
7450,238400,401.015625
7451,238432,401.015625
7452,238464,401.015625
7453,238496,401.015625
7454,238528,401.015625
7455,238560,401.015625
7456,238592,401.015625
7457,238624,401.015625
7458,238656,401.015625
7459,238688,401.015625
7460,238720,401.015625
7461,238752,401.015625
7462,238784,401.015625
7463,238816,401.015625
7464,238848,401.015625
7465,238880,401.015625
7466,238912,401.015625
7467,238944,401.015625
7468,238976,401.015625
7469,239008,401.015625
7470,239040,401.015625
7471,239072,401.015625
7472,239104,401.015625
7473,239136,401.015625
7474,239168,401.015625
7475,239200,401.015625
7476,239232,401.015625
7477,239264,401.015625
7478,239296,401.015625
7479,239328,401.015625
7480,239360,401.015625
7481,239392,401.015625
7482,239424,401.015625
7483,239456,401.015625
7484,239488,401.015625
7485,239520,401.015625
7486,239552,401.015625
7487,239584,401.015625
7488,239616,401.015625
7489,239648,401.015625
7490,239680,401.015625
7491,239712,401.015625
7492,239744,401.015625
7493,239776,401.015625
7494,239808,401.015625
7495,239840,401.015625
7496,239872,401.015625
7497,239904,401.015625
7498,239936,401.015625
7499,239968,401.015625
7500,240000,401.015625
7501,240032,401.015625
7502,240064,401.015625
7503,240096,401.015625
7504,240128,401.015625
7505,240160,401.015625
7506,240192,401.015625
7507,240224,401.015625
7508,240256,401.015625
7509,240288,401.015625
7510,240320,401.015625
7511,240352,401.015625
7512,240384,401.015625
7513,240416,401.015625
7514,240448,401.015625
7515,240480,401.015625
7516,240512,401.015625
7517,240544,401.015625
7518,240576,401.015625
7519,240608,401.015625
7520,240640,401.015625
7521,240672,401.015625
7522,240704,401.015625
7523,240736,401.015625
7524,240768,401.015625
7525,240800,401.015625
7526,240832,401.015625
7527,240864,401.015625
7528,240896,401.015625
7529,240928,401.015625
7530,240960,401.015625
7531,240992,401.015625
7532,241024,401.015625
7533,241056,401.015625
7534,241088,401.015625
7535,241120,401.015625
7536,241152,401.015625
7537,241184,401.015625
7538,241216,401.015625
7539,241248,401.015625
7540,241280,401.015625
7541,241312,401.015625
7542,241344,401.015625
7543,241376,401.015625
7544,241408,401.015625
7545,241440,401.015625
7546,241472,401.015625
7547,241504,401.015625
7548,241536,401.015625
7549,241568,401.015625
7550,241600,401.015625
7551,241632,401.015625
7552,241664,401.015625
7553,241696,401.015625
7554,241728,401.015625
7555,241760,401.015625
7556,241792,401.015625
7557,241824,401.015625
7558,241856,401.015625
7559,241888,401.015625
7560,241920,401.015625
7561,241952,401.015625
7562,241984,401.015625
7563,242016,401.015625
7564,242048,401.015625
7565,242080,401.015625
7566,242112,401.015625
7567,242144,401.015625
7568,242176,401.015625
7569,242208,401.015625
7570,242240,401.015625
7571,242272,401.015625
7572,242304,401.015625
7573,242336,401.015625
7574,242368,401.015625
7575,242400,401.015625
7576,242432,401.015625
7577,242464,401.015625
7578,242496,401.015625
7579,242528,401.015625
7580,242560,401.015625
7581,242592,401.015625
7582,242624,401.015625
7583,242656,401.015625
7584,242688,401.015625
7585,242720,401.015625
7586,242752,401.015625
7587,242784,401.015625
7588,242816,401.015625
7589,242848,401.015625
7590,242880,401.015625
7591,242912,401.015625
7592,242944,401.015625
7593,242976,401.015625
7594,243008,401.015625
7595,243040,401.015625
7596,243072,401.015625
7597,243104,401.015625
7598,243136,401.015625
7599,243168,401.015625
7600,243200,401.015625
7601,243232,401.015625
7602,243264,401.015625
7603,243296,401.015625
7604,243328,401.015625
7605,243360,401.015625
7606,243392,401.015625
7607,243424,401.015625
7608,243456,401.015625
7609,243488,401.015625
7610,243520,401.015625
7611,243552,401.015625
7612,243584,401.015625
7613,243616,401.015625
7614,243648,401.015625
7615,243680,401.015625
7616,243712,401.015625
7617,243744,401.015625
7618,243776,401.015625
7619,243808,401.015625
7620,243840,401.015625
7621,243872,401.015625
7622,243904,401.015625
7623,243936,401.015625
7624,243968,401.015625
7625,244000,401.015625
7626,244032,401.015625
7627,244064,401.015625
7628,244096,401.015625
7629,244128,401.015625
7630,244160,401.015625
7631,244192,401.015625
7632,244224,401.015625
7633,244256,401.015625
7634,244288,401.015625
7635,244320,401.015625
7636,244352,401.015625
7637,244384,401.015625
7638,244416,401.015625
7639,244448,401.015625
7640,244480,401.015625
7641,244512,401.015625
7642,244544,401.015625
7643,244576,401.015625
7644,244608,401.015625
7645,244640,401.015625
7646,244672,401.015625
7647,244704,401.015625
7648,244736,401.015625
7649,244768,401.015625
7650,244800,401.015625
7651,244832,401.015625
7652,244864,401.015625
7653,244896,401.015625
7654,244928,401.015625
7655,244960,401.015625
7656,244992,401.015625
7657,245024,401.015625
7658,245056,401.015625
7659,245088,401.015625
7660,245120,401.015625
7661,245152,401.015625
7662,245184,401.015625
7663,245216,401.015625
7664,245248,401.015625
7665,245280,401.015625
7666,245312,401.015625
7667,245344,401.015625
7668,245376,401.015625
7669,245408,401.015625
7670,245440,401.015625
7671,245472,401.015625
7672,245504,401.015625
7673,245536,401.015625
7674,245568,401.015625
7675,245600,401.015625
7676,245632,401.015625
7677,245664,401.015625
7678,245696,401.015625
7679,245728,401.015625
7680,245760,401.015625
7681,245792,401.015625
7682,245824,401.015625
7683,245856,401.015625
7684,245888,401.015625
7685,245920,401.015625
7686,245952,401.015625
7687,245984,401.015625
7688,246016,401.015625
7689,246048,401.015625
7690,246080,401.015625
7691,246112,401.015625
7692,246144,401.015625
7693,246176,401.015625
7694,246208,401.015625
7695,246240,401.015625
7696,246272,401.015625
7697,246304,401.015625
7698,246336,401.015625
7699,246368,401.015625
7700,246400,401.015625
7701,246432,401.015625
7702,246464,401.015625
7703,246496,401.015625
7704,246528,401.015625
7705,246560,401.015625
7706,246592,401.015625
7707,246624,401.015625
7708,246656,401.015625
7709,246688,401.015625
7710,246720,401.015625
7711,246752,401.015625
7712,246784,401.015625
7713,246816,401.015625
7714,246848,401.015625
7715,246880,401.015625
7716,246912,401.015625
7717,246944,401.015625
7718,246976,401.015625
7719,247008,401.015625
7720,247040,401.015625
7721,247072,401.015625
7722,247104,401.015625
7723,247136,401.015625
7724,247168,401.015625
7725,247200,401.015625
7726,247232,401.015625
7727,247264,401.015625
7728,247296,401.015625
7729,247328,401.015625
7730,247360,401.015625
7731,247392,401.015625
7732,247424,401.015625
7733,247456,401.015625
7734,247488,401.015625
7735,247520,401.015625
7736,247552,401.015625
7737,247584,401.015625
7738,247616,401.015625
7739,247648,401.015625
7740,247680,401.015625
7741,247712,401.015625
7742,247744,401.015625
7743,247776,401.015625
7744,247808,401.015625
7745,247840,401.015625
7746,247872,401.015625
7747,247904,401.015625
7748,247936,401.015625
7749,247968,401.015625
7750,248000,401.015625
7751,248032,401.015625
7752,248064,401.015625
7753,248096,401.015625
7754,248128,401.015625
7755,248160,401.015625
7756,248192,401.015625
7757,248224,401.015625
7758,248256,401.015625
7759,248288,401.015625
7760,248320,401.015625
7761,248352,401.015625
7762,248384,401.015625
7763,248416,401.015625
7764,248448,401.015625
7765,248480,401.015625
7766,248512,401.015625
7767,248544,401.015625
7768,248576,401.015625
7769,248608,401.015625
7770,248640,401.015625
7771,248672,401.015625
7772,248704,401.015625
7773,248736,401.015625
7774,248768,401.015625
7775,248800,401.015625
7776,248832,401.015625
7777,248864,401.015625
7778,248896,401.015625
7779,248928,401.015625
7780,248960,401.015625
7781,248992,401.015625
7782,249024,401.015625
7783,249056,401.015625
7784,249088,401.015625
7785,249120,401.015625
7786,249152,401.015625
7787,249184,401.015625
7788,249216,401.015625
7789,249248,401.015625
7790,249280,401.015625
7791,249312,401.015625
7792,249344,401.015625
7793,249376,401.015625
7794,249408,401.015625
7795,249440,401.015625
7796,249472,401.015625
7797,249504,401.015625
7798,249536,401.015625
7799,249568,401.015625
7800,249600,401.015625
7801,249632,401.015625
7802,249664,401.015625
7803,249696,401.015625
7804,249728,401.015625
7805,249760,401.015625
7806,249792,401.015625
7807,249824,401.015625
7808,249856,401.015625
7809,249888,401.015625
7810,249920,401.015625
7811,249952,401.015625
7812,249984,401.015625
7813,250016,401.015625
7814,250048,401.015625
7815,250080,401.015625
7816,250112,401.015625
7817,250144,401.015625
7818,250176,401.015625
7819,250208,401.015625
7820,250240,401.015625
7821,250272,401.015625
7822,250304,401.015625
7823,250336,401.015625
7824,250368,401.015625
7825,250400,401.015625
7826,250432,401.015625
7827,250464,401.015625
7828,250496,401.015625
7829,250528,401.015625
7830,250560,401.015625
7831,250592,401.015625
7832,250624,401.015625
7833,250656,401.015625
7834,250688,401.015625
7835,250720,401.015625
7836,250752,401.015625
7837,250784,401.015625
7838,250816,401.015625
7839,250848,401.015625
7840,250880,401.015625
7841,250912,401.015625
7842,250944,401.015625
7843,250976,401.015625
7844,251008,401.015625
7845,251040,401.015625
7846,251072,401.015625
7847,251104,401.015625
7848,251136,401.015625
7849,251168,401.015625
7850,251200,401.015625
7851,251232,401.015625
7852,251264,401.015625
7853,251296,401.015625
7854,251328,401.015625
7855,251360,401.015625
7856,251392,401.015625
7857,251424,401.015625
7858,251456,401.015625
7859,251488,401.015625
7860,251520,401.015625
7861,251552,401.015625
7862,251584,401.015625
7863,251616,401.015625
7864,251648,401.015625
7865,251680,401.015625
7866,251712,401.015625
7867,251744,401.015625
7868,251776,401.015625
7869,251808,401.015625
7870,251840,401.015625
7871,251872,401.015625
7872,251904,401.015625
7873,251936,401.015625
7874,251968,401.015625
7875,252000,401.015625
7876,252032,401.015625
7877,252064,401.015625
7878,252096,401.015625
7879,252128,401.015625
7880,252160,401.015625
7881,252192,401.015625
7882,252224,401.015625
7883,252256,401.015625
7884,252288,401.015625
7885,252320,401.015625
7886,252352,401.015625
7887,252384,401.015625
7888,252416,401.015625
7889,252448,401.015625
7890,252480,401.015625
7891,252512,401.015625
7892,252544,401.015625
7893,252576,401.015625
7894,252608,401.015625
7895,252640,401.015625
7896,252672,401.015625
7897,252704,401.015625
7898,252736,401.015625
7899,252768,401.015625
7900,252800,401.015625
7901,252832,401.015625
7902,252864,401.015625
7903,252896,401.015625
7904,252928,401.015625
7905,252960,401.015625
7906,252992,401.015625
7907,253024,401.015625
7908,253056,401.015625
7909,253088,401.015625
7910,253120,401.015625
7911,253152,401.015625
7912,253184,401.015625
7913,253216,401.015625
7914,253248,401.015625
7915,253280,401.015625
7916,253312,401.015625
7917,253344,401.015625
7918,253376,401.015625
7919,253408,401.015625
7920,253440,401.015625
7921,253472,401.015625
7922,253504,401.015625
7923,253536,401.015625
7924,253568,401.015625
7925,253600,401.015625
7926,253632,401.015625
7927,253664,401.015625
7928,253696,401.015625
7929,253728,401.015625
7930,253760,401.015625
7931,253792,401.015625
7932,253824,401.015625
7933,253856,401.015625
7934,253888,401.015625
7935,253920,401.015625
7936,253952,401.015625
7937,253984,401.015625
7938,254016,401.015625
7939,254048,401.015625
7940,254080,401.015625
7941,254112,401.015625
7942,254144,401.015625
7943,254176,401.015625
7944,254208,401.015625
7945,254240,401.015625
7946,254272,401.015625
7947,254304,401.015625
7948,254336,401.015625
7949,254368,401.015625
7950,254400,401.015625
7951,254432,401.015625
7952,254464,401.015625
7953,254496,401.015625
7954,254528,401.015625
7955,254560,401.015625
7956,254592,401.015625
7957,254624,401.015625
7958,254656,401.015625
7959,254688,401.015625
7960,254720,401.015625
7961,254752,401.015625
7962,254784,401.015625
7963,254816,401.015625
7964,254848,401.015625
7965,254880,401.015625
7966,254912,401.015625
7967,254944,401.015625
7968,254976,401.015625
7969,255008,401.015625
7970,255040,401.015625
7971,255072,401.015625
7972,255104,401.015625
7973,255136,401.015625
7974,255168,401.015625
7975,255200,401.015625
7976,255232,401.015625
7977,255264,401.015625
7978,255296,401.015625
7979,255328,401.015625
7980,255360,401.015625
7981,255392,401.015625
7982,255424,401.015625
7983,255456,401.015625
7984,255488,401.015625
7985,255520,401.015625
7986,255552,401.015625
7987,255584,401.015625
7988,255616,401.015625
7989,255648,401.015625
7990,255680,401.015625
7991,255712,401.015625
7992,255744,401.015625
7993,255776,401.015625
7994,255808,401.015625
7995,255840,401.015625
7996,255872,401.015625
7997,255904,401.015625
7998,255936,401.015625
7999,255968,401.015625
8000,256000,401.015625
8001,256032,401.015625
8002,256064,401.015625
8003,256096,401.015625
8004,256128,401.015625
8005,256160,401.015625
8006,256192,401.015625
8007,256224,401.015625
8008,256256,401.015625
8009,256288,401.015625
8010,256320,401.015625
8011,256352,401.015625
8012,256384,401.015625
8013,256416,401.015625
8014,256448,401.015625
8015,256480,401.015625
8016,256512,401.015625
8017,256544,401.015625
8018,256576,401.015625
8019,256608,401.015625
8020,256640,401.015625
8021,256672,401.015625
8022,256704,401.015625
8023,256736,401.015625
8024,256768,401.015625
8025,256800,401.015625
8026,256832,401.015625
8027,256864,401.015625
8028,256896,401.015625
8029,256928,401.015625
8030,256960,401.015625
8031,256992,401.015625
8032,257024,401.015625
8033,257056,401.015625
8034,257088,401.015625
8035,257120,401.015625
8036,257152,401.015625
8037,257184,401.015625
8038,257216,401.015625
8039,257248,401.015625
8040,257280,401.015625
8041,257312,401.015625
8042,257344,401.015625
8043,257376,401.015625
8044,257408,401.015625
8045,257440,401.015625
8046,257472,401.015625
8047,257504,401.015625
8048,257536,401.015625
8049,257568,401.015625
8050,257600,401.015625
8051,257632,401.015625
8052,257664,401.015625
8053,257696,401.015625
8054,257728,401.015625
8055,257760,401.015625
8056,257792,401.015625
8057,257824,401.015625
8058,257856,401.015625
8059,257888,401.015625
8060,257920,401.015625
8061,257952,401.015625
8062,257984,401.015625
8063,258016,401.015625
8064,258048,401.015625
8065,258080,401.015625
8066,258112,401.015625
8067,258144,401.015625
8068,258176,401.015625
8069,258208,401.015625
8070,258240,401.015625
8071,258272,401.015625
8072,258304,401.015625
8073,258336,401.015625
8074,258368,401.015625
8075,258400,401.015625
8076,258432,401.015625
8077,258464,401.015625
8078,258496,401.015625
8079,258528,401.015625
8080,258560,401.015625
8081,258592,401.015625
8082,258624,401.015625
8083,258656,401.015625
8084,258688,401.015625
8085,258720,401.015625
8086,258752,401.015625
8087,258784,401.015625
8088,258816,401.015625
8089,258848,401.015625
8090,258880,401.015625
8091,258912,401.015625
8092,258944,401.015625
8093,258976,401.015625
8094,259008,401.015625
8095,259040,401.015625
8096,259072,401.015625
8097,259104,401.015625
8098,259136,401.015625
8099,259168,401.015625
8100,259200,401.015625
8101,259232,401.015625
8102,259264,401.015625
8103,259296,401.015625
8104,259328,401.015625
8105,259360,401.015625
8106,259392,401.015625
8107,259424,401.015625
8108,259456,401.015625
8109,259488,401.015625
8110,259520,401.015625
8111,259552,401.015625
8112,259584,401.015625
8113,259616,401.015625
8114,259648,401.015625
8115,259680,401.015625
8116,259712,401.015625
8117,259744,401.015625
8118,259776,401.015625
8119,259808,401.015625
8120,259840,401.015625
8121,259872,401.015625
8122,259904,401.015625
8123,259936,401.015625
8124,259968,401.015625
8125,260000,401.015625
8126,260032,401.015625
8127,260064,401.015625
8128,260096,401.015625
8129,260128,401.015625
8130,260160,401.015625
8131,260192,401.015625
8132,260224,401.015625
8133,260256,401.015625
8134,260288,401.015625
8135,260320,401.015625
8136,260352,401.015625
8137,260384,401.015625
8138,260416,401.015625
8139,260448,401.015625
8140,260480,401.015625
8141,260512,401.015625
8142,260544,401.015625
8143,260576,401.015625
8144,260608,401.078125
8145,260640,401.078125
8146,260672,401.078125
8147,260704,401.078125
8148,260736,401.078125
8149,260768,401.078125
8150,260800,401.078125
8151,260832,401.078125
8152,260864,401.078125
8153,260896,401.078125
8154,260928,401.078125
8155,260960,401.078125
8156,260992,401.078125
8157,261024,401.078125
8158,261056,401.078125
8159,261088,401.078125
8160,261120,401.078125
8161,261152,401.078125
8162,261184,401.078125
8163,261216,401.078125
8164,261248,401.078125
8165,261280,401.078125
8166,261312,401.078125
8167,261344,401.078125
8168,261376,401.078125
8169,261408,401.078125
8170,261440,401.078125
8171,261472,401.078125
8172,261504,401.078125
8173,261536,401.078125
8174,261568,401.078125
8175,261600,401.078125
8176,261632,401.078125
8177,261664,401.078125
8178,261696,401.078125
8179,261728,401.078125
8180,261760,401.078125
8181,261792,401.078125
8182,261824,401.078125
8183,261856,401.078125
8184,261888,401.078125
8185,261920,401.078125
8186,261952,401.078125
8187,261984,401.078125
8188,262016,401.078125
8189,262048,401.078125
8190,262080,401.078125
8191,262112,401.078125
8192,262144,401.078125
8193,262176,401.078125
8194,262208,401.078125
8195,262240,401.078125
8196,262272,401.078125
8197,262304,401.078125
8198,262336,401.078125
8199,262368,401.078125
8200,262400,401.078125
8201,262432,401.078125
8202,262464,401.078125
8203,262496,401.078125
8204,262528,401.078125
8205,262560,401.078125
8206,262592,401.078125
8207,262624,401.078125
8208,262656,401.078125
8209,262688,401.078125
8210,262720,401.078125
8211,262752,401.078125
8212,262784,401.078125
8213,262816,401.078125
8214,262848,401.078125
8215,262880,401.078125
8216,262912,401.078125
8217,262944,401.078125
8218,262976,401.078125
8219,263008,401.078125
8220,263040,401.078125
8221,263072,401.078125
8222,263104,401.078125
8223,263136,401.078125
8224,263168,401.078125
8225,263200,401.078125
8226,263232,401.078125
8227,263264,401.078125
8228,263296,401.078125
8229,263328,401.078125
8230,263360,401.078125
8231,263392,401.078125
8232,263424,401.078125
8233,263456,401.078125
8234,263488,401.078125
8235,263520,401.078125
8236,263552,401.078125
8237,263584,401.078125
8238,263616,401.078125
8239,263648,401.078125
8240,263680,401.078125
8241,263712,401.078125
8242,263744,401.078125
8243,263776,401.078125
8244,263808,401.078125
8245,263840,401.078125
8246,263872,401.078125
8247,263904,401.078125
8248,263936,401.078125
8249,263968,401.078125
8250,264000,401.078125
8251,264032,401.078125
8252,264064,401.078125
8253,264096,401.078125
8254,264128,401.078125
8255,264160,401.078125
8256,264192,401.078125
8257,264224,401.078125
8258,264256,401.078125
8259,264288,401.078125
8260,264320,401.078125
8261,264352,401.078125
8262,264384,401.078125
8263,264416,401.078125
8264,264448,401.078125
8265,264480,401.078125
8266,264512,401.078125
8267,264544,401.078125
8268,264576,401.078125
8269,264608,401.078125
8270,264640,401.078125
8271,264672,401.078125
8272,264704,401.078125
8273,264736,401.078125
8274,264768,401.078125
8275,264800,401.078125
8276,264832,401.078125
8277,264864,401.078125
8278,264896,401.078125
8279,264928,401.078125
8280,264960,401.078125
8281,264992,401.078125
8282,265024,401.078125
8283,265056,401.078125
8284,265088,401.078125
8285,265120,401.078125
8286,265152,401.078125
8287,265184,401.078125
8288,265216,401.078125
8289,265248,401.078125
8290,265280,401.078125
8291,265312,401.078125
8292,265344,401.078125
8293,265376,401.078125
8294,265408,401.078125
8295,265440,401.078125
8296,265472,401.078125
8297,265504,401.078125
8298,265536,401.078125
8299,265568,401.078125
8300,265600,401.078125
8301,265632,401.078125
8302,265664,401.078125
8303,265696,401.078125
8304,265728,401.078125
8305,265760,401.078125
8306,265792,401.078125
8307,265824,401.078125
8308,265856,401.078125
8309,265888,401.078125
8310,265920,401.078125
8311,265952,401.078125
8312,265984,401.078125
8313,266016,401.078125
8314,266048,401.078125
8315,266080,401.078125
8316,266112,401.078125
8317,266144,401.078125
8318,266176,401.078125
8319,266208,401.078125
8320,266240,401.078125
8321,266272,401.078125
8322,266304,401.078125
8323,266336,401.078125
8324,266368,401.078125
8325,266400,401.078125
8326,266432,401.078125
8327,266464,401.078125
8328,266496,401.078125
8329,266528,401.078125
8330,266560,401.078125
8331,266592,401.078125
8332,266624,401.078125
8333,266656,401.078125
8334,266688,401.078125
8335,266720,401.078125
8336,266752,401.078125
8337,266784,401.078125
8338,266816,401.078125
8339,266848,401.078125
8340,266880,401.078125
8341,266912,401.078125
8342,266944,401.078125
8343,266976,401.078125
8344,267008,401.078125
8345,267040,401.078125
8346,267072,401.078125
8347,267104,401.078125
8348,267136,401.078125
8349,267168,401.078125
8350,267200,401.078125
8351,267232,401.078125
8352,267264,401.078125
8353,267296,401.078125
8354,267328,401.078125
8355,267360,401.078125
8356,267392,401.078125
8357,267424,401.078125
8358,267456,401.078125
8359,267488,401.078125
8360,267520,401.078125
8361,267552,401.078125
8362,267584,401.078125
8363,267616,401.078125
8364,267648,401.078125
8365,267680,401.078125
8366,267712,401.078125
8367,267744,401.078125
8368,267776,401.078125
8369,267808,401.078125
8370,267840,401.078125
8371,267872,401.078125
8372,267904,401.078125
8373,267936,401.078125
8374,267968,401.078125
8375,268000,401.078125
8376,268032,401.078125
8377,268064,401.078125
8378,268096,401.078125
8379,268128,401.078125
8380,268160,401.078125
8381,268192,401.078125
8382,268224,401.078125
8383,268256,401.078125
8384,268288,401.078125
8385,268320,401.078125
8386,268352,401.078125
8387,268384,401.078125
8388,268416,401.078125
8389,268448,401.078125
8390,268480,401.078125
8391,268512,401.078125
8392,268544,401.078125
8393,268576,401.078125
8394,268608,401.078125
8395,268640,401.078125
8396,268672,401.078125
8397,268704,401.078125
8398,268736,401.078125
8399,268768,401.078125
8400,268800,401.078125
8401,268832,401.078125
8402,268864,401.078125
8403,268896,401.078125
8404,268928,401.078125
8405,268960,401.078125
8406,268992,401.078125
8407,269024,401.078125
8408,269056,401.078125
8409,269088,401.078125
8410,269120,401.078125
8411,269152,401.078125
8412,269184,401.078125
8413,269216,401.078125
8414,269248,401.078125
8415,269280,401.078125
8416,269312,401.078125
8417,269344,401.078125
8418,269376,401.078125
8419,269408,401.078125
8420,269440,401.078125
8421,269472,401.078125
8422,269504,401.078125
8423,269536,401.078125
8424,269568,401.078125
8425,269600,401.078125
8426,269632,401.078125
8427,269664,401.078125
8428,269696,401.078125
8429,269728,401.078125
8430,269760,401.078125
8431,269792,401.078125
8432,269824,401.078125
8433,269856,401.078125
8434,269888,401.078125
8435,269920,401.078125
8436,269952,401.078125
8437,269984,401.078125
8438,270016,401.078125
8439,270048,401.078125
8440,270080,401.078125
8441,270112,401.078125
8442,270144,401.078125
8443,270176,401.078125
8444,270208,401.078125
8445,270240,401.078125
8446,270272,401.078125
8447,270304,401.078125
8448,270336,401.078125
8449,270368,401.078125
8450,270400,401.078125
8451,270432,401.078125
8452,270464,401.078125
8453,270496,401.078125
8454,270528,401.078125
8455,270560,401.078125
8456,270592,401.078125
8457,270624,401.078125
8458,270656,401.078125
8459,270688,401.078125
8460,270720,401.078125
8461,270752,401.078125
8462,270784,401.078125
8463,270816,401.078125
8464,270848,401.078125
8465,270880,401.078125
8466,270912,401.078125
8467,270944,401.078125
8468,270976,401.078125
8469,271008,401.078125
8470,271040,401.078125
8471,271072,401.078125
8472,271104,401.078125
8473,271136,401.078125
8474,271168,401.078125
8475,271200,401.078125
8476,271232,401.078125
8477,271264,401.078125
8478,271296,401.078125
8479,271328,401.078125
8480,271360,401.078125
8481,271392,401.078125
8482,271424,401.078125
8483,271456,401.078125
8484,271488,401.078125
8485,271520,401.078125
8486,271552,401.078125
8487,271584,401.078125
8488,271616,401.078125
8489,271648,401.078125
8490,271680,401.078125
8491,271712,401.078125
8492,271744,401.078125
8493,271776,401.078125
8494,271808,401.078125
8495,271840,401.078125
8496,271872,401.078125
8497,271904,401.078125
8498,271936,401.078125
8499,271968,401.078125
8500,272000,401.078125
8501,272032,401.078125
8502,272064,401.078125
8503,272096,401.078125
8504,272128,401.078125
8505,272160,401.078125
8506,272192,401.078125
8507,272224,401.078125
8508,272256,401.078125
8509,272288,401.078125
8510,272320,401.078125
8511,272352,401.078125
8512,272384,401.078125
8513,272416,401.078125
8514,272448,401.078125
8515,272480,401.078125
8516,272512,401.078125
8517,272544,401.078125
8518,272576,401.078125
8519,272608,401.078125
8520,272640,401.078125
8521,272672,401.078125
8522,272704,401.078125
8523,272736,401.078125
8524,272768,401.078125
8525,272800,401.078125
8526,272832,401.078125
8527,272864,401.078125
8528,272896,401.078125
8529,272928,401.078125
8530,272960,401.078125
8531,272992,401.078125
8532,273024,401.078125
8533,273056,401.078125
8534,273088,401.078125
8535,273120,401.078125
8536,273152,401.078125
8537,273184,401.078125
8538,273216,401.078125
8539,273248,401.078125
8540,273280,401.078125
8541,273312,401.078125
8542,273344,401.078125
8543,273376,401.078125
8544,273408,401.078125
8545,273440,401.078125
8546,273472,401.078125
8547,273504,401.078125
8548,273536,401.078125
8549,273568,401.078125
8550,273600,401.078125
8551,273632,401.078125
8552,273664,401.078125
8553,273696,401.078125
8554,273728,401.078125
8555,273760,401.078125
8556,273792,401.078125
8557,273824,401.078125
8558,273856,401.078125
8559,273888,401.078125
8560,273920,401.078125
8561,273952,401.078125
8562,273984,401.078125
8563,274016,401.078125
8564,274048,401.078125
8565,274080,401.078125
8566,274112,401.078125
8567,274144,401.078125
8568,274176,401.078125
8569,274208,401.078125
8570,274240,401.078125
8571,274272,401.078125
8572,274304,401.078125
8573,274336,401.078125
8574,274368,401.078125
8575,274400,401.078125
8576,274432,401.078125
8577,274464,401.078125
8578,274496,401.078125
8579,274528,401.078125
8580,274560,401.078125
8581,274592,401.078125
8582,274624,401.078125
8583,274656,401.078125
8584,274688,401.078125
8585,274720,401.078125
8586,274752,401.078125
8587,274784,401.078125
8588,274816,401.078125
8589,274848,401.078125
8590,274880,401.078125
8591,274912,401.078125
8592,274944,401.078125
8593,274976,401.078125
8594,275008,401.078125
8595,275040,401.078125
8596,275072,401.078125
8597,275104,401.078125
8598,275136,401.078125
8599,275168,401.078125
8600,275200,401.078125
8601,275232,401.078125
8602,275264,401.078125
8603,275296,401.078125
8604,275328,401.078125
8605,275360,401.078125
8606,275392,401.078125
8607,275424,401.078125
8608,275456,401.078125
8609,275488,401.078125
8610,275520,401.078125
8611,275552,401.078125
8612,275584,401.078125
8613,275616,401.078125
8614,275648,401.078125
8615,275680,401.078125
8616,275712,401.078125
8617,275744,401.078125
8618,275776,401.078125
8619,275808,401.078125
8620,275840,401.078125
8621,275872,401.078125
8622,275904,401.078125
8623,275936,401.078125
8624,275968,401.078125
8625,276000,401.078125
8626,276032,401.078125
8627,276064,401.078125
8628,276096,401.078125
8629,276128,401.078125
8630,276160,401.078125
8631,276192,401.078125
8632,276224,401.078125
8633,276256,401.078125
8634,276288,401.078125
8635,276320,401.078125
8636,276352,401.078125
8637,276384,401.078125
8638,276416,401.078125
8639,276448,401.078125
8640,276480,401.078125
8641,276512,401.078125
8642,276544,401.078125
8643,276576,401.078125
8644,276608,401.078125
8645,276640,401.078125
8646,276672,401.078125
8647,276704,401.078125
8648,276736,401.078125
8649,276768,401.078125
8650,276800,401.078125
8651,276832,401.078125
8652,276864,401.078125
8653,276896,401.078125
8654,276928,401.078125
8655,276960,401.078125
8656,276992,401.078125
8657,277024,401.078125
8658,277056,401.078125
8659,277088,401.078125
8660,277120,401.078125
8661,277152,401.078125
8662,277184,401.078125
8663,277216,401.078125
8664,277248,401.078125
8665,277280,401.078125
8666,277312,401.078125
8667,277344,401.078125
8668,277376,401.078125
8669,277408,401.078125
8670,277440,401.078125
8671,277472,401.078125
8672,277504,401.078125
8673,277536,401.078125
8674,277568,401.078125
8675,277600,401.078125
8676,277632,401.078125
8677,277664,401.078125
8678,277696,401.078125
8679,277728,401.078125
8680,277760,401.078125
8681,277792,401.078125
8682,277824,401.078125
8683,277856,401.078125
8684,277888,401.078125
8685,277920,401.078125
8686,277952,401.078125
8687,277984,401.078125
8688,278016,401.078125
8689,278048,401.078125
8690,278080,401.078125
8691,278112,401.078125
8692,278144,401.078125
8693,278176,401.078125
8694,278208,401.078125
8695,278240,401.078125
8696,278272,401.078125
8697,278304,401.078125
8698,278336,401.078125
8699,278368,401.078125
8700,278400,401.078125
8701,278432,401.078125
8702,278464,401.078125
8703,278496,401.078125
8704,278528,401.078125
8705,278560,401.078125
8706,278592,401.078125
8707,278624,401.078125
8708,278656,401.078125
8709,278688,401.078125
8710,278720,401.078125
8711,278752,401.078125
8712,278784,401.078125
8713,278816,401.078125
8714,278848,401.078125
8715,278880,401.078125
8716,278912,401.078125
8717,278944,401.078125
8718,278976,401.078125
8719,279008,401.078125
8720,279040,401.078125
8721,279072,401.078125
8722,279104,401.078125
8723,279136,401.078125
8724,279168,401.078125
8725,279200,401.078125
8726,279232,401.078125
8727,279264,401.078125
8728,279296,401.078125
8729,279328,401.078125
8730,279360,401.078125
8731,279392,401.078125
8732,279424,401.078125
8733,279456,401.078125
8734,279488,401.078125
8735,279520,401.078125
8736,279552,401.078125
8737,279584,401.078125
8738,279616,401.078125
8739,279648,401.078125
8740,279680,401.078125
8741,279712,401.078125
8742,279744,401.078125
8743,279776,401.078125
8744,279808,401.078125
8745,279840,401.078125
8746,279872,401.078125
8747,279904,401.078125
8748,279936,401.078125
8749,279968,401.078125
8750,280000,401.078125
8751,280032,401.078125
8752,280064,401.078125
8753,280096,401.078125
8754,280128,401.078125
8755,280160,401.078125
8756,280192,401.078125
8757,280224,401.078125
8758,280256,401.078125
8759,280288,401.078125
8760,280320,401.078125
8761,280352,401.078125
8762,280384,401.078125
8763,280416,401.078125
8764,280448,401.078125
8765,280480,401.078125
8766,280512,401.078125
8767,280544,401.078125
8768,280576,401.078125
8769,280608,401.078125
8770,280640,401.078125
8771,280672,401.078125
8772,280704,401.078125
8773,280736,401.078125
8774,280768,401.078125
8775,280800,401.078125
8776,280832,401.078125
8777,280864,401.078125
8778,280896,401.078125
8779,280928,401.078125
8780,280960,401.078125
8781,280992,401.078125
8782,281024,401.078125
8783,281056,401.078125
8784,281088,401.078125
8785,281120,401.078125
8786,281152,401.078125
8787,281184,401.078125
8788,281216,401.078125
8789,281248,401.078125
8790,281280,401.078125
8791,281312,401.078125
8792,281344,401.078125
8793,281376,401.078125
8794,281408,401.078125
8795,281440,401.078125
8796,281472,401.078125
8797,281504,401.078125
8798,281536,401.078125
8799,281568,401.078125
8800,281600,401.078125
8801,281632,401.078125
8802,281664,401.078125
8803,281696,401.078125
8804,281728,401.078125
8805,281760,401.078125
8806,281792,401.078125
8807,281824,401.078125
8808,281856,401.078125
8809,281888,401.078125
8810,281920,401.078125
8811,281952,401.078125
8812,281984,401.078125
8813,282016,401.078125
8814,282048,401.078125
8815,282080,401.078125
8816,282112,401.078125
8817,282144,401.078125
8818,282176,401.078125
8819,282208,401.078125
8820,282240,401.078125
8821,282272,401.078125
8822,282304,401.078125
8823,282336,401.078125
8824,282368,401.078125
8825,282400,401.078125
8826,282432,401.078125
8827,282464,401.078125
8828,282496,401.078125
8829,282528,401.078125
8830,282560,401.078125
8831,282592,401.078125
8832,282624,401.078125
8833,282656,401.078125
8834,282688,401.078125
8835,282720,401.078125
8836,282752,401.078125
8837,282784,401.078125
8838,282816,401.078125
8839,282848,401.078125
8840,282880,401.078125
8841,282912,401.078125
8842,282944,401.078125
8843,282976,401.078125
8844,283008,401.078125
8845,283040,401.078125
8846,283072,401.078125
8847,283104,401.078125
8848,283136,401.078125
8849,283168,401.078125
8850,283200,401.078125
8851,283232,401.078125
8852,283264,401.078125
8853,283296,401.078125
8854,283328,401.078125
8855,283360,401.078125
8856,283392,401.078125
8857,283424,401.078125
8858,283456,401.078125
8859,283488,401.078125
8860,283520,401.078125
8861,283552,401.078125
8862,283584,401.078125
8863,283616,401.078125
8864,283648,401.078125
8865,283680,401.078125
8866,283712,401.078125
8867,283744,401.078125
8868,283776,401.078125
8869,283808,401.078125
8870,283840,401.078125
8871,283872,401.078125
8872,283904,401.078125
8873,283936,401.078125
8874,283968,401.078125
8875,284000,401.078125
8876,284032,401.078125
8877,284064,401.078125
8878,284096,401.078125
8879,284128,401.078125
8880,284160,401.078125
8881,284192,401.078125
8882,284224,401.078125
8883,284256,401.078125
8884,284288,401.078125
8885,284320,401.078125
8886,284352,401.078125
8887,284384,401.078125
8888,284416,401.078125
8889,284448,401.078125
8890,284480,401.078125
8891,284512,401.078125
8892,284544,401.078125
8893,284576,401.078125
8894,284608,401.078125
8895,284640,401.078125
8896,284672,401.078125
8897,284704,401.078125
8898,284736,401.078125
8899,284768,401.078125
8900,284800,401.078125
8901,284832,401.078125
8902,284864,401.078125
8903,284896,401.078125
8904,284928,401.078125
8905,284960,401.078125
8906,284992,401.078125
8907,285024,401.078125
8908,285056,401.078125
8909,285088,401.078125
8910,285120,401.078125
8911,285152,401.078125
8912,285184,401.078125
8913,285216,401.078125
8914,285248,401.078125
8915,285280,401.078125
8916,285312,401.078125
8917,285344,401.078125
8918,285376,401.078125
8919,285408,401.078125
8920,285440,401.078125
8921,285472,401.078125
8922,285504,401.078125
8923,285536,401.078125
8924,285568,401.078125
8925,285600,401.078125
8926,285632,401.078125
8927,285664,401.078125
8928,285696,401.078125
8929,285728,401.078125
8930,285760,401.078125
8931,285792,401.078125
8932,285824,401.078125
8933,285856,401.078125
8934,285888,401.078125
8935,285920,401.078125
8936,285952,401.078125
8937,285984,401.078125
8938,286016,401.078125
8939,286048,401.078125
8940,286080,401.078125
8941,286112,401.078125
8942,286144,401.078125
8943,286176,401.078125
8944,286208,401.078125
8945,286240,401.078125
8946,286272,401.078125
8947,286304,401.078125
8948,286336,401.078125
8949,286368,401.078125
8950,286400,401.078125
8951,286432,401.078125
8952,286464,401.078125
8953,286496,401.078125
8954,286528,401.078125
8955,286560,401.078125
8956,286592,401.078125
8957,286624,401.078125
8958,286656,401.078125
8959,286688,401.078125
8960,286720,401.078125
8961,286752,401.078125
8962,286784,401.078125
8963,286816,401.078125
8964,286848,401.078125
8965,286880,401.078125
8966,286912,401.078125
8967,286944,401.078125
8968,286976,401.078125
8969,287008,401.078125
8970,287040,401.078125
8971,287072,401.078125
8972,287104,401.078125
8973,287136,401.078125
8974,287168,401.078125
8975,287200,401.078125
8976,287232,401.078125
8977,287264,401.078125
8978,287296,401.078125
8979,287328,401.078125
8980,287360,401.078125
8981,287392,401.078125
8982,287424,401.078125
8983,287456,401.078125
8984,287488,401.078125
8985,287520,401.078125
8986,287552,401.078125
8987,287584,401.078125
8988,287616,401.078125
8989,287648,401.078125
8990,287680,401.078125
8991,287712,401.078125
8992,287744,401.078125
8993,287776,401.078125
8994,287808,401.078125
8995,287840,401.078125
8996,287872,401.078125
8997,287904,401.078125
8998,287936,401.078125
8999,287968,401.078125
9000,288000,401.078125
9001,288032,401.078125
9002,288064,401.078125
9003,288096,401.078125
9004,288128,401.078125
9005,288160,401.078125
9006,288192,401.078125
9007,288224,401.078125
9008,288256,401.078125
9009,288288,401.078125
9010,288320,401.078125
9011,288352,401.078125
9012,288384,401.078125
9013,288416,401.078125
9014,288448,401.078125
9015,288480,401.078125
9016,288512,401.078125
9017,288544,401.078125
9018,288576,401.078125
9019,288608,401.078125
9020,288640,401.078125
9021,288672,401.078125
9022,288704,401.078125
9023,288736,401.078125
9024,288768,401.078125
9025,288800,401.078125
9026,288832,401.078125
9027,288864,401.078125
9028,288896,401.078125
9029,288928,401.078125
9030,288960,401.078125
9031,288992,401.078125
9032,289024,401.078125
9033,289056,401.078125
9034,289088,401.078125
9035,289120,401.078125
9036,289152,401.078125
9037,289184,401.078125
9038,289216,401.078125
9039,289248,401.078125
9040,289280,401.078125
9041,289312,401.078125
9042,289344,401.078125
9043,289376,401.078125
9044,289408,401.078125
9045,289440,401.078125
9046,289472,401.078125
9047,289504,401.078125
9048,289536,401.078125
9049,289568,401.078125
9050,289600,401.078125
9051,289632,401.078125
9052,289664,401.078125
9053,289696,401.078125
9054,289728,401.078125
9055,289760,401.078125
9056,289792,401.078125
9057,289824,401.078125
9058,289856,401.078125
9059,289888,401.078125
9060,289920,401.078125
9061,289952,401.078125
9062,289984,401.078125
9063,290016,401.078125
9064,290048,401.078125
9065,290080,401.078125
9066,290112,401.078125
9067,290144,401.078125
9068,290176,401.078125
9069,290208,401.078125
9070,290240,401.078125
9071,290272,401.078125
9072,290304,401.078125
9073,290336,401.078125
9074,290368,401.078125
9075,290400,401.078125
9076,290432,401.078125
9077,290464,401.078125
9078,290496,401.078125
9079,290528,401.078125
9080,290560,401.078125
9081,290592,401.078125
9082,290624,401.078125
9083,290656,401.078125
9084,290688,401.078125
9085,290720,401.078125
9086,290752,401.078125
9087,290784,401.078125
9088,290816,401.078125
9089,290848,401.078125
9090,290880,401.078125
9091,290912,401.078125
9092,290944,401.078125
9093,290976,401.078125
9094,291008,401.078125
9095,291040,401.078125
9096,291072,401.078125
9097,291104,401.078125
9098,291136,401.078125
9099,291168,401.078125
9100,291200,401.078125
9101,291232,401.078125
9102,291264,401.078125
9103,291296,401.078125
9104,291328,401.078125
9105,291360,401.078125
9106,291392,401.078125
9107,291424,401.078125
9108,291456,401.078125
9109,291488,401.078125
9110,291520,401.078125
9111,291552,401.078125
9112,291584,401.078125
9113,291616,401.078125
9114,291648,401.078125
9115,291680,401.078125
9116,291712,401.078125
9117,291744,401.078125
9118,291776,401.078125
9119,291808,401.078125
9120,291840,401.078125
9121,291872,401.078125
9122,291904,401.078125
9123,291936,401.078125
9124,291968,401.078125
9125,292000,401.078125
9126,292032,401.078125
9127,292064,401.078125
9128,292096,401.078125
9129,292128,401.078125
9130,292160,401.078125
9131,292192,401.078125
9132,292224,401.078125
9133,292256,401.078125
9134,292288,401.078125
9135,292320,401.078125
9136,292352,401.078125
9137,292384,401.078125
9138,292416,401.078125
9139,292448,401.078125
9140,292480,401.078125
9141,292512,401.078125
9142,292544,401.078125
9143,292576,401.078125
9144,292608,401.078125
9145,292640,401.078125
9146,292672,401.078125
9147,292704,401.078125
9148,292736,401.078125
9149,292768,401.078125
9150,292800,401.078125
9151,292832,401.078125
9152,292864,401.078125
9153,292896,401.078125
9154,292928,401.078125
9155,292960,401.078125
9156,292992,401.078125
9157,293024,401.078125
9158,293056,401.078125
9159,293088,401.078125
9160,293120,401.078125
9161,293152,401.078125
9162,293184,401.078125
9163,293216,401.078125
9164,293248,401.08203125
9165,293280,401.08203125
9166,293312,401.08203125
9167,293344,401.08203125
9168,293376,401.08203125
9169,293408,401.08203125
9170,293440,401.08203125
9171,293472,401.08203125
9172,293504,401.08203125
9173,293536,401.08203125
9174,293568,401.08203125
9175,293600,401.08203125
9176,293632,401.08203125
9177,293664,401.08203125
9178,293696,401.08203125
9179,293728,401.08203125
9180,293760,401.08203125
9181,293792,401.08203125
9182,293824,401.08203125
9183,293856,401.08203125
9184,293888,401.08203125
9185,293920,401.08203125
9186,293952,401.08203125
9187,293984,401.08203125
9188,294016,401.08203125
9189,294048,401.08203125
9190,294080,401.08203125
9191,294112,401.08203125
9192,294144,401.08203125
9193,294176,401.08203125
9194,294208,401.08203125
9195,294240,401.08203125
9196,294272,401.08203125
9197,294304,401.08203125
9198,294336,401.08203125
9199,294368,401.08203125
9200,294400,401.08203125
9201,294432,401.08203125
9202,294464,401.08203125
9203,294496,401.08203125
9204,294528,401.08203125
9205,294560,401.08203125
9206,294592,401.08203125
9207,294624,401.08203125
9208,294656,401.08203125
9209,294688,401.08203125
9210,294720,401.08203125
9211,294752,401.08203125
9212,294784,401.08203125
9213,294816,401.08203125
9214,294848,401.08203125
9215,294880,401.08203125
9216,294912,401.08203125
9217,294944,401.08203125
9218,294976,401.08203125
9219,295008,401.08203125
9220,295040,401.08203125
9221,295072,401.08203125
9222,295104,401.08203125
9223,295136,401.08203125
9224,295168,401.08203125
9225,295200,401.08203125
9226,295232,401.08203125
9227,295264,401.0859375
9228,295296,401.0859375
9229,295328,401.0859375
9230,295360,401.0859375
9231,295392,401.0859375
9232,295424,401.0859375
9233,295456,401.0859375
9234,295488,401.0859375
9235,295520,401.0859375
9236,295552,401.0859375
9237,295584,401.0859375
9238,295616,401.0859375
9239,295648,401.0859375
9240,295680,401.0859375
9241,295712,401.0859375
9242,295744,401.0859375
9243,295776,401.0859375
9244,295808,401.0859375
9245,295840,401.0859375
9246,295872,401.0859375
9247,295904,401.0859375
9248,295936,401.0859375
9249,295968,401.0859375
9250,296000,401.0859375
9251,296032,401.0859375
9252,296064,401.0859375
9253,296096,401.0859375
9254,296128,401.0859375
9255,296160,401.0859375
9256,296192,401.0859375
9257,296224,401.0859375
9258,296256,401.0859375
9259,296288,401.0859375
9260,296320,401.0859375
9261,296352,401.0859375
9262,296384,401.0859375
9263,296416,401.0859375
9264,296448,401.0859375
9265,296480,401.0859375
9266,296512,401.0859375
9267,296544,401.0859375
9268,296576,401.0859375
9269,296608,401.0859375
9270,296640,401.0859375
9271,296672,401.0859375
9272,296704,401.0859375
9273,296736,401.0859375
9274,296768,401.0859375
9275,296800,401.0859375
9276,296832,401.0859375
9277,296864,401.0859375
9278,296896,401.0859375
9279,296928,401.0859375
9280,296960,401.0859375
9281,296992,401.0859375
9282,297024,401.0859375
9283,297056,401.0859375
9284,297088,401.0859375
9285,297120,401.0859375
9286,297152,401.0859375
9287,297184,401.0859375
9288,297216,401.0859375
9289,297248,401.0859375
9290,297280,401.0859375
9291,297312,401.08984375
9292,297344,401.08984375
9293,297376,401.08984375
9294,297408,401.08984375
9295,297440,401.08984375
9296,297472,401.08984375
9297,297504,401.08984375
9298,297536,401.08984375
9299,297568,401.08984375
9300,297600,401.08984375
9301,297632,401.08984375
9302,297664,401.08984375
9303,297696,401.08984375
9304,297728,401.08984375
9305,297760,401.08984375
9306,297792,401.08984375
9307,297824,401.08984375
9308,297856,401.08984375
9309,297888,401.08984375
9310,297920,401.08984375
9311,297952,401.08984375
9312,297984,401.08984375
9313,298016,401.08984375
9314,298048,401.08984375
9315,298080,401.08984375
9316,298112,401.08984375
9317,298144,401.08984375
9318,298176,401.08984375
9319,298208,401.08984375
9320,298240,401.08984375
9321,298272,401.08984375
9322,298304,401.08984375
9323,298336,401.08984375
9324,298368,401.08984375
9325,298400,401.08984375
9326,298432,401.08984375
9327,298464,401.08984375
9328,298496,401.08984375
9329,298528,401.08984375
9330,298560,401.08984375
9331,298592,401.08984375
9332,298624,401.08984375
9333,298656,401.08984375
9334,298688,401.08984375
9335,298720,401.08984375
9336,298752,401.08984375
9337,298784,401.08984375
9338,298816,401.08984375
9339,298848,401.08984375
9340,298880,401.08984375
9341,298912,401.08984375
9342,298944,401.08984375
9343,298976,401.08984375
9344,299008,401.08984375
9345,299040,401.08984375
9346,299072,401.08984375
9347,299104,401.08984375
9348,299136,401.08984375
9349,299168,401.08984375
9350,299200,401.08984375
9351,299232,401.08984375
9352,299264,401.08984375
9353,299296,401.08984375
9354,299328,401.08984375
9355,299360,401.09375
9356,299392,401.09375
9357,299424,401.09375
9358,299456,401.09375
9359,299488,401.09375
9360,299520,401.09375
9361,299552,401.09375
9362,299584,401.09375
9363,299616,401.09375
9364,299648,401.09375
9365,299680,401.09375
9366,299712,401.09375
9367,299744,401.09375
9368,299776,401.09375
9369,299808,401.09375
9370,299840,401.09375
9371,299872,401.09375
9372,299904,401.09375
9373,299936,401.09375
9374,299968,401.09375
9375,300000,401.09375
9376,300032,401.09375
9377,300064,401.09375
9378,300096,401.09375
9379,300128,401.09375
9380,300160,401.09375
9381,300192,401.09375
9382,300224,401.09375
9383,300256,401.09375
9384,300288,401.09375
9385,300320,401.09375
9386,300352,401.09375
9387,300384,401.09375
9388,300416,401.09375
9389,300448,401.09375
9390,300480,401.09375
9391,300512,401.09375
9392,300544,401.09375
9393,300576,401.09375
9394,300608,401.09375
9395,300640,401.09375
9396,300672,401.09375
9397,300704,401.09375
9398,300736,401.09375
9399,300768,401.09375
9400,300800,401.09375
9401,300832,401.09375
9402,300864,401.09375
9403,300896,401.09375
9404,300928,401.09375
9405,300960,401.09375
9406,300992,401.09375
9407,301024,401.09375
9408,301056,401.09375
9409,301088,401.09375
9410,301120,401.09375
9411,301152,401.09375
9412,301184,401.09375
9413,301216,401.09375
9414,301248,401.09375
9415,301280,401.09375
9416,301312,401.09375
9417,301344,401.09375
9418,301376,401.09375
9419,301408,401.09765625
9420,301440,401.09765625
9421,301472,401.09765625
9422,301504,401.09765625
9423,301536,401.09765625
9424,301568,401.09765625
9425,301600,401.09765625
9426,301632,401.09765625
9427,301664,401.09765625
9428,301696,401.09765625
9429,301728,401.09765625
9430,301760,401.09765625
9431,301792,401.09765625
9432,301824,401.09765625
9433,301856,401.09765625
9434,301888,401.09765625
9435,301920,401.09765625
9436,301952,401.09765625
9437,301984,401.09765625
9438,302016,401.09765625
9439,302048,401.09765625
9440,302080,401.09765625
9441,302112,401.09765625
9442,302144,401.09765625
9443,302176,401.09765625
9444,302208,401.09765625
9445,302240,401.09765625
9446,302272,401.09765625
9447,302304,401.09765625
9448,302336,401.09765625
9449,302368,401.09765625
9450,302400,401.09765625
9451,302432,401.09765625
9452,302464,401.09765625
9453,302496,401.09765625
9454,302528,401.09765625
9455,302560,401.09765625
9456,302592,401.09765625
9457,302624,401.09765625
9458,302656,401.09765625
9459,302688,401.09765625
9460,302720,401.09765625
9461,302752,401.09765625
9462,302784,401.09765625
9463,302816,401.09765625
9464,302848,401.09765625
9465,302880,401.09765625
9466,302912,401.09765625
9467,302944,401.09765625
9468,302976,401.09765625
9469,303008,401.09765625
9470,303040,401.09765625
9471,303072,401.09765625
9472,303104,401.09765625
9473,303136,401.09765625
9474,303168,401.09765625
9475,303200,401.09765625
9476,303232,401.09765625
9477,303264,401.09765625
9478,303296,401.09765625
9479,303328,401.09765625
9480,303360,401.09765625
9481,303392,401.09765625
9482,303424,401.1015625
9483,303456,401.1015625
9484,303488,401.1015625
9485,303520,401.1015625
9486,303552,401.1015625
9487,303584,401.1015625
9488,303616,401.1015625
9489,303648,401.1015625
9490,303680,401.1015625
9491,303712,401.1015625
9492,303744,401.1015625
9493,303776,401.1015625
9494,303808,401.1015625
9495,303840,401.1015625
9496,303872,401.1015625
9497,303904,401.1015625
9498,303936,401.1015625
9499,303968,401.1015625
9500,304000,401.1015625
9501,304032,401.1015625
9502,304064,401.1015625
9503,304096,401.1015625
9504,304128,401.1015625
9505,304160,401.1015625
9506,304192,401.1015625
9507,304224,401.1015625
9508,304256,401.1015625
9509,304288,401.1015625
9510,304320,401.1015625
9511,304352,401.1015625
9512,304384,401.1015625
9513,304416,401.1015625
9514,304448,401.1015625
9515,304480,401.1015625
9516,304512,401.1015625
9517,304544,401.1015625
9518,304576,401.1015625
9519,304608,401.1015625
9520,304640,401.1015625
9521,304672,401.1015625
9522,304704,401.1015625
9523,304736,401.1015625
9524,304768,401.1015625
9525,304800,401.1015625
9526,304832,401.1015625
9527,304864,401.1015625
9528,304896,401.1015625
9529,304928,401.1015625
9530,304960,401.1015625
9531,304992,401.1015625
9532,305024,401.1015625
9533,305056,401.1015625
9534,305088,401.1015625
9535,305120,401.1015625
9536,305152,401.1015625
9537,305184,401.1015625
9538,305216,401.1015625
9539,305248,401.1015625
9540,305280,401.1015625
9541,305312,401.1015625
9542,305344,401.1015625
9543,305376,401.1015625
9544,305408,401.1015625
9545,305440,401.1015625
9546,305472,401.10546875
9547,305504,401.10546875
9548,305536,401.10546875
9549,305568,401.10546875
9550,305600,401.10546875
9551,305632,401.10546875
9552,305664,401.10546875
9553,305696,401.10546875
9554,305728,401.10546875
9555,305760,401.10546875
9556,305792,401.10546875
9557,305824,401.10546875
9558,305856,401.10546875
9559,305888,401.10546875
9560,305920,401.10546875
9561,305952,401.10546875
9562,305984,401.10546875
9563,306016,401.10546875
9564,306048,401.10546875
9565,306080,401.10546875
9566,306112,401.10546875
9567,306144,401.10546875
9568,306176,401.10546875
9569,306208,401.10546875
9570,306240,401.10546875
9571,306272,401.10546875
9572,306304,401.10546875
9573,306336,401.10546875
9574,306368,401.10546875
9575,306400,401.10546875
9576,306432,401.10546875
9577,306464,401.10546875
9578,306496,401.10546875
9579,306528,401.10546875
9580,306560,401.10546875
9581,306592,401.10546875
9582,306624,401.10546875
9583,306656,401.10546875
9584,306688,401.10546875
9585,306720,401.10546875
9586,306752,401.10546875
9587,306784,401.10546875
9588,306816,401.10546875
9589,306848,401.10546875
9590,306880,401.10546875
9591,306912,401.10546875
9592,306944,401.10546875
9593,306976,401.10546875
9594,307008,401.10546875
9595,307040,401.10546875
9596,307072,401.10546875
9597,307104,401.10546875
9598,307136,401.10546875
9599,307168,401.10546875
9600,307200,401.10546875
9601,307232,401.10546875
9602,307264,401.10546875
9603,307296,401.10546875
9604,307328,401.10546875
9605,307360,401.10546875
9606,307392,401.10546875
9607,307424,401.10546875
9608,307456,401.10546875
9609,307488,401.10546875
9610,307520,401.109375
9611,307552,401.109375
9612,307584,401.109375
9613,307616,401.109375
9614,307648,401.109375
9615,307680,401.109375
9616,307712,401.109375
9617,307744,401.109375
9618,307776,401.109375
9619,307808,401.109375
9620,307840,401.109375
9621,307872,401.109375
9622,307904,401.109375
9623,307936,401.109375
9624,307968,401.109375
9625,308000,401.109375
9626,308032,401.109375
9627,308064,401.109375
9628,308096,401.109375
9629,308128,401.109375
9630,308160,401.109375
9631,308192,401.109375
9632,308224,401.109375
9633,308256,401.109375
9634,308288,401.109375
9635,308320,401.109375
9636,308352,401.109375
9637,308384,401.109375
9638,308416,401.109375
9639,308448,401.109375
9640,308480,401.109375
9641,308512,401.109375
9642,308544,401.109375
9643,308576,401.109375
9644,308608,401.109375
9645,308640,401.109375
9646,308672,401.109375
9647,308704,401.109375
9648,308736,401.109375
9649,308768,401.109375
9650,308800,401.109375
9651,308832,401.109375
9652,308864,401.109375
9653,308896,401.109375
9654,308928,401.109375
9655,308960,401.109375
9656,308992,401.109375
9657,309024,401.109375
9658,309056,401.109375
9659,309088,401.109375
9660,309120,401.109375
9661,309152,401.109375
9662,309184,401.109375
9663,309216,401.109375
9664,309248,401.109375
9665,309280,401.109375
9666,309312,401.109375
9667,309344,401.109375
9668,309376,401.109375
9669,309408,401.109375
9670,309440,401.109375
9671,309472,401.109375
9672,309504,401.109375
9673,309536,401.109375
9674,309568,401.11328125
9675,309600,401.11328125
9676,309632,401.11328125
9677,309664,401.11328125
9678,309696,401.11328125
9679,309728,401.11328125
9680,309760,401.11328125
9681,309792,401.11328125
9682,309824,401.11328125
9683,309856,401.11328125
9684,309888,401.11328125
9685,309920,401.11328125
9686,309952,401.11328125
9687,309984,401.11328125
9688,310016,401.11328125
9689,310048,401.11328125
9690,310080,401.11328125
9691,310112,401.11328125
9692,310144,401.11328125
9693,310176,401.11328125
9694,310208,401.11328125
9695,310240,401.11328125
9696,310272,401.11328125
9697,310304,401.11328125
9698,310336,401.11328125
9699,310368,401.11328125
9700,310400,401.11328125
9701,310432,401.11328125
9702,310464,401.11328125
9703,310496,401.11328125
9704,310528,401.11328125
9705,310560,401.11328125
9706,310592,401.11328125
9707,310624,401.11328125
9708,310656,401.11328125
9709,310688,401.11328125
9710,310720,401.11328125
9711,310752,401.11328125
9712,310784,401.11328125
9713,310816,401.11328125
9714,310848,401.11328125
9715,310880,401.11328125
9716,310912,401.11328125
9717,310944,401.11328125
9718,310976,401.11328125
9719,311008,401.11328125
9720,311040,401.11328125
9721,311072,401.11328125
9722,311104,401.11328125
9723,311136,401.11328125
9724,311168,401.11328125
9725,311200,401.11328125
9726,311232,401.11328125
9727,311264,401.11328125
9728,311296,401.11328125
9729,311328,401.11328125
9730,311360,401.11328125
9731,311392,401.11328125
9732,311424,401.11328125
9733,311456,401.11328125
9734,311488,401.11328125
9735,311520,401.11328125
9736,311552,401.11328125
9737,311584,401.1171875
9738,311616,401.1171875
9739,311648,401.1171875
9740,311680,401.1171875
9741,311712,401.1171875
9742,311744,401.1171875
9743,311776,401.1171875
9744,311808,401.1171875
9745,311840,401.1171875
9746,311872,401.1171875
9747,311904,401.1171875
9748,311936,401.1171875
9749,311968,401.1171875
9750,312000,401.1171875
9751,312032,401.1171875
9752,312064,401.1171875
9753,312096,401.1171875
9754,312128,401.1171875
9755,312160,401.1171875
9756,312192,401.1171875
9757,312224,401.1171875
9758,312256,401.1171875
9759,312288,401.1171875
9760,312320,401.1171875
9761,312352,401.1171875
9762,312384,401.1171875
9763,312416,401.1171875
9764,312448,401.1171875
9765,312480,401.1171875
9766,312512,401.1171875
9767,312544,401.1171875
9768,312576,401.1171875
9769,312608,401.1171875
9770,312640,401.1171875
9771,312672,401.1171875
9772,312704,401.1171875
9773,312736,401.1171875
9774,312768,401.1171875
9775,312800,401.1171875
9776,312832,401.1171875
9777,312864,401.1171875
9778,312896,401.1171875
9779,312928,401.1171875
9780,312960,401.1171875
9781,312992,401.1171875
9782,313024,401.1171875
9783,313056,401.1171875
9784,313088,401.1171875
9785,313120,401.1171875
9786,313152,401.1171875
9787,313184,401.1171875
9788,313216,401.1171875
9789,313248,401.1171875
9790,313280,401.1171875
9791,313312,401.1171875
9792,313344,401.1171875
9793,313376,401.1171875
9794,313408,401.1171875
9795,313440,401.1171875
9796,313472,401.1171875
9797,313504,401.1171875
9798,313536,401.1171875
9799,313568,401.1171875
9800,313600,401.1171875
9801,313632,401.12109375
9802,313664,401.12109375
9803,313696,401.12109375
9804,313728,401.12109375
9805,313760,401.12109375
9806,313792,401.12109375
9807,313824,401.12109375
9808,313856,401.12109375
9809,313888,401.12109375
9810,313920,401.12109375
9811,313952,401.12109375
9812,313984,401.12109375
9813,314016,401.12109375
9814,314048,401.12109375
9815,314080,401.12109375
9816,314112,401.12109375
9817,314144,401.12109375
9818,314176,401.12109375
9819,314208,401.12109375
9820,314240,401.12109375
9821,314272,401.12109375
9822,314304,401.12109375
9823,314336,401.12109375
9824,314368,401.12109375
9825,314400,401.12109375
9826,314432,401.12109375
9827,314464,401.12109375
9828,314496,401.12109375
9829,314528,401.12109375
9830,314560,401.12109375
9831,314592,401.12109375
9832,314624,401.12109375
9833,314656,401.12109375
9834,314688,401.12109375
9835,314720,401.12109375
9836,314752,401.12109375
9837,314784,401.12109375
9838,314816,401.12109375
9839,314848,401.12109375
9840,314880,401.12109375
9841,314912,401.12109375
9842,314944,401.12109375
9843,314976,401.12109375
9844,315008,401.12109375
9845,315040,401.12109375
9846,315072,401.12109375
9847,315104,401.12109375
9848,315136,401.12109375
9849,315168,401.12109375
9850,315200,401.12109375
9851,315232,401.12109375
9852,315264,401.12109375
9853,315296,401.12109375
9854,315328,401.12109375
9855,315360,401.12109375
9856,315392,401.12109375
9857,315424,401.12109375
9858,315456,401.12109375
9859,315488,401.12109375
9860,315520,401.12109375
9861,315552,401.12109375
9862,315584,401.12109375
9863,315616,401.12109375
9864,315648,401.12109375
9865,315680,401.125
9866,315712,401.125
9867,315744,401.125
9868,315776,401.125
9869,315808,401.125
9870,315840,401.125
9871,315872,401.125
9872,315904,401.125
9873,315936,401.125
9874,315968,401.125
9875,316000,401.125
9876,316032,401.125
9877,316064,401.125
9878,316096,401.125
9879,316128,401.125
9880,316160,401.125
9881,316192,401.125
9882,316224,401.125
9883,316256,401.125
9884,316288,401.125
9885,316320,401.125
9886,316352,401.125
9887,316384,401.125
9888,316416,401.125
9889,316448,401.125
9890,316480,401.125
9891,316512,401.125
9892,316544,401.125
9893,316576,401.125
9894,316608,401.125
9895,316640,401.125
9896,316672,401.125
9897,316704,401.125
9898,316736,401.125
9899,316768,401.125
9900,316800,401.125
9901,316832,401.125
9902,316864,401.125
9903,316896,401.125
9904,316928,401.125
9905,316960,401.125
9906,316992,401.125
9907,317024,401.125
9908,317056,401.125
9909,317088,401.125
9910,317120,401.125
9911,317152,401.125
9912,317184,401.125
9913,317216,401.125
9914,317248,401.125
9915,317280,401.125
9916,317312,401.125
9917,317344,401.125
9918,317376,401.125
9919,317408,401.125
9920,317440,401.125
9921,317472,401.125
9922,317504,401.125
9923,317536,401.125
9924,317568,401.125
9925,317600,401.125
9926,317632,401.125
9927,317664,401.125
9928,317696,401.125
9929,317728,401.12890625
9930,317760,401.12890625
9931,317792,401.12890625
9932,317824,401.12890625
9933,317856,401.12890625
9934,317888,401.12890625
9935,317920,401.12890625
9936,317952,401.12890625
9937,317984,401.12890625
9938,318016,401.12890625
9939,318048,401.12890625
9940,318080,401.12890625
9941,318112,401.12890625
9942,318144,401.12890625
9943,318176,401.12890625
9944,318208,401.12890625
9945,318240,401.12890625
9946,318272,401.12890625
9947,318304,401.12890625
9948,318336,401.12890625
9949,318368,401.12890625
9950,318400,401.12890625
9951,318432,401.12890625
9952,318464,401.12890625
9953,318496,401.12890625
9954,318528,401.12890625
9955,318560,401.12890625
9956,318592,401.12890625
9957,318624,401.12890625
9958,318656,401.12890625
9959,318688,401.12890625
9960,318720,401.12890625
9961,318752,401.12890625
9962,318784,401.12890625
9963,318816,401.12890625
9964,318848,401.12890625
9965,318880,401.12890625
9966,318912,401.12890625
9967,318944,401.12890625
9968,318976,401.12890625
9969,319008,401.12890625
9970,319040,401.12890625
9971,319072,401.12890625
9972,319104,401.12890625
9973,319136,401.12890625
9974,319168,401.12890625
9975,319200,401.12890625
9976,319232,401.12890625
9977,319264,401.12890625
9978,319296,401.12890625
9979,319328,401.12890625
9980,319360,401.12890625
9981,319392,401.12890625
9982,319424,401.12890625
9983,319456,401.12890625
9984,319488,401.12890625
9985,319520,401.12890625
9986,319552,401.12890625
9987,319584,401.12890625
9988,319616,401.12890625
9989,319648,401.12890625
9990,319680,401.12890625
9991,319712,401.12890625
9992,319744,401.1328125
9993,319776,401.1328125
9994,319808,401.1328125
9995,319840,401.1328125
9996,319872,401.1328125
9997,319904,401.1328125
9998,319936,401.1328125
9999,319968,401.1328125
10000,320000,401.1328125
10001,320032,401.1328125
10002,320064,401.1328125
10003,320096,401.1328125
10004,320128,401.1328125
10005,320160,401.1328125
10006,320192,401.1328125
10007,320224,401.1328125
10008,320256,401.1328125
10009,320288,401.1328125
10010,320320,401.1328125
10011,320352,401.1328125
10012,320384,401.1328125
10013,320416,401.1328125
10014,320448,401.1328125
10015,320480,401.1328125
10016,320512,401.1328125
10017,320544,401.1328125
10018,320576,401.1328125
10019,320608,401.1328125
10020,320640,401.1328125
10021,320672,401.1328125
10022,320704,401.1328125
10023,320736,401.1328125
10024,320768,401.1328125
10025,320800,401.1328125
10026,320832,401.1328125
10027,320864,401.1328125
10028,320896,401.1328125
10029,320928,401.1328125
10030,320960,401.1328125
10031,320992,401.1328125
10032,321024,401.1328125
10033,321056,401.1328125
10034,321088,401.1328125
10035,321120,401.1328125
10036,321152,401.1328125
10037,321184,401.1328125
10038,321216,401.1328125
10039,321248,401.1328125
10040,321280,401.1328125
10041,321312,401.1328125
10042,321344,401.1328125
10043,321376,401.1328125
10044,321408,401.1328125
10045,321440,401.1328125
10046,321472,401.1328125
10047,321504,401.1328125
10048,321536,401.1328125
10049,321568,401.1328125
10050,321600,401.1328125
10051,321632,401.1328125
10052,321664,401.1328125
10053,321696,401.1328125
10054,321728,401.1328125
10055,321760,401.1328125
10056,321792,401.13671875
10057,321824,401.13671875
10058,321856,401.13671875
10059,321888,401.13671875
10060,321920,401.140625
10061,321952,401.140625
10062,321984,401.140625
10063,322016,401.140625
10064,322048,401.140625
10065,322080,401.140625
10066,322112,401.140625
10067,322144,401.140625
10068,322176,401.140625
10069,322208,401.140625
10070,322240,401.140625
10071,322272,401.140625
10072,322304,401.140625
10073,322336,401.140625
10074,322368,401.140625
10075,322400,401.140625
10076,322432,401.140625
10077,322464,401.140625
10078,322496,401.140625
10079,322528,401.140625
10080,322560,401.140625
10081,322592,401.140625
10082,322624,401.140625
10083,322656,401.140625
10084,322688,401.140625
10085,322720,401.140625
10086,322752,401.140625
10087,322784,401.140625
10088,322816,401.140625
10089,322848,401.140625
10090,322880,401.140625
10091,322912,401.140625
10092,322944,401.140625
10093,322976,401.140625
10094,323008,401.140625
10095,323040,401.140625
10096,323072,401.140625
10097,323104,401.140625
10098,323136,401.140625
10099,323168,401.140625
10100,323200,401.140625
10101,323232,401.140625
10102,323264,401.140625
10103,323296,401.140625
10104,323328,401.140625
10105,323360,401.140625
10106,323392,401.140625
10107,323424,401.140625
10108,323456,401.140625
10109,323488,401.140625
10110,323520,401.140625
10111,323552,401.140625
10112,323584,401.140625
10113,323616,401.140625
10114,323648,401.140625
10115,323680,401.140625
10116,323712,401.140625
10117,323744,401.140625
10118,323776,401.140625
10119,323808,401.140625
10120,323840,401.14453125
10121,323872,401.14453125
10122,323904,401.14453125
10123,323936,401.14453125
10124,323968,401.14453125
10125,324000,401.14453125
10126,324032,401.14453125
10127,324064,401.14453125
10128,324096,401.14453125
10129,324128,401.14453125
10130,324160,401.14453125
10131,324192,401.14453125
10132,324224,401.14453125
10133,324256,401.14453125
10134,324288,401.14453125
10135,324320,401.14453125
10136,324352,401.14453125
10137,324384,401.14453125
10138,324416,401.14453125
10139,324448,401.14453125
10140,324480,401.14453125
10141,324512,401.14453125
10142,324544,401.14453125
10143,324576,401.14453125
10144,324608,401.14453125
10145,324640,401.14453125
10146,324672,401.14453125
10147,324704,401.14453125
10148,324736,401.14453125
10149,324768,401.14453125
10150,324800,401.14453125
10151,324832,401.14453125
10152,324864,401.14453125
10153,324896,401.14453125
10154,324928,401.14453125
10155,324960,401.14453125
10156,324992,401.14453125
10157,325024,401.14453125
10158,325056,401.14453125
10159,325088,401.14453125
10160,325120,401.14453125
10161,325152,401.14453125
10162,325184,401.14453125
10163,325216,401.14453125
10164,325248,401.14453125
10165,325280,401.14453125
10166,325312,401.14453125
10167,325344,401.14453125
10168,325376,401.14453125
10169,325408,401.14453125
10170,325440,401.14453125
10171,325472,401.14453125
10172,325504,401.14453125
10173,325536,401.14453125
10174,325568,401.14453125
10175,325600,401.14453125
10176,325632,401.14453125
10177,325664,401.14453125
10178,325696,401.14453125
10179,325728,401.14453125
10180,325760,401.14453125
10181,325792,401.14453125
10182,325824,401.14453125
10183,325856,401.14453125
10184,325888,401.20703125
10185,325920,401.20703125
10186,325952,401.20703125
10187,325984,401.20703125
10188,326016,401.20703125
10189,326048,401.20703125
10190,326080,401.20703125
10191,326112,401.20703125
10192,326144,401.20703125
10193,326176,401.20703125
10194,326208,401.20703125
10195,326240,401.20703125
10196,326272,401.20703125
10197,326304,401.20703125
10198,326336,401.20703125
10199,326368,401.20703125
10200,326400,401.20703125
10201,326432,401.20703125
10202,326464,401.20703125
10203,326496,401.20703125
10204,326528,401.20703125
10205,326560,401.20703125
10206,326592,401.20703125
10207,326624,401.20703125
10208,326656,401.20703125
10209,326688,401.20703125
10210,326720,401.20703125
10211,326752,401.20703125
10212,326784,401.20703125
10213,326816,401.20703125
10214,326848,401.20703125
10215,326880,401.20703125
10216,326912,401.20703125
10217,326944,401.20703125
10218,326976,401.20703125
10219,327008,401.20703125
10220,327040,401.20703125
10221,327072,401.20703125
10222,327104,401.20703125
10223,327136,401.20703125
10224,327168,401.20703125
10225,327200,401.20703125
10226,327232,401.20703125
10227,327264,401.20703125
10228,327296,401.20703125
10229,327328,401.20703125
10230,327360,401.20703125
10231,327392,401.20703125
10232,327424,401.20703125
10233,327456,401.20703125
10234,327488,401.20703125
10235,327520,401.20703125
10236,327552,401.20703125
10237,327584,401.20703125
10238,327616,401.20703125
10239,327648,401.20703125
10240,327680,401.20703125
10241,327712,401.20703125
10242,327744,401.20703125
10243,327776,401.20703125
10244,327808,401.20703125
10245,327840,401.20703125
10246,327872,401.20703125
10247,327904,401.20703125
10248,327936,401.20703125
10249,327968,401.20703125
10250,328000,401.20703125
10251,328032,401.20703125
10252,328064,401.20703125
10253,328096,401.20703125
10254,328128,401.20703125
10255,328160,401.20703125
10256,328192,401.20703125
10257,328224,401.20703125
10258,328256,401.20703125
10259,328288,401.20703125
10260,328320,401.20703125
10261,328352,401.20703125
10262,328384,401.20703125
10263,328416,401.20703125
10264,328448,401.20703125
10265,328480,401.20703125
10266,328512,401.20703125
10267,328544,401.20703125
10268,328576,401.20703125
10269,328608,401.20703125
10270,328640,401.20703125
10271,328672,401.20703125
10272,328704,401.20703125
10273,328736,401.20703125
10274,328768,401.20703125
10275,328800,401.20703125
10276,328832,401.20703125
10277,328864,401.20703125
10278,328896,401.20703125
10279,328928,401.20703125
10280,328960,401.20703125
10281,328992,401.20703125
10282,329024,401.20703125
10283,329056,401.20703125
10284,329088,401.20703125
10285,329120,401.20703125
10286,329152,401.20703125
10287,329184,401.20703125
10288,329216,401.20703125
10289,329248,401.20703125
10290,329280,401.20703125
10291,329312,401.20703125
10292,329344,401.20703125
10293,329376,401.20703125
10294,329408,401.20703125
10295,329440,401.20703125
10296,329472,401.20703125
10297,329504,401.20703125
10298,329536,401.20703125
10299,329568,401.20703125
10300,329600,401.20703125
10301,329632,401.20703125
10302,329664,401.20703125
10303,329696,401.20703125
10304,329728,401.20703125
10305,329760,401.20703125
10306,329792,401.20703125
10307,329824,401.20703125
10308,329856,401.20703125
10309,329888,401.20703125
10310,329920,401.20703125
10311,329952,401.20703125
10312,329984,401.20703125
10313,330016,401.20703125
10314,330048,401.20703125
10315,330080,401.20703125
10316,330112,401.20703125
10317,330144,401.20703125
10318,330176,401.20703125
10319,330208,401.20703125
10320,330240,401.20703125
10321,330272,401.20703125
10322,330304,401.20703125
10323,330336,401.20703125
10324,330368,401.20703125
10325,330400,401.20703125
10326,330432,401.20703125
10327,330464,401.20703125
10328,330496,401.20703125
10329,330528,401.20703125
10330,330560,401.20703125
10331,330592,401.20703125
10332,330624,401.20703125
10333,330656,401.20703125
10334,330688,401.20703125
10335,330720,401.20703125
10336,330752,401.20703125
10337,330784,401.20703125
10338,330816,401.20703125
10339,330848,401.20703125
10340,330880,401.20703125
10341,330912,401.20703125
10342,330944,401.20703125
10343,330976,401.20703125
10344,331008,401.20703125
10345,331040,401.20703125
10346,331072,401.20703125
10347,331104,401.20703125
10348,331136,401.20703125
10349,331168,401.20703125
10350,331200,401.20703125
10351,331232,401.20703125
10352,331264,401.20703125
10353,331296,401.20703125
10354,331328,401.20703125
10355,331360,401.20703125
10356,331392,401.20703125
10357,331424,401.20703125
10358,331456,401.20703125
10359,331488,401.20703125
10360,331520,401.20703125
10361,331552,401.20703125
10362,331584,401.20703125
10363,331616,401.20703125
10364,331648,401.20703125
10365,331680,401.20703125
10366,331712,401.20703125
10367,331744,401.20703125
10368,331776,401.20703125
10369,331808,401.20703125
10370,331840,401.20703125
10371,331872,401.20703125
10372,331904,401.20703125
10373,331936,401.20703125
10374,331968,401.20703125
10375,332000,401.20703125
10376,332032,401.20703125
10377,332064,401.20703125
10378,332096,401.20703125
10379,332128,401.20703125
10380,332160,401.20703125
10381,332192,401.20703125
10382,332224,401.20703125
10383,332256,401.20703125
10384,332288,401.20703125
10385,332320,401.20703125
10386,332352,401.20703125
10387,332384,401.20703125
10388,332416,401.20703125
10389,332448,401.20703125
10390,332480,401.20703125
10391,332512,401.20703125
10392,332544,401.20703125
10393,332576,401.20703125
10394,332608,401.20703125
10395,332640,401.20703125
10396,332672,401.20703125
10397,332704,401.20703125
10398,332736,401.20703125
10399,332768,401.20703125
10400,332800,401.20703125
10401,332832,401.20703125
10402,332864,401.20703125
10403,332896,401.20703125
10404,332928,401.20703125
10405,332960,401.20703125
10406,332992,401.20703125
10407,333024,401.20703125
10408,333056,401.20703125
10409,333088,401.20703125
10410,333120,401.20703125
10411,333152,401.20703125
10412,333184,401.20703125
10413,333216,401.20703125
10414,333248,401.20703125
10415,333280,401.20703125
10416,333312,401.20703125
10417,333344,401.20703125
10418,333376,401.20703125
10419,333408,401.20703125
10420,333440,401.20703125
10421,333472,401.20703125
10422,333504,401.20703125
10423,333536,401.20703125
10424,333568,401.20703125
10425,333600,401.20703125
10426,333632,401.20703125
10427,333664,401.20703125
10428,333696,401.20703125
10429,333728,401.20703125
10430,333760,401.20703125
10431,333792,401.20703125
10432,333824,401.20703125
10433,333856,401.20703125
10434,333888,401.20703125
10435,333920,401.20703125
10436,333952,401.20703125
10437,333984,401.20703125
10438,334016,401.20703125
10439,334048,401.20703125
10440,334080,401.20703125
10441,334112,401.20703125
10442,334144,401.20703125
10443,334176,401.20703125
10444,334208,401.20703125
10445,334240,401.20703125
10446,334272,401.20703125
10447,334304,401.20703125
10448,334336,401.20703125
10449,334368,401.20703125
10450,334400,401.20703125
10451,334432,401.20703125
10452,334464,401.20703125
10453,334496,401.20703125
10454,334528,401.20703125
10455,334560,401.20703125
10456,334592,401.20703125
10457,334624,401.20703125
10458,334656,401.20703125
10459,334688,401.20703125
10460,334720,401.20703125
10461,334752,401.20703125
10462,334784,401.20703125
10463,334816,401.20703125
10464,334848,401.20703125
10465,334880,401.20703125
10466,334912,401.20703125
10467,334944,401.20703125
10468,334976,401.20703125
10469,335008,401.20703125
10470,335040,401.20703125
10471,335072,401.20703125
10472,335104,401.20703125
10473,335136,401.20703125
10474,335168,401.20703125
10475,335200,401.20703125
10476,335232,401.20703125
10477,335264,401.20703125
10478,335296,401.20703125
10479,335328,401.20703125
10480,335360,401.20703125
10481,335392,401.20703125
10482,335424,401.20703125
10483,335456,401.20703125
10484,335488,401.20703125
10485,335520,401.20703125
10486,335552,401.20703125
10487,335584,401.20703125
10488,335616,401.20703125
10489,335648,401.20703125
10490,335680,401.20703125
10491,335712,401.20703125
10492,335744,401.20703125
10493,335776,401.20703125
10494,335808,401.20703125
10495,335840,401.20703125
10496,335872,401.20703125
10497,335904,401.20703125
10498,335936,401.20703125
10499,335968,401.20703125
10500,336000,401.20703125
10501,336032,401.20703125
10502,336064,401.20703125
10503,336096,401.20703125
10504,336128,401.20703125
10505,336160,401.20703125
10506,336192,401.20703125
10507,336224,401.20703125
10508,336256,401.20703125
10509,336288,401.20703125
10510,336320,401.20703125
10511,336352,401.20703125
10512,336384,401.20703125
10513,336416,401.20703125
10514,336448,401.20703125
10515,336480,401.20703125
10516,336512,401.20703125
10517,336544,401.20703125
10518,336576,401.20703125
10519,336608,401.20703125
10520,336640,401.20703125
10521,336672,401.20703125
10522,336704,401.20703125
10523,336736,401.20703125
10524,336768,401.20703125
10525,336800,401.20703125
10526,336832,401.20703125
10527,336864,401.20703125
10528,336896,401.20703125
10529,336928,401.20703125
10530,336960,401.20703125
10531,336992,401.20703125
10532,337024,401.20703125
10533,337056,401.20703125
10534,337088,401.20703125
10535,337120,401.20703125
10536,337152,401.20703125
10537,337184,401.20703125
10538,337216,401.20703125
10539,337248,401.20703125
10540,337280,401.20703125
10541,337312,401.20703125
10542,337344,401.20703125
10543,337376,401.20703125
10544,337408,401.20703125
10545,337440,401.20703125
10546,337472,401.20703125
10547,337504,401.20703125
10548,337536,401.20703125
10549,337568,401.20703125
10550,337600,401.20703125
10551,337632,401.20703125
10552,337664,401.20703125
10553,337696,401.20703125
10554,337728,401.20703125
10555,337760,401.20703125
10556,337792,401.20703125
10557,337824,401.20703125
10558,337856,401.20703125
10559,337888,401.20703125
10560,337920,401.20703125
10561,337952,401.20703125
10562,337984,401.20703125
10563,338016,401.20703125
10564,338048,401.20703125
10565,338080,401.20703125
10566,338112,401.20703125
10567,338144,401.20703125
10568,338176,401.20703125
10569,338208,401.20703125
10570,338240,401.20703125
10571,338272,401.20703125
10572,338304,401.20703125
10573,338336,401.20703125
10574,338368,401.20703125
10575,338400,401.20703125
10576,338432,401.20703125
10577,338464,401.20703125
10578,338496,401.20703125
10579,338528,401.20703125
10580,338560,401.20703125
10581,338592,401.20703125
10582,338624,401.20703125
10583,338656,401.20703125
10584,338688,401.20703125
10585,338720,401.20703125
10586,338752,401.20703125
10587,338784,401.20703125
10588,338816,401.20703125
10589,338848,401.20703125
10590,338880,401.20703125
10591,338912,401.20703125
10592,338944,401.20703125
10593,338976,401.20703125
10594,339008,401.20703125
10595,339040,401.20703125
10596,339072,401.20703125
10597,339104,401.20703125
10598,339136,401.20703125
10599,339168,401.20703125
10600,339200,401.20703125
10601,339232,401.20703125
10602,339264,401.20703125
10603,339296,401.20703125
10604,339328,401.20703125
10605,339360,401.20703125
10606,339392,401.20703125
10607,339424,401.20703125
10608,339456,401.20703125
10609,339488,401.20703125
10610,339520,401.20703125
10611,339552,401.20703125
10612,339584,401.20703125
10613,339616,401.20703125
10614,339648,401.20703125
10615,339680,401.20703125
10616,339712,401.20703125
10617,339744,401.20703125
10618,339776,401.20703125
10619,339808,401.20703125
10620,339840,401.20703125
10621,339872,401.20703125
10622,339904,401.20703125
10623,339936,401.20703125
10624,339968,401.20703125
10625,340000,401.20703125
10626,340032,401.20703125
10627,340064,401.20703125
10628,340096,401.20703125
10629,340128,401.20703125
10630,340160,401.20703125
10631,340192,401.20703125
10632,340224,401.20703125
10633,340256,401.20703125
10634,340288,401.20703125
10635,340320,401.20703125
10636,340352,401.20703125
10637,340384,401.20703125
10638,340416,401.20703125
10639,340448,401.20703125
10640,340480,401.20703125
10641,340512,401.20703125
10642,340544,401.20703125
10643,340576,401.20703125
10644,340608,401.20703125
10645,340640,401.20703125
10646,340672,401.20703125
10647,340704,401.20703125
10648,340736,401.20703125
10649,340768,401.20703125
10650,340800,401.20703125
10651,340832,401.20703125
10652,340864,401.20703125
10653,340896,401.20703125
10654,340928,401.20703125
10655,340960,401.20703125
10656,340992,401.20703125
10657,341024,401.20703125
10658,341056,401.20703125
10659,341088,401.20703125
10660,341120,401.20703125
10661,341152,401.20703125
10662,341184,401.20703125
10663,341216,401.20703125
10664,341248,401.20703125
10665,341280,401.20703125
10666,341312,401.20703125
10667,341344,401.20703125
10668,341376,401.20703125
10669,341408,401.20703125
10670,341440,401.20703125
10671,341472,401.20703125
10672,341504,401.20703125
10673,341536,401.20703125
10674,341568,401.20703125
10675,341600,401.20703125
10676,341632,401.20703125
10677,341664,401.20703125
10678,341696,401.20703125
10679,341728,401.20703125
10680,341760,401.20703125
10681,341792,401.20703125
10682,341824,401.20703125
10683,341856,401.20703125
10684,341888,401.20703125
10685,341920,401.20703125
10686,341952,401.20703125
10687,341984,401.20703125
10688,342016,401.20703125
10689,342048,401.20703125
10690,342080,401.20703125
10691,342112,401.20703125
10692,342144,401.20703125
10693,342176,401.20703125
10694,342208,401.20703125
10695,342240,401.20703125
10696,342272,401.20703125
10697,342304,401.20703125
10698,342336,401.20703125
10699,342368,401.20703125
10700,342400,401.20703125
10701,342432,401.20703125
10702,342464,401.20703125
10703,342496,401.20703125
10704,342528,401.20703125
10705,342560,401.20703125
10706,342592,401.20703125
10707,342624,401.20703125
10708,342656,401.20703125
10709,342688,401.20703125
10710,342720,401.20703125
10711,342752,401.20703125
10712,342784,401.20703125
10713,342816,401.20703125
10714,342848,401.20703125
10715,342880,401.20703125
10716,342912,401.20703125
10717,342944,401.20703125
10718,342976,401.20703125
10719,343008,401.20703125
10720,343040,401.20703125
10721,343072,401.20703125
10722,343104,401.20703125
10723,343136,401.20703125
10724,343168,401.20703125
10725,343200,401.20703125
10726,343232,401.20703125
10727,343264,401.20703125
10728,343296,401.20703125
10729,343328,401.20703125
10730,343360,401.20703125
10731,343392,401.20703125
10732,343424,401.20703125
10733,343456,401.20703125
10734,343488,401.20703125
10735,343520,401.20703125
10736,343552,401.20703125
10737,343584,401.20703125
10738,343616,401.20703125
10739,343648,401.20703125
10740,343680,401.20703125
10741,343712,401.20703125
10742,343744,401.20703125
10743,343776,401.20703125
10744,343808,401.20703125
10745,343840,401.20703125
10746,343872,401.20703125
10747,343904,401.20703125
10748,343936,401.20703125
10749,343968,401.20703125
10750,344000,401.20703125
10751,344032,401.20703125
10752,344064,401.20703125
10753,344096,401.20703125
10754,344128,401.20703125
10755,344160,401.20703125
10756,344192,401.20703125
10757,344224,401.20703125
10758,344256,401.20703125
10759,344288,401.20703125
10760,344320,401.20703125
10761,344352,401.20703125
10762,344384,401.20703125
10763,344416,401.20703125
10764,344448,401.20703125
10765,344480,401.20703125
10766,344512,401.20703125
10767,344544,401.20703125
10768,344576,401.20703125
10769,344608,401.20703125
10770,344640,401.20703125
10771,344672,401.20703125
10772,344704,401.20703125
10773,344736,401.20703125
10774,344768,401.20703125
10775,344800,401.20703125
10776,344832,401.20703125
10777,344864,401.20703125
10778,344896,401.20703125
10779,344928,401.20703125
10780,344960,401.20703125
10781,344992,401.20703125
10782,345024,401.20703125
10783,345056,401.20703125
10784,345088,401.20703125
10785,345120,401.20703125
10786,345152,401.20703125
10787,345184,401.20703125
10788,345216,401.20703125
10789,345248,401.20703125
10790,345280,401.20703125
10791,345312,401.20703125
10792,345344,401.20703125
10793,345376,401.20703125
10794,345408,401.20703125
10795,345440,401.20703125
10796,345472,401.20703125
10797,345504,401.20703125
10798,345536,401.20703125
10799,345568,401.20703125
10800,345600,401.20703125
10801,345632,401.20703125
10802,345664,401.20703125
10803,345696,401.20703125
10804,345728,401.20703125
10805,345760,401.20703125
10806,345792,401.20703125
10807,345824,401.20703125
10808,345856,401.20703125
10809,345888,401.20703125
10810,345920,401.20703125
10811,345952,401.20703125
10812,345984,401.20703125
10813,346016,401.20703125
10814,346048,401.20703125
10815,346080,401.20703125
10816,346112,401.20703125
10817,346144,401.20703125
10818,346176,401.20703125
10819,346208,401.20703125
10820,346240,401.20703125
10821,346272,401.20703125
10822,346304,401.20703125
10823,346336,401.20703125
10824,346368,401.20703125
10825,346400,401.20703125
10826,346432,401.20703125
10827,346464,401.20703125
10828,346496,401.20703125
10829,346528,401.20703125
10830,346560,401.20703125
10831,346592,401.20703125
10832,346624,401.20703125
10833,346656,401.20703125
10834,346688,401.20703125
10835,346720,401.20703125
10836,346752,401.20703125
10837,346784,401.20703125
10838,346816,401.21484375
10839,346848,401.21484375
10840,346880,401.21484375
10841,346912,401.21484375
10842,346944,401.21484375
10843,346976,401.21484375
10844,347008,401.21484375
10845,347040,401.21484375
10846,347072,401.21484375
10847,347104,401.21484375
10848,347136,401.21484375
10849,347168,401.21484375
10850,347200,401.21484375
10851,347232,401.21484375
10852,347264,401.21484375
10853,347296,401.21484375
10854,347328,401.21484375
10855,347360,401.21484375
10856,347392,401.21484375
10857,347424,401.21484375
10858,347456,401.21484375
10859,347488,401.21484375
10860,347520,401.21484375
10861,347552,401.21484375
10862,347584,401.21484375
10863,347616,401.21484375
10864,347648,401.21484375
10865,347680,401.21484375
10866,347712,401.21484375
10867,347744,401.21484375
10868,347776,401.21484375
10869,347808,401.21484375
10870,347840,401.21484375
10871,347872,401.21484375
10872,347904,401.21484375
10873,347936,401.21484375
10874,347968,401.21484375
10875,348000,401.21484375
10876,348032,401.21484375
10877,348064,401.21484375
10878,348096,401.21484375
10879,348128,401.21484375
10880,348160,401.21484375
10881,348192,401.21484375
10882,348224,401.21484375
10883,348256,401.21484375
10884,348288,401.21484375
10885,348320,401.21484375
10886,348352,401.21484375
10887,348384,401.21484375
10888,348416,401.21484375
10889,348448,401.21484375
10890,348480,401.21484375
10891,348512,401.21484375
10892,348544,401.21484375
10893,348576,401.21484375
10894,348608,401.21484375
10895,348640,401.21484375
10896,348672,401.21484375
10897,348704,401.21484375
10898,348736,401.21484375
10899,348768,401.21484375
10900,348800,401.21484375
10901,348832,401.21484375
10902,348864,401.21484375
10903,348896,401.21484375
10904,348928,401.21484375
10905,348960,401.21484375
10906,348992,401.21484375
10907,349024,401.21484375
10908,349056,401.21484375
10909,349088,401.21484375
10910,349120,401.21484375
10911,349152,401.21484375
10912,349184,401.21484375
10913,349216,401.21484375
10914,349248,401.21484375
10915,349280,401.21484375
10916,349312,401.21484375
10917,349344,401.21484375
10918,349376,401.21484375
10919,349408,401.21484375
10920,349440,401.21484375
10921,349472,401.21484375
10922,349504,401.21484375
10923,349536,401.21484375
10924,349568,401.21484375
10925,349600,401.21484375
10926,349632,401.21484375
10927,349664,401.21484375
10928,349696,401.21484375
10929,349728,401.21484375
10930,349760,401.21484375
10931,349792,401.21484375
10932,349824,401.21484375
10933,349856,401.21484375
10934,349888,401.21484375
10935,349920,401.21484375
10936,349952,401.21484375
10937,349984,401.21484375
10938,350016,401.21484375
10939,350048,401.21484375
10940,350080,401.21484375
10941,350112,401.21484375
10942,350144,401.21484375
10943,350176,401.21484375
10944,350208,401.21484375
10945,350240,401.21484375
10946,350272,401.21484375
10947,350304,401.21484375
10948,350336,401.21484375
10949,350368,401.21484375
10950,350400,401.21484375
10951,350432,401.21484375
10952,350464,401.21484375
10953,350496,401.21484375
10954,350528,401.21484375
10955,350560,401.21484375
10956,350592,401.21484375
10957,350624,401.21484375
10958,350656,401.21484375
10959,350688,401.21484375
10960,350720,401.21484375
10961,350752,401.21484375
10962,350784,401.21484375
10963,350816,401.21484375
10964,350848,401.21484375
10965,350880,401.21484375
10966,350912,401.21484375
10967,350944,401.21484375
10968,350976,401.21484375
10969,351008,401.21484375
10970,351040,401.21484375
10971,351072,401.21484375
10972,351104,401.21484375
10973,351136,401.21484375
10974,351168,401.21484375
10975,351200,401.21484375
10976,351232,401.21484375
10977,351264,401.21484375
10978,351296,401.21484375
10979,351328,401.21484375
10980,351360,401.21484375
10981,351392,401.21484375
10982,351424,401.21484375
10983,351456,401.21484375
10984,351488,401.21484375
10985,351520,401.21484375
10986,351552,401.21484375
10987,351584,401.21484375
10988,351616,401.21484375
10989,351648,401.21484375
10990,351680,401.21484375
10991,351712,401.21484375
10992,351744,401.21484375
10993,351776,401.21484375
10994,351808,401.21484375
10995,351840,401.21484375
10996,351872,401.21484375
10997,351904,401.21484375
10998,351936,401.21484375
10999,351968,401.21484375
11000,352000,401.21484375
11001,352032,401.21484375
11002,352064,401.21484375
11003,352096,401.21484375
11004,352128,401.21484375
11005,352160,401.21484375
11006,352192,401.21484375
11007,352224,401.21484375
11008,352256,401.21484375
11009,352288,401.21484375
11010,352320,401.21484375
11011,352352,401.21484375
11012,352384,401.21484375
11013,352416,401.21484375
11014,352448,401.21484375
11015,352480,401.21484375
11016,352512,401.21484375
11017,352544,401.21484375
11018,352576,401.21484375
11019,352608,401.21484375
11020,352640,401.21484375
11021,352672,401.21484375
11022,352704,401.21484375
11023,352736,401.21484375
11024,352768,401.21484375
11025,352800,401.21484375
11026,352832,401.21484375
11027,352864,401.21484375
11028,352896,401.21484375
11029,352928,401.21484375
11030,352960,401.21484375
11031,352992,401.21484375
11032,353024,401.21484375
11033,353056,401.21484375
11034,353088,401.21484375
11035,353120,401.21484375
11036,353152,401.21484375
11037,353184,401.21484375
11038,353216,401.21484375
11039,353248,401.21484375
11040,353280,401.21484375
11041,353312,401.21484375
11042,353344,401.21484375
11043,353376,401.21484375
11044,353408,401.21484375
11045,353440,401.21484375
11046,353472,401.21484375
11047,353504,401.21484375
11048,353536,401.21484375
11049,353568,401.21484375
11050,353600,401.21484375
11051,353632,401.21484375
11052,353664,401.21484375
11053,353696,401.21484375
11054,353728,401.21484375
11055,353760,401.21484375
11056,353792,401.21484375
11057,353824,401.21484375
11058,353856,401.21484375
11059,353888,401.21484375
11060,353920,401.21484375
11061,353952,401.21484375
11062,353984,401.21484375
11063,354016,401.21484375
11064,354048,401.21484375
11065,354080,401.21484375
11066,354112,401.21484375
11067,354144,401.21484375
11068,354176,401.21484375
11069,354208,401.21484375
11070,354240,401.21484375
11071,354272,401.21484375
11072,354304,401.21484375
11073,354336,401.21484375
11074,354368,401.21484375
11075,354400,401.21484375
11076,354432,401.21484375
11077,354464,401.21484375
11078,354496,401.21484375
11079,354528,401.21484375
11080,354560,401.21484375
11081,354592,401.21484375
11082,354624,401.21484375
11083,354656,401.21484375
11084,354688,401.21484375
11085,354720,401.21484375
11086,354752,401.21484375
11087,354784,401.21484375
11088,354816,401.21484375
11089,354848,401.21484375
11090,354880,401.21484375
11091,354912,401.21484375
11092,354944,401.21484375
11093,354976,401.21484375
11094,355008,401.21484375
11095,355040,401.21484375
11096,355072,401.21484375
11097,355104,401.21484375
11098,355136,401.21484375
11099,355168,401.21484375
11100,355200,401.21484375
11101,355232,401.21484375
11102,355264,401.21484375
11103,355296,401.21484375
11104,355328,401.21484375
11105,355360,401.21484375
11106,355392,401.21484375
11107,355424,401.21484375
11108,355456,401.21484375
11109,355488,401.21484375
11110,355520,401.21484375
11111,355552,401.21484375
11112,355584,401.21484375
11113,355616,401.21484375
11114,355648,401.21484375
11115,355680,401.21484375
11116,355712,401.21484375
11117,355744,401.21484375
11118,355776,401.21484375
11119,355808,401.21484375
11120,355840,401.21484375
11121,355872,401.21484375
11122,355904,401.21484375
11123,355936,401.21484375
11124,355968,401.21484375
11125,356000,401.21484375
11126,356032,401.21484375
11127,356064,401.21484375
11128,356096,401.21484375
11129,356128,401.21484375
11130,356160,401.21484375
11131,356192,401.21484375
11132,356224,401.21484375
11133,356256,401.21484375
11134,356288,401.21484375
11135,356320,401.21484375
11136,356352,401.21484375
11137,356384,401.21484375
11138,356416,401.21484375
11139,356448,401.21484375
11140,356480,401.21484375
11141,356512,401.21484375
11142,356544,401.21484375
11143,356576,401.21484375
11144,356608,401.21484375
11145,356640,401.21484375
11146,356672,401.21484375
11147,356704,401.21484375
11148,356736,401.21484375
11149,356768,401.21484375
11150,356800,401.21484375
11151,356832,401.21484375
11152,356864,401.21484375
11153,356896,401.21484375
11154,356928,401.21484375
11155,356960,401.21484375
11156,356992,401.21484375
11157,357024,401.21484375
11158,357056,401.21484375
11159,357088,401.21484375
11160,357120,401.21484375
11161,357152,401.21484375
11162,357184,401.21484375
11163,357216,401.21484375
11164,357248,401.21484375
11165,357280,401.21484375
11166,357312,401.21484375
11167,357344,401.21484375
11168,357376,401.21484375
11169,357408,401.21484375
11170,357440,401.21484375
11171,357472,401.21484375
11172,357504,401.21484375
11173,357536,401.21484375
11174,357568,401.21484375
11175,357600,401.21484375
11176,357632,401.21484375
11177,357664,401.21484375
11178,357696,401.21484375
11179,357728,401.21484375
11180,357760,401.21484375
11181,357792,401.21484375
11182,357824,401.21484375
11183,357856,401.21484375
11184,357888,401.21484375
11185,357920,401.21484375
11186,357952,401.21484375
11187,357984,401.21484375
11188,358016,401.21484375
11189,358048,401.21484375
11190,358080,401.21484375
11191,358112,401.21484375
11192,358144,401.21484375
11193,358176,401.21484375
11194,358208,401.21484375
11195,358240,401.21484375
11196,358272,401.21484375
11197,358304,401.21484375
11198,358336,401.21484375
11199,358368,401.21484375
11200,358400,401.21484375
11201,358432,401.21484375
11202,358464,401.21484375
11203,358496,401.21484375
11204,358528,401.27734375
11205,358560,401.27734375
11206,358592,401.27734375
11207,358624,401.27734375
11208,358656,401.27734375
11209,358688,401.27734375
11210,358720,401.27734375
11211,358752,401.27734375
11212,358784,401.27734375
11213,358816,401.27734375
11214,358848,401.27734375
11215,358880,401.27734375
11216,358912,401.27734375
11217,358944,401.27734375
11218,358976,401.27734375
11219,359008,401.27734375
11220,359040,401.27734375
11221,359072,401.27734375
11222,359104,401.27734375
11223,359136,401.27734375
11224,359168,401.27734375
11225,359200,401.27734375
11226,359232,401.27734375
11227,359264,401.27734375
11228,359296,401.27734375
11229,359328,401.27734375
11230,359360,401.27734375
11231,359392,401.27734375
11232,359424,401.27734375
11233,359456,401.27734375
11234,359488,401.27734375
11235,359520,401.27734375
11236,359552,401.27734375
11237,359584,401.27734375
11238,359616,401.27734375
11239,359648,401.27734375
11240,359680,401.27734375
11241,359712,401.27734375
11242,359744,401.27734375
11243,359776,401.27734375
11244,359808,401.27734375
11245,359840,401.27734375
11246,359872,401.27734375
11247,359904,401.27734375
11248,359936,401.27734375
11249,359968,401.27734375
11250,360000,401.27734375
11251,360032,401.27734375
11252,360064,401.27734375
11253,360096,401.27734375
11254,360128,401.27734375
11255,360160,401.27734375
11256,360192,401.27734375
11257,360224,401.27734375
11258,360256,401.27734375
11259,360288,401.27734375
11260,360320,401.27734375
11261,360352,401.27734375
11262,360384,401.27734375
11263,360416,401.27734375
11264,360448,401.27734375
11265,360480,401.27734375
11266,360512,401.27734375
11267,360544,401.27734375
11268,360576,401.27734375
11269,360608,401.27734375
11270,360640,401.27734375
11271,360672,401.27734375
11272,360704,401.27734375
11273,360736,401.27734375
11274,360768,401.27734375
11275,360800,401.27734375
11276,360832,401.27734375
11277,360864,401.27734375
11278,360896,401.27734375
11279,360928,401.27734375
11280,360960,401.27734375
11281,360992,401.27734375
11282,361024,401.27734375
11283,361056,401.27734375
11284,361088,401.27734375
11285,361120,401.27734375
11286,361152,401.27734375
11287,361184,401.27734375
11288,361216,401.27734375
11289,361248,401.27734375
11290,361280,401.27734375
11291,361312,401.27734375
11292,361344,401.27734375
11293,361376,401.27734375
11294,361408,401.27734375
11295,361440,401.27734375
11296,361472,401.27734375
11297,361504,401.27734375
11298,361536,401.27734375
11299,361568,401.27734375
11300,361600,401.27734375
11301,361632,401.27734375
11302,361664,401.27734375
11303,361696,401.27734375
11304,361728,401.27734375
11305,361760,401.27734375
11306,361792,401.27734375
11307,361824,401.27734375
11308,361856,401.27734375
11309,361888,401.27734375
11310,361920,401.27734375
11311,361952,401.27734375
11312,361984,401.27734375
11313,362016,401.27734375
11314,362048,401.27734375
11315,362080,401.27734375
11316,362112,401.27734375
11317,362144,401.27734375
11318,362176,401.27734375
11319,362208,401.27734375
11320,362240,401.27734375
11321,362272,401.27734375
11322,362304,401.27734375
11323,362336,401.27734375
11324,362368,401.27734375
11325,362400,401.27734375
11326,362432,401.27734375
11327,362464,401.27734375
11328,362496,401.27734375
11329,362528,401.27734375
11330,362560,401.27734375
11331,362592,401.27734375
11332,362624,401.27734375
11333,362656,401.27734375
11334,362688,401.27734375
11335,362720,401.27734375
11336,362752,401.27734375
11337,362784,401.27734375
11338,362816,401.27734375
11339,362848,401.27734375
11340,362880,401.27734375
11341,362912,401.27734375
11342,362944,401.27734375
11343,362976,401.27734375
11344,363008,401.27734375
11345,363040,401.27734375
11346,363072,401.27734375
11347,363104,401.27734375
11348,363136,401.27734375
11349,363168,401.27734375
11350,363200,401.27734375
11351,363232,401.27734375
11352,363264,401.27734375
11353,363296,401.27734375
11354,363328,401.27734375
11355,363360,401.27734375
11356,363392,401.27734375
11357,363424,401.27734375
11358,363456,401.27734375
11359,363488,401.27734375
11360,363520,401.27734375
11361,363552,401.27734375
11362,363584,401.27734375
11363,363616,401.27734375
11364,363648,401.27734375
11365,363680,401.27734375
11366,363712,401.27734375
11367,363744,401.27734375
11368,363776,401.27734375
11369,363808,401.27734375
11370,363840,401.27734375
11371,363872,401.27734375
11372,363904,401.27734375
11373,363936,401.27734375
11374,363968,401.27734375
11375,364000,401.27734375
11376,364032,401.27734375
11377,364064,401.27734375
11378,364096,401.27734375
11379,364128,401.27734375
11380,364160,401.27734375
11381,364192,401.27734375
11382,364224,401.27734375
11383,364256,401.27734375
11384,364288,401.27734375
11385,364320,401.27734375
11386,364352,401.27734375
11387,364384,401.27734375
11388,364416,401.27734375
11389,364448,401.27734375
11390,364480,401.27734375
11391,364512,401.27734375
11392,364544,401.27734375
11393,364576,401.27734375
11394,364608,401.27734375
11395,364640,401.27734375
11396,364672,401.27734375
11397,364704,401.27734375
11398,364736,401.27734375
11399,364768,401.27734375
11400,364800,401.27734375
11401,364832,401.27734375
11402,364864,401.27734375
11403,364896,401.27734375
11404,364928,401.27734375
11405,364960,401.27734375
11406,364992,401.27734375
11407,365024,401.27734375
11408,365056,401.28515625
11409,365088,401.28515625
11410,365120,401.28515625
11411,365152,401.28515625
11412,365184,401.28515625
11413,365216,401.28515625
11414,365248,401.28515625
11415,365280,401.28515625
11416,365312,401.28515625
11417,365344,401.28515625
11418,365376,401.28515625
11419,365408,401.28515625
11420,365440,401.28515625
11421,365472,401.28515625
11422,365504,401.28515625
11423,365536,401.28515625
11424,365568,401.28515625
11425,365600,401.28515625
11426,365632,401.28515625
11427,365664,401.28515625
11428,365696,401.28515625
11429,365728,401.28515625
11430,365760,401.28515625
11431,365792,401.28515625
11432,365824,401.28515625
11433,365856,401.28515625
11434,365888,401.28515625
11435,365920,401.28515625
11436,365952,401.28515625
11437,365984,401.28515625
11438,366016,401.28515625
11439,366048,401.28515625
11440,366080,401.28515625
11441,366112,401.28515625
11442,366144,401.28515625
11443,366176,401.28515625
11444,366208,401.28515625
11445,366240,401.28515625
11446,366272,401.28515625
11447,366304,401.28515625
11448,366336,401.28515625
11449,366368,401.28515625
11450,366400,401.28515625
11451,366432,401.28515625
11452,366464,401.28515625
11453,366496,401.28515625
11454,366528,401.28515625
11455,366560,401.28515625
11456,366592,401.28515625
11457,366624,401.28515625
11458,366656,401.28515625
11459,366688,401.28515625
11460,366720,401.28515625
11461,366752,401.28515625
11462,366784,401.28515625
11463,366816,401.28515625
11464,366848,401.28515625
11465,366880,401.28515625
11466,366912,401.28515625
11467,366944,401.28515625
11468,366976,401.28515625
11469,367008,401.28515625
11470,367040,401.28515625
11471,367072,401.28515625
11472,367104,401.28515625
11473,367136,401.28515625
11474,367168,401.28515625
11475,367200,401.28515625
11476,367232,401.28515625
11477,367264,401.28515625
11478,367296,401.28515625
11479,367328,401.28515625
11480,367360,401.28515625
11481,367392,401.28515625
11482,367424,401.28515625
11483,367456,401.28515625
11484,367488,401.28515625
11485,367520,401.28515625
11486,367552,401.28515625
11487,367584,401.28515625
11488,367616,401.28515625
11489,367648,401.28515625
11490,367680,401.28515625
11491,367712,401.28515625
11492,367744,401.28515625
11493,367776,401.28515625
11494,367808,401.28515625
11495,367840,401.28515625
11496,367872,401.28515625
11497,367904,401.28515625
11498,367936,401.28515625
11499,367968,401.28515625
11500,368000,401.28515625
11501,368032,401.28515625
11502,368064,401.28515625
11503,368096,401.28515625
11504,368128,401.28515625
11505,368160,401.28515625
11506,368192,401.28515625
11507,368224,401.28515625
11508,368256,401.28515625
11509,368288,401.28515625
11510,368320,401.28515625
11511,368352,401.28515625
11512,368384,401.28515625
11513,368416,401.28515625
11514,368448,401.28515625
11515,368480,401.28515625
11516,368512,401.28515625
11517,368544,401.28515625
11518,368576,401.28515625
11519,368608,401.28515625
11520,368640,401.28515625
11521,368672,401.28515625
11522,368704,401.28515625
11523,368736,401.28515625
11524,368768,401.28515625
11525,368800,401.28515625
11526,368832,401.28515625
11527,368864,401.28515625
11528,368896,401.28515625
11529,368928,401.28515625
11530,368960,401.28515625
11531,368992,401.28515625
11532,369024,401.28515625
11533,369056,401.28515625
11534,369088,401.28515625
11535,369120,401.28515625
11536,369152,401.28515625
11537,369184,401.28515625
11538,369216,401.28515625
11539,369248,401.28515625
11540,369280,401.28515625
11541,369312,401.28515625
11542,369344,401.28515625
11543,369376,401.28515625
11544,369408,401.28515625
11545,369440,401.28515625
11546,369472,401.28515625
11547,369504,401.28515625
11548,369536,401.28515625
11549,369568,401.28515625
11550,369600,401.28515625
11551,369632,401.28515625
11552,369664,401.28515625
11553,369696,401.28515625
11554,369728,401.28515625
11555,369760,401.28515625
11556,369792,401.28515625
11557,369824,401.28515625
11558,369856,401.28515625
11559,369888,401.28515625
11560,369920,401.28515625
11561,369952,401.28515625
11562,369984,401.28515625
11563,370016,401.28515625
11564,370048,401.28515625
11565,370080,401.28515625
11566,370112,401.28515625
11567,370144,401.28515625
11568,370176,401.28515625
11569,370208,401.28515625
11570,370240,401.28515625
11571,370272,401.28515625
11572,370304,401.28515625
11573,370336,401.28515625
11574,370368,401.28515625
11575,370400,401.28515625
11576,370432,401.28515625
11577,370464,401.28515625
11578,370496,401.28515625
11579,370528,401.28515625
11580,370560,401.28515625
11581,370592,401.28515625
11582,370624,401.28515625
11583,370656,401.28515625
11584,370688,401.28515625
11585,370720,401.28515625
11586,370752,401.28515625
11587,370784,401.28515625
11588,370816,401.28515625
11589,370848,401.28515625
11590,370880,401.28515625
11591,370912,401.28515625
11592,370944,401.28515625
11593,370976,401.28515625
11594,371008,401.28515625
11595,371040,401.28515625
11596,371072,401.28515625
11597,371104,401.28515625
11598,371136,401.28515625
11599,371168,401.28515625
11600,371200,401.28515625
11601,371232,401.28515625
11602,371264,401.28515625
11603,371296,401.28515625
11604,371328,401.28515625
11605,371360,401.28515625
11606,371392,401.28515625
11607,371424,401.28515625
11608,371456,401.28515625
11609,371488,401.28515625
11610,371520,401.28515625
11611,371552,401.28515625
11612,371584,401.28515625
11613,371616,401.28515625
11614,371648,401.28515625
11615,371680,401.28515625
11616,371712,401.28515625
11617,371744,401.28515625
11618,371776,401.28515625
11619,371808,401.28515625
11620,371840,401.28515625
11621,371872,401.28515625
11622,371904,401.28515625
11623,371936,401.28515625
11624,371968,401.28515625
11625,372000,401.28515625
11626,372032,401.28515625
11627,372064,401.28515625
11628,372096,401.28515625
11629,372128,401.28515625
11630,372160,401.28515625
11631,372192,401.28515625
11632,372224,401.28515625
11633,372256,401.28515625
11634,372288,401.28515625
11635,372320,401.28515625
11636,372352,401.28515625
11637,372384,401.28515625
11638,372416,401.28515625
11639,372448,401.28515625
11640,372480,401.28515625
11641,372512,401.28515625
11642,372544,401.28515625
11643,372576,401.28515625
11644,372608,401.28515625
11645,372640,401.28515625
11646,372672,401.28515625
11647,372704,401.28515625
11648,372736,401.28515625
11649,372768,401.28515625
11650,372800,401.28515625
11651,372832,401.28515625
11652,372864,401.28515625
11653,372896,401.28515625
11654,372928,401.28515625
11655,372960,401.28515625
11656,372992,401.28515625
11657,373024,401.28515625
11658,373056,401.28515625
11659,373088,401.28515625
11660,373120,401.28515625
11661,373152,401.28515625
11662,373184,401.28515625
11663,373216,401.28515625
11664,373248,401.28515625
11665,373280,401.28515625
11666,373312,401.28515625
11667,373344,401.28515625
11668,373376,401.28515625
11669,373408,401.28515625
11670,373440,401.28515625
11671,373472,401.28515625
11672,373504,401.28515625
11673,373536,401.28515625
11674,373568,401.28515625
11675,373600,401.28515625
11676,373632,401.28515625
11677,373664,401.28515625
11678,373696,401.28515625
11679,373728,401.28515625
11680,373760,401.28515625
11681,373792,401.28515625
11682,373824,401.28515625
11683,373856,401.28515625
11684,373888,401.28515625
11685,373920,401.28515625
11686,373952,401.28515625
11687,373984,401.28515625
11688,374016,401.28515625
11689,374048,401.28515625
11690,374080,401.28515625
11691,374112,401.28515625
11692,374144,401.28515625
11693,374176,401.28515625
11694,374208,401.28515625
11695,374240,401.28515625
11696,374272,401.28515625
11697,374304,401.28515625
11698,374336,401.28515625
11699,374368,401.28515625
11700,374400,401.28515625
11701,374432,401.28515625
11702,374464,401.28515625
11703,374496,401.28515625
11704,374528,401.28515625
11705,374560,401.28515625
11706,374592,401.28515625
11707,374624,401.28515625
11708,374656,401.28515625
11709,374688,401.28515625
11710,374720,401.28515625
11711,374752,401.28515625
11712,374784,401.28515625
11713,374816,401.28515625
11714,374848,401.28515625
11715,374880,401.28515625
11716,374912,401.28515625
11717,374944,401.28515625
11718,374976,401.28515625
11719,375008,401.28515625
11720,375040,401.28515625
11721,375072,401.28515625
11722,375104,401.28515625
11723,375136,401.28515625
11724,375168,401.28515625
11725,375200,401.28515625
11726,375232,401.28515625
11727,375264,401.28515625
11728,375296,401.28515625
11729,375328,401.28515625
11730,375360,401.28515625
11731,375392,401.28515625
11732,375424,401.28515625
11733,375456,401.28515625
11734,375488,401.28515625
11735,375520,401.28515625
11736,375552,401.28515625
11737,375584,401.28515625
11738,375616,401.28515625
11739,375648,401.28515625
11740,375680,401.28515625
11741,375712,401.28515625
11742,375744,401.28515625
11743,375776,401.28515625
11744,375808,401.28515625
11745,375840,401.28515625
11746,375872,401.28515625
11747,375904,401.28515625
11748,375936,401.28515625
11749,375968,401.28515625
11750,376000,401.28515625
11751,376032,401.28515625
11752,376064,401.28515625
11753,376096,401.28515625
11754,376128,401.28515625
11755,376160,401.28515625
11756,376192,401.28515625
11757,376224,401.28515625
11758,376256,401.28515625
11759,376288,401.28515625
11760,376320,401.28515625
11761,376352,401.28515625
11762,376384,401.28515625
11763,376416,401.28515625
11764,376448,401.28515625
11765,376480,401.28515625
11766,376512,401.28515625
11767,376544,401.28515625
11768,376576,401.28515625
11769,376608,401.28515625
11770,376640,401.28515625
11771,376672,401.28515625
11772,376704,401.28515625
11773,376736,401.28515625
11774,376768,401.28515625
11775,376800,401.28515625
11776,376832,401.28515625
11777,376864,401.28515625
11778,376896,401.28515625
11779,376928,401.28515625
11780,376960,401.28515625
11781,376992,401.28515625
11782,377024,401.28515625
11783,377056,401.28515625
11784,377088,401.28515625
11785,377120,401.28515625
11786,377152,401.28515625
11787,377184,401.28515625
11788,377216,401.28515625
11789,377248,401.28515625
11790,377280,401.28515625
11791,377312,401.28515625
11792,377344,401.28515625
11793,377376,401.28515625
11794,377408,401.28515625
11795,377440,401.28515625
11796,377472,401.28515625
11797,377504,401.28515625
11798,377536,401.28515625
11799,377568,401.28515625
11800,377600,401.28515625
11801,377632,401.28515625
11802,377664,401.28515625
11803,377696,401.28515625
11804,377728,401.28515625
11805,377760,401.28515625
11806,377792,401.28515625
11807,377824,401.28515625
11808,377856,401.28515625
11809,377888,401.28515625
11810,377920,401.28515625
11811,377952,401.28515625
11812,377984,401.28515625
11813,378016,401.28515625
11814,378048,401.28515625
11815,378080,401.28515625
11816,378112,401.28515625
11817,378144,401.28515625
11818,378176,401.28515625
11819,378208,401.28515625
11820,378240,401.28515625
11821,378272,401.28515625
11822,378304,401.28515625
11823,378336,401.28515625
11824,378368,401.28515625
11825,378400,401.28515625
11826,378432,401.28515625
11827,378464,401.28515625
11828,378496,401.28515625
11829,378528,401.28515625
11830,378560,401.28515625
11831,378592,401.28515625
11832,378624,401.28515625
11833,378656,401.28515625
11834,378688,401.28515625
11835,378720,401.28515625
11836,378752,401.28515625
11837,378784,401.28515625
11838,378816,401.28515625
11839,378848,401.28515625
11840,378880,401.28515625
11841,378912,401.28515625
11842,378944,401.28515625
11843,378976,401.28515625
11844,379008,401.28515625
11845,379040,401.28515625
11846,379072,401.28515625
11847,379104,401.28515625
11848,379136,401.28515625
11849,379168,401.28515625
11850,379200,401.28515625
11851,379232,401.28515625
11852,379264,401.28515625
11853,379296,401.28515625
11854,379328,401.28515625
11855,379360,401.28515625
11856,379392,401.28515625
11857,379424,401.28515625
11858,379456,401.28515625
11859,379488,401.28515625
11860,379520,401.28515625
11861,379552,401.28515625
11862,379584,401.28515625
11863,379616,401.28515625
11864,379648,401.28515625
11865,379680,401.28515625
11866,379712,401.28515625
11867,379744,401.28515625
11868,379776,401.28515625
11869,379808,401.28515625
11870,379840,401.28515625
11871,379872,401.28515625
11872,379904,401.28515625
11873,379936,401.28515625
11874,379968,401.28515625
11875,380000,401.28515625
11876,380032,401.28515625
11877,380064,401.28515625
11878,380096,401.28515625
11879,380128,401.28515625
11880,380160,401.28515625
11881,380192,401.28515625
11882,380224,401.28515625
11883,380256,401.28515625
11884,380288,401.28515625
11885,380320,401.28515625
11886,380352,401.28515625
11887,380384,401.28515625
11888,380416,401.28515625
11889,380448,401.28515625
11890,380480,401.28515625
11891,380512,401.28515625
11892,380544,401.28515625
11893,380576,401.28515625
11894,380608,401.28515625
11895,380640,401.28515625
11896,380672,401.28515625
11897,380704,401.28515625
11898,380736,401.28515625
11899,380768,401.28515625
11900,380800,401.28515625
11901,380832,401.28515625
11902,380864,401.28515625
11903,380896,401.28515625
11904,380928,401.28515625
11905,380960,401.28515625
11906,380992,401.28515625
11907,381024,401.28515625
11908,381056,401.28515625
11909,381088,401.28515625
11910,381120,401.28515625
11911,381152,401.28515625
11912,381184,401.28515625
11913,381216,401.28515625
11914,381248,401.28515625
11915,381280,401.28515625
11916,381312,401.28515625
11917,381344,401.28515625
11918,381376,401.28515625
11919,381408,401.28515625
11920,381440,401.28515625
11921,381472,401.28515625
11922,381504,401.28515625
11923,381536,401.28515625
11924,381568,401.28515625
11925,381600,401.28515625
11926,381632,401.28515625
11927,381664,401.28515625
11928,381696,401.28515625
11929,381728,401.28515625
11930,381760,401.28515625
11931,381792,401.28515625
11932,381824,401.28515625
11933,381856,401.28515625
11934,381888,401.28515625
11935,381920,401.28515625
11936,381952,401.28515625
11937,381984,401.28515625
11938,382016,401.28515625
11939,382048,401.28515625
11940,382080,401.28515625
11941,382112,401.28515625
11942,382144,401.28515625
11943,382176,401.28515625
11944,382208,401.28515625
11945,382240,401.28515625
11946,382272,401.28515625
11947,382304,401.28515625
11948,382336,401.28515625
11949,382368,401.28515625
11950,382400,401.28515625
11951,382432,401.28515625
11952,382464,401.28515625
11953,382496,401.28515625
11954,382528,401.28515625
11955,382560,401.28515625
11956,382592,401.28515625
11957,382624,401.28515625
11958,382656,401.28515625
11959,382688,401.28515625
11960,382720,401.28515625
11961,382752,401.28515625
11962,382784,401.28515625
11963,382816,401.28515625
11964,382848,401.28515625
11965,382880,401.28515625
11966,382912,401.28515625
11967,382944,401.28515625
11968,382976,401.28515625
11969,383008,401.28515625
11970,383040,401.28515625
11971,383072,401.28515625
11972,383104,401.28515625
11973,383136,401.28515625
11974,383168,401.28515625
11975,383200,401.28515625
11976,383232,401.28515625
11977,383264,401.28515625
11978,383296,401.28515625
11979,383328,401.28515625
11980,383360,401.28515625
11981,383392,401.28515625
11982,383424,401.28515625
11983,383456,401.28515625
11984,383488,401.28515625
11985,383520,401.28515625
11986,383552,401.28515625
11987,383584,401.28515625
11988,383616,401.28515625
11989,383648,401.28515625
11990,383680,401.28515625
11991,383712,401.28515625
11992,383744,401.28515625
11993,383776,401.28515625
11994,383808,401.28515625
11995,383840,401.28515625
11996,383872,401.28515625
11997,383904,401.28515625
11998,383936,401.28515625
11999,383968,401.28515625
12000,384000,401.28515625
12001,384032,401.28515625
12002,384064,401.28515625
12003,384096,401.28515625
12004,384128,401.28515625
12005,384160,401.28515625
12006,384192,401.28515625
12007,384224,401.28515625
12008,384256,401.28515625
12009,384288,401.28515625
12010,384320,401.28515625
12011,384352,401.28515625
12012,384384,401.28515625
12013,384416,401.28515625
12014,384448,401.28515625
12015,384480,401.28515625
12016,384512,401.28515625
12017,384544,401.28515625
12018,384576,401.28515625
12019,384608,401.28515625
12020,384640,401.28515625
12021,384672,401.28515625
12022,384704,401.28515625
12023,384736,401.28515625
12024,384768,401.28515625
12025,384800,401.28515625
12026,384832,401.28515625
12027,384864,401.28515625
12028,384896,401.28515625
12029,384928,401.28515625
12030,384960,401.28515625
12031,384992,401.28515625
12032,385024,401.28515625
12033,385056,401.28515625
12034,385088,401.28515625
12035,385120,401.28515625
12036,385152,401.28515625
12037,385184,401.28515625
12038,385216,401.28515625
12039,385248,401.28515625
12040,385280,401.28515625
12041,385312,401.28515625
12042,385344,401.28515625
12043,385376,401.28515625
12044,385408,401.28515625
12045,385440,401.28515625
12046,385472,401.28515625
12047,385504,401.28515625
12048,385536,401.28515625
12049,385568,401.28515625
12050,385600,401.28515625
12051,385632,401.28515625
12052,385664,401.28515625
12053,385696,401.28515625
12054,385728,401.28515625
12055,385760,401.28515625
12056,385792,401.28515625
12057,385824,401.28515625
12058,385856,401.28515625
12059,385888,401.28515625
12060,385920,401.28515625
12061,385952,401.28515625
12062,385984,401.28515625
12063,386016,401.28515625
12064,386048,401.28515625
12065,386080,401.28515625
12066,386112,401.28515625
12067,386144,401.28515625
12068,386176,401.28515625
12069,386208,401.28515625
12070,386240,401.28515625
12071,386272,401.28515625
12072,386304,401.28515625
12073,386336,401.28515625
12074,386368,401.28515625
12075,386400,401.28515625
12076,386432,401.28515625
12077,386464,401.28515625
12078,386496,401.28515625
12079,386528,401.28515625
12080,386560,401.28515625
12081,386592,401.28515625
12082,386624,401.28515625
12083,386656,401.28515625
12084,386688,401.28515625
12085,386720,401.28515625
12086,386752,401.28515625
12087,386784,401.28515625
12088,386816,401.28515625
12089,386848,401.28515625
12090,386880,401.28515625
12091,386912,401.28515625
12092,386944,401.28515625
12093,386976,401.28515625
12094,387008,401.28515625
12095,387040,401.28515625
12096,387072,401.28515625
12097,387104,401.28515625
12098,387136,401.28515625
12099,387168,401.28515625
12100,387200,401.28515625
12101,387232,401.28515625
12102,387264,401.28515625
12103,387296,401.28515625
12104,387328,401.28515625
12105,387360,401.28515625
12106,387392,401.28515625
12107,387424,401.28515625
12108,387456,401.28515625
12109,387488,401.28515625
12110,387520,401.28515625
12111,387552,401.28515625
12112,387584,401.28515625
12113,387616,401.28515625
12114,387648,401.28515625
12115,387680,401.28515625
12116,387712,401.28515625
12117,387744,401.28515625
12118,387776,401.28515625
12119,387808,401.28515625
12120,387840,401.28515625
12121,387872,401.28515625
12122,387904,401.28515625
12123,387936,401.28515625
12124,387968,401.28515625
12125,388000,401.28515625
12126,388032,401.28515625
12127,388064,401.28515625
12128,388096,401.28515625
12129,388128,401.28515625
12130,388160,401.28515625
12131,388192,401.28515625
12132,388224,401.28515625
12133,388256,401.28515625
12134,388288,401.28515625
12135,388320,401.28515625
12136,388352,401.28515625
12137,388384,401.28515625
12138,388416,401.28515625
12139,388448,401.28515625
12140,388480,401.28515625
12141,388512,401.28515625
12142,388544,401.28515625
12143,388576,401.28515625
12144,388608,401.28515625
12145,388640,401.28515625
12146,388672,401.28515625
12147,388704,401.28515625
12148,388736,401.28515625
12149,388768,401.28515625
12150,388800,401.28515625
12151,388832,401.28515625
12152,388864,401.28515625
12153,388896,401.28515625
12154,388928,401.28515625
12155,388960,401.28515625
12156,388992,401.28515625
12157,389024,401.28515625
12158,389056,401.28515625
12159,389088,401.28515625
12160,389120,401.28515625
12161,389152,401.28515625
12162,389184,401.28515625
12163,389216,401.28515625
12164,389248,401.28515625
12165,389280,401.28515625
12166,389312,401.28515625
12167,389344,401.28515625
12168,389376,401.28515625
12169,389408,401.28515625
12170,389440,401.28515625
12171,389472,401.28515625
12172,389504,401.28515625
12173,389536,401.28515625
12174,389568,401.28515625
12175,389600,401.28515625
12176,389632,401.28515625
12177,389664,401.28515625
12178,389696,401.28515625
12179,389728,401.28515625
12180,389760,401.28515625
12181,389792,401.28515625
12182,389824,401.28515625
12183,389856,401.28515625
12184,389888,401.28515625
12185,389920,401.28515625
12186,389952,401.28515625
12187,389984,401.28515625
12188,390016,401.28515625
12189,390048,401.28515625
12190,390080,401.28515625
12191,390112,401.28515625
12192,390144,401.28515625
12193,390176,401.28515625
12194,390208,401.28515625
12195,390240,401.28515625
12196,390272,401.28515625
12197,390304,401.28515625
12198,390336,401.28515625
12199,390368,401.28515625
12200,390400,401.28515625
12201,390432,401.28515625
12202,390464,401.28515625
12203,390496,401.28515625
12204,390528,401.28515625
12205,390560,401.28515625
12206,390592,401.28515625
12207,390624,401.28515625
12208,390656,401.28515625
12209,390688,401.28515625
12210,390720,401.28515625
12211,390752,401.28515625
12212,390784,401.28515625
12213,390816,401.28515625
12214,390848,401.28515625
12215,390880,401.28515625
12216,390912,401.28515625
12217,390944,401.28515625
12218,390976,401.28515625
12219,391008,401.28515625
12220,391040,401.28515625
12221,391072,401.28515625
12222,391104,401.28515625
12223,391136,401.28515625
12224,391168,401.34765625
12225,391200,401.34765625
12226,391232,401.34765625
12227,391264,401.34765625
12228,391296,401.34765625
12229,391328,401.34765625
12230,391360,401.34765625
12231,391392,401.34765625
12232,391424,401.34765625
12233,391456,401.34765625
12234,391488,401.34765625
12235,391520,401.34765625
12236,391552,401.34765625
12237,391584,401.34765625
12238,391616,401.34765625
12239,391648,401.34765625
12240,391680,401.34765625
12241,391712,401.34765625
12242,391744,401.34765625
12243,391776,401.34765625
12244,391808,401.34765625
12245,391840,401.34765625
12246,391872,401.34765625
12247,391904,401.34765625
12248,391936,401.34765625
12249,391968,401.34765625
12250,392000,401.34765625
12251,392032,401.34765625
12252,392064,401.34765625
12253,392096,401.34765625
12254,392128,401.34765625
12255,392160,401.34765625
12256,392192,401.34765625
12257,392224,401.34765625
12258,392256,401.34765625
12259,392288,401.34765625
12260,392320,401.34765625
12261,392352,401.34765625
12262,392384,401.34765625
12263,392416,401.34765625
12264,392448,401.34765625
12265,392480,401.34765625
12266,392512,401.34765625
12267,392544,401.34765625
12268,392576,401.34765625
12269,392608,401.34765625
12270,392640,401.34765625
12271,392672,401.34765625
12272,392704,401.34765625
12273,392736,401.34765625
12274,392768,401.34765625
12275,392800,401.34765625
12276,392832,401.34765625
12277,392864,401.34765625
12278,392896,401.34765625
12279,392928,401.34765625
12280,392960,401.34765625
12281,392992,401.34765625
12282,393024,401.34765625
12283,393056,401.34765625
12284,393088,401.34765625
12285,393120,401.34765625
12286,393152,401.34765625
12287,393184,401.34765625
12288,393216,401.34765625
12289,393248,401.34765625
12290,393280,401.34765625
12291,393312,401.34765625
12292,393344,401.34765625
12293,393376,401.34765625
12294,393408,401.34765625
12295,393440,401.34765625
12296,393472,401.34765625
12297,393504,401.34765625
12298,393536,401.34765625
12299,393568,401.34765625
12300,393600,401.34765625
12301,393632,401.34765625
12302,393664,401.34765625
12303,393696,401.34765625
12304,393728,401.34765625
12305,393760,401.34765625
12306,393792,401.34765625
12307,393824,401.34765625
12308,393856,401.34765625
12309,393888,401.34765625
12310,393920,401.34765625
12311,393952,401.34765625
12312,393984,401.34765625
12313,394016,401.34765625
12314,394048,401.34765625
12315,394080,401.34765625
12316,394112,401.34765625
12317,394144,401.34765625
12318,394176,401.34765625
12319,394208,401.34765625
12320,394240,401.34765625
12321,394272,401.34765625
12322,394304,401.34765625
12323,394336,401.34765625
12324,394368,401.34765625
12325,394400,401.34765625
12326,394432,401.34765625
12327,394464,401.34765625
12328,394496,401.34765625
12329,394528,401.34765625
12330,394560,401.34765625
12331,394592,401.34765625
12332,394624,401.34765625
12333,394656,401.34765625
12334,394688,401.34765625
12335,394720,401.34765625
12336,394752,401.34765625
12337,394784,401.34765625
12338,394816,401.34765625
12339,394848,401.34765625
12340,394880,401.34765625
12341,394912,401.34765625
12342,394944,401.34765625
12343,394976,401.34765625
12344,395008,401.34765625
12345,395040,401.34765625
12346,395072,401.34765625
12347,395104,401.34765625
12348,395136,401.34765625
12349,395168,401.34765625
12350,395200,401.34765625
12351,395232,401.34765625
12352,395264,401.34765625
12353,395296,401.34765625
12354,395328,401.34765625
12355,395360,401.34765625
12356,395392,401.34765625
12357,395424,401.34765625
12358,395456,401.34765625
12359,395488,401.34765625
12360,395520,401.34765625
12361,395552,401.34765625
12362,395584,401.34765625
12363,395616,401.34765625
12364,395648,401.34765625
12365,395680,401.34765625
12366,395712,401.34765625
12367,395744,401.34765625
12368,395776,401.34765625
12369,395808,401.34765625
12370,395840,401.34765625
12371,395872,401.34765625
12372,395904,401.34765625
12373,395936,401.34765625
12374,395968,401.34765625
12375,396000,401.34765625
12376,396032,401.34765625
12377,396064,401.34765625
12378,396096,401.34765625
12379,396128,401.34765625
12380,396160,401.34765625
12381,396192,401.34765625
12382,396224,401.34765625
12383,396256,401.34765625
12384,396288,401.34765625
12385,396320,401.34765625
12386,396352,401.34765625
12387,396384,401.34765625
12388,396416,401.34765625
12389,396448,401.34765625
12390,396480,401.34765625
12391,396512,401.34765625
12392,396544,401.34765625
12393,396576,401.34765625
12394,396608,401.34765625
12395,396640,401.34765625
12396,396672,401.34765625
12397,396704,401.34765625
12398,396736,401.34765625
12399,396768,401.34765625
12400,396800,401.34765625
12401,396832,401.34765625
12402,396864,401.34765625
12403,396896,401.34765625
12404,396928,401.34765625
12405,396960,401.34765625
12406,396992,401.34765625
12407,397024,401.34765625
12408,397056,401.34765625
12409,397088,401.34765625
12410,397120,401.34765625
12411,397152,401.34765625
12412,397184,401.34765625
12413,397216,401.34765625
12414,397248,401.34765625
12415,397280,401.34765625
12416,397312,401.34765625
12417,397344,401.34765625
12418,397376,401.34765625
12419,397408,401.34765625
12420,397440,401.34765625
12421,397472,401.34765625
12422,397504,401.34765625
12423,397536,401.34765625
12424,397568,401.34765625
12425,397600,401.34765625
12426,397632,401.34765625
12427,397664,401.34765625
12428,397696,401.34765625
12429,397728,401.34765625
12430,397760,401.34765625
12431,397792,401.34765625
12432,397824,401.34765625
12433,397856,401.34765625
12434,397888,401.34765625
12435,397920,401.34765625
12436,397952,401.34765625
12437,397984,401.34765625
12438,398016,401.34765625
12439,398048,401.34765625
12440,398080,401.34765625
12441,398112,401.34765625
12442,398144,401.34765625
12443,398176,401.34765625
12444,398208,401.34765625
12445,398240,401.34765625
12446,398272,401.34765625
12447,398304,401.34765625
12448,398336,401.34765625
12449,398368,401.34765625
12450,398400,401.34765625
12451,398432,401.34765625
12452,398464,401.34765625
12453,398496,401.34765625
12454,398528,401.34765625
12455,398560,401.34765625
12456,398592,401.34765625
12457,398624,401.34765625
12458,398656,401.34765625
12459,398688,401.34765625
12460,398720,401.34765625
12461,398752,401.34765625
12462,398784,401.34765625
12463,398816,401.34765625
12464,398848,401.34765625
12465,398880,401.34765625
12466,398912,401.34765625
12467,398944,401.34765625
12468,398976,401.34765625
12469,399008,401.34765625
12470,399040,401.34765625
12471,399072,401.34765625
12472,399104,401.34765625
12473,399136,401.34765625
12474,399168,401.34765625
12475,399200,401.34765625
12476,399232,401.34765625
12477,399264,401.34765625
12478,399296,401.34765625
12479,399328,401.34765625
12480,399360,401.34765625
12481,399392,401.34765625
12482,399424,401.34765625
12483,399456,401.34765625
12484,399488,401.34765625
12485,399520,401.34765625
12486,399552,401.34765625
12487,399584,401.34765625
12488,399616,401.34765625
12489,399648,401.34765625
12490,399680,401.34765625
12491,399712,401.34765625
12492,399744,401.34765625
12493,399776,401.34765625
12494,399808,401.34765625
12495,399840,401.34765625
12496,399872,401.34765625
12497,399904,401.34765625
12498,399936,401.34765625
12499,399968,401.34765625
12500,400000,404.625
